$MeshFormat
4.1 0 8
$EndMeshFormat
$PhysicalNames
2
1 2 "c"
2 1 "Volume"
$EndPhysicalNames
$Entities
104 104 1 0
1 3.856725658119236 -4.596266658713868 0 0 
2 4.137717262414019 -4.345031168624804 0 0 
3 4.402379187017258 -4.076647825569099 0 0 
4 4.649666932225077 -3.792175815989105 0 0 
5 4.878604566282166 -3.492737820943736 0 0 
6 5.088288576938556 -3.179515585399229 0 0 
7 5.277891437199699 -2.853745254421652 0 0 
8 5.446664871197452 -2.516712494677062 0 0 
9 5.593942807293073 -2.169747420492554 0 0 
10 5.719144006757682 -1.814219344502666 0 0 
11 5.821774357655979 -1.451531373598006 0 0 
12 5.901428824880315 -1.08311487150336 0 0 
13 5.957793048639221 -0.7104238098390057 0 0 
14 5.990644585091886 -0.3349290299589827 0 0 
15 5.99985378423237 0.04188756178776964 0 0 
16 5.985384301558945 0.4185388424647511 0 0 
17 5.94729324150925 0.7935383415427353 0 0 
18 5.88573093209515 1.165406107319833 0 0 
19 5.800940331626757 1.532674547614744 0 0 
20 5.69325606986698 1.893894221682614 0 0 
21 5.563103127400724 2.247639560495472 0 0 
22 5.410995158430682 2.592514492811894 0 0 
23 5.237532463618858 2.927157954832395 0 0 
24 5.043399620974106 3.250249261696438 0 0 
25 4.829362784135485 3.560513319622208 0 0 
26 4.596266658713868 3.856725658119236 0 0 
27 4.345031168624804 4.137717262414019 0 0 
28 4.076647825569099 4.402379187017258 0 0 
29 3.792175815989105 4.649666932225077 0 0 
30 3.492737820943736 4.878604566282166 0 0 
31 3.179515585399231 5.088288576938554 0 0 
32 2.853745254421653 5.277891437199699 0 0 
33 2.516712494677061 5.446664871197452 0 0 
34 2.169747420492553 5.593942807293073 0 0 
35 1.814219344502666 5.719144006757682 0 0 
36 1.451531373598006 5.821774357655979 0 0 
37 1.08311487150336 5.901428824880316 0 0 
38 0.7104238098390048 5.957793048639221 0 0 
39 0.3349290299589844 5.990644585091886 0 0 
40 -0.04188756178776831 5.99985378423237 0 0 
41 -0.4185388424647511 5.985384301558945 0 0 
42 -0.7935383415427322 5.947293241509251 0 0 
43 -1.165406107319833 5.88573093209515 0 0 
44 -1.532674547614742 5.800940331626757 0 0 
45 -1.893894221682614 5.69325606986698 0 0 
46 -2.247639560495472 5.563103127400725 0 0 
47 -2.592514492811891 5.410995158430683 0 0 
48 -2.927157954832396 5.237532463618858 0 0 
49 -3.250249261696438 5.043399620974106 0 0 
50 -3.560513319622207 4.829362784135485 0 0 
51 -3.856725658119236 4.596266658713869 0 0 
52 -4.137717262414018 4.345031168624804 0 0 
53 -4.402379187017258 4.076647825569099 0 0 
54 -4.649666932225077 3.792175815989104 0 0 
55 -4.878604566282165 3.492737820943737 0 0 
56 -5.088288576938556 3.17951558539923 0 0 
57 -5.277891437199699 2.853745254421652 0 0 
58 -5.446664871197451 2.516712494677065 0 0 
59 -5.593942807293073 2.169747420492553 0 0 
60 -5.719144006757682 1.814219344502668 0 0 
61 -5.821774357655978 1.451531373598009 0 0 
62 -5.901428824880315 1.08311487150336 0 0 
63 -5.957793048639221 0.7104238098390074 0 0 
64 -5.990644585091886 0.3349290299589827 0 0 
65 -5.999853784232368 -0.04188756178777053 0 0 
66 -5.985384301558945 -0.4185388424647511 0 0 
67 -5.94729324150925 -0.7935383415427371 0 0 
68 -5.88573093209515 -1.165406107319832 0 0 
69 -5.800940331626755 -1.532674547614747 0 0 
70 -5.693256069866979 -1.893894221682616 0 0 
71 -5.563103127400725 -2.247639560495472 0 0 
72 -5.410995158430682 -2.592514492811896 0 0 
73 -5.237532463618858 -2.927157954832396 0 0 
74 -5.043399620974107 -3.250249261696438 0 0 
75 -4.829362784135483 -3.560513319622209 0 0 
76 -4.596266658713869 -3.856725658119236 0 0 
77 -4.345031168624806 -4.137717262414016 0 0 
78 -4.076647825569099 -4.402379187017258 0 0 
79 -3.792175815989106 -4.649666932225076 0 0 
80 -3.492737820943735 -4.878604566282167 0 0 
81 -3.179515585399231 -5.088288576938555 0 0 
82 -2.853745254421653 -5.277891437199697 0 0 
83 -2.516712494677067 -5.44666487119745 0 0 
84 -2.16974742049255 -5.593942807293074 0 0 
85 -1.814219344502666 -5.719144006757682 0 0 
86 -1.451531373598008 -5.821774357655979 0 0 
87 -1.083114871503363 -5.901428824880315 0 0 
88 -0.7104238098390105 -5.957793048639221 0 0 
89 -0.3349290299589849 -5.990644585091886 0 0 
90 0.04188756178777009 -5.999853784232369 0 0 
91 0.4185388424647507 -5.985384301558947 0 0 
92 0.7935383415427313 -5.94729324150925 0 0 
93 1.165406107319827 -5.88573093209515 0 0 
94 1.532674547614741 -5.800940331626757 0 0 
95 1.893894221682616 -5.69325606986698 0 0 
96 2.247639560495471 -5.563103127400725 0 0 
97 2.59251449281189 -5.410995158430684 0 0 
98 2.927157954832396 -5.237532463618858 0 0 
99 3.250249261696438 -5.043399620974107 0 0 
100 3.560513319622209 -4.829362784135483 0 0 
101 0.6427876096865394 -0.766044443118978 0 0 
102 0.3367146937056492 -0.3701664693657582 0 0 
103 0 0 0 0 
104 0.3060729159808901 -0.3958779737532198 0 0 
1 3.856725658119236 -4.596266658713868 0 4.137717262414019 -4.345031168624804 0 1 2 2 1 -2 
2 4.137717262414019 -4.345031168624804 0 4.402379187017258 -4.076647825569099 0 1 2 2 2 -3 
3 4.402379187017258 -4.076647825569099 0 4.649666932225077 -3.792175815989105 0 1 2 2 3 -4 
4 4.649666932225077 -3.792175815989105 0 4.878604566282166 -3.492737820943736 0 1 2 2 4 -5 
5 4.878604566282166 -3.492737820943736 0 5.088288576938556 -3.179515585399229 0 1 2 2 5 -6 
6 5.088288576938556 -3.179515585399229 0 5.277891437199699 -2.853745254421652 0 1 2 2 6 -7 
7 5.277891437199699 -2.853745254421652 0 5.446664871197452 -2.516712494677062 0 1 2 2 7 -8 
8 5.446664871197452 -2.516712494677062 0 5.593942807293073 -2.169747420492554 0 1 2 2 8 -9 
9 5.593942807293073 -2.169747420492554 0 5.719144006757682 -1.814219344502666 0 1 2 2 9 -10 
10 5.719144006757682 -1.814219344502666 0 5.821774357655979 -1.451531373598006 0 1 2 2 10 -11 
11 5.821774357655979 -1.451531373598006 0 5.901428824880315 -1.08311487150336 0 1 2 2 11 -12 
12 5.901428824880315 -1.08311487150336 0 5.957793048639221 -0.7104238098390057 0 1 2 2 12 -13 
13 5.957793048639221 -0.7104238098390057 0 5.990644585091886 -0.3349290299589827 0 1 2 2 13 -14 
14 5.990644585091886 -0.3349290299589827 0 5.99985378423237 0.04188756178776964 0 1 2 2 14 -15 
15 5.985384301558945 0.04188756178776964 0 5.99985378423237 0.4185388424647511 0 1 2 2 15 -16 
16 5.94729324150925 0.4185388424647511 0 5.985384301558945 0.7935383415427353 0 1 2 2 16 -17 
17 5.88573093209515 0.7935383415427353 0 5.94729324150925 1.165406107319833 0 1 2 2 17 -18 
18 5.800940331626757 1.165406107319833 0 5.88573093209515 1.532674547614744 0 1 2 2 18 -19 
19 5.69325606986698 1.532674547614744 0 5.800940331626757 1.893894221682614 0 1 2 2 19 -20 
20 5.563103127400724 1.893894221682614 0 5.69325606986698 2.247639560495472 0 1 2 2 20 -21 
21 5.410995158430682 2.247639560495472 0 5.563103127400724 2.592514492811894 0 1 2 2 21 -22 
22 5.237532463618858 2.592514492811894 0 5.410995158430682 2.927157954832395 0 1 2 2 22 -23 
23 5.043399620974106 2.927157954832395 0 5.237532463618858 3.250249261696438 0 1 2 2 23 -24 
24 4.829362784135485 3.250249261696438 0 5.043399620974106 3.560513319622208 0 1 2 2 24 -25 
25 4.596266658713868 3.560513319622208 0 4.829362784135485 3.856725658119236 0 1 2 2 25 -26 
26 4.345031168624804 3.856725658119236 0 4.596266658713868 4.137717262414019 0 1 2 2 26 -27 
27 4.076647825569099 4.137717262414019 0 4.345031168624804 4.402379187017258 0 1 2 2 27 -28 
28 3.792175815989105 4.402379187017258 0 4.076647825569099 4.649666932225077 0 1 2 2 28 -29 
29 3.492737820943736 4.649666932225077 0 3.792175815989105 4.878604566282166 0 1 2 2 29 -30 
30 3.179515585399231 4.878604566282166 0 3.492737820943736 5.088288576938554 0 1 2 2 30 -31 
31 2.853745254421653 5.088288576938554 0 3.179515585399231 5.277891437199699 0 1 2 2 31 -32 
32 2.516712494677061 5.277891437199699 0 2.853745254421653 5.446664871197452 0 1 2 2 32 -33 
33 2.169747420492553 5.446664871197452 0 2.516712494677061 5.593942807293073 0 1 2 2 33 -34 
34 1.814219344502666 5.593942807293073 0 2.169747420492553 5.719144006757682 0 1 2 2 34 -35 
35 1.451531373598006 5.719144006757682 0 1.814219344502666 5.821774357655979 0 1 2 2 35 -36 
36 1.08311487150336 5.821774357655979 0 1.451531373598006 5.901428824880316 0 1 2 2 36 -37 
37 0.7104238098390048 5.901428824880316 0 1.08311487150336 5.957793048639221 0 1 2 2 37 -38 
38 0.3349290299589844 5.957793048639221 0 0.7104238098390048 5.990644585091886 0 1 2 2 38 -39 
39 -0.04188756178776831 5.990644585091886 0 0.3349290299589844 5.99985378423237 0 1 2 2 39 -40 
40 -0.4185388424647511 5.985384301558945 0 -0.04188756178776831 5.99985378423237 0 1 2 2 40 -41 
41 -0.7935383415427322 5.947293241509251 0 -0.4185388424647511 5.985384301558945 0 1 2 2 41 -42 
42 -1.165406107319833 5.88573093209515 0 -0.7935383415427322 5.947293241509251 0 1 2 2 42 -43 
43 -1.532674547614742 5.800940331626757 0 -1.165406107319833 5.88573093209515 0 1 2 2 43 -44 
44 -1.893894221682614 5.69325606986698 0 -1.532674547614742 5.800940331626757 0 1 2 2 44 -45 
45 -2.247639560495472 5.563103127400725 0 -1.893894221682614 5.69325606986698 0 1 2 2 45 -46 
46 -2.592514492811891 5.410995158430683 0 -2.247639560495472 5.563103127400725 0 1 2 2 46 -47 
47 -2.927157954832396 5.237532463618858 0 -2.592514492811891 5.410995158430683 0 1 2 2 47 -48 
48 -3.250249261696438 5.043399620974106 0 -2.927157954832396 5.237532463618858 0 1 2 2 48 -49 
49 -3.560513319622207 4.829362784135485 0 -3.250249261696438 5.043399620974106 0 1 2 2 49 -50 
50 -3.856725658119236 4.596266658713869 0 -3.560513319622207 4.829362784135485 0 1 2 2 50 -51 
51 -4.137717262414018 4.345031168624804 0 -3.856725658119236 4.596266658713869 0 1 2 2 51 -52 
52 -4.402379187017258 4.076647825569099 0 -4.137717262414018 4.345031168624804 0 1 2 2 52 -53 
53 -4.649666932225077 3.792175815989104 0 -4.402379187017258 4.076647825569099 0 1 2 2 53 -54 
54 -4.878604566282165 3.492737820943737 0 -4.649666932225077 3.792175815989104 0 1 2 2 54 -55 
55 -5.088288576938556 3.17951558539923 0 -4.878604566282165 3.492737820943737 0 1 2 2 55 -56 
56 -5.277891437199699 2.853745254421652 0 -5.088288576938556 3.17951558539923 0 1 2 2 56 -57 
57 -5.446664871197451 2.516712494677065 0 -5.277891437199699 2.853745254421652 0 1 2 2 57 -58 
58 -5.593942807293073 2.169747420492553 0 -5.446664871197451 2.516712494677065 0 1 2 2 58 -59 
59 -5.719144006757682 1.814219344502668 0 -5.593942807293073 2.169747420492553 0 1 2 2 59 -60 
60 -5.821774357655978 1.451531373598009 0 -5.719144006757682 1.814219344502668 0 1 2 2 60 -61 
61 -5.901428824880315 1.08311487150336 0 -5.821774357655978 1.451531373598009 0 1 2 2 61 -62 
62 -5.957793048639221 0.7104238098390074 0 -5.901428824880315 1.08311487150336 0 1 2 2 62 -63 
63 -5.990644585091886 0.3349290299589827 0 -5.957793048639221 0.7104238098390074 0 1 2 2 63 -64 
64 -5.999853784232368 -0.04188756178777053 0 -5.990644585091886 0.3349290299589827 0 1 2 2 64 -65 
65 -5.999853784232368 -0.4185388424647511 0 -5.985384301558945 -0.04188756178777053 0 1 2 2 65 -66 
66 -5.985384301558945 -0.7935383415427371 0 -5.94729324150925 -0.4185388424647511 0 1 2 2 66 -67 
67 -5.94729324150925 -1.165406107319832 0 -5.88573093209515 -0.7935383415427371 0 1 2 2 67 -68 
68 -5.88573093209515 -1.532674547614747 0 -5.800940331626755 -1.165406107319832 0 1 2 2 68 -69 
69 -5.800940331626755 -1.893894221682616 0 -5.693256069866979 -1.532674547614747 0 1 2 2 69 -70 
70 -5.693256069866979 -2.247639560495472 0 -5.563103127400725 -1.893894221682616 0 1 2 2 70 -71 
71 -5.563103127400725 -2.592514492811896 0 -5.410995158430682 -2.247639560495472 0 1 2 2 71 -72 
72 -5.410995158430682 -2.927157954832396 0 -5.237532463618858 -2.592514492811896 0 1 2 2 72 -73 
73 -5.237532463618858 -3.250249261696438 0 -5.043399620974107 -2.927157954832396 0 1 2 2 73 -74 
74 -5.043399620974107 -3.560513319622209 0 -4.829362784135483 -3.250249261696438 0 1 2 2 74 -75 
75 -4.829362784135483 -3.856725658119236 0 -4.596266658713869 -3.560513319622209 0 1 2 2 75 -76 
76 -4.596266658713869 -4.137717262414016 0 -4.345031168624806 -3.856725658119236 0 1 2 2 76 -77 
77 -4.345031168624806 -4.402379187017258 0 -4.076647825569099 -4.137717262414016 0 1 2 2 77 -78 
78 -4.076647825569099 -4.649666932225076 0 -3.792175815989106 -4.402379187017258 0 1 2 2 78 -79 
79 -3.792175815989106 -4.878604566282167 0 -3.492737820943735 -4.649666932225076 0 1 2 2 79 -80 
80 -3.492737820943735 -5.088288576938555 0 -3.179515585399231 -4.878604566282167 0 1 2 2 80 -81 
81 -3.179515585399231 -5.277891437199697 0 -2.853745254421653 -5.088288576938555 0 1 2 2 81 -82 
82 -2.853745254421653 -5.44666487119745 0 -2.516712494677067 -5.277891437199697 0 1 2 2 82 -83 
83 -2.516712494677067 -5.593942807293074 0 -2.16974742049255 -5.44666487119745 0 1 2 2 83 -84 
84 -2.16974742049255 -5.719144006757682 0 -1.814219344502666 -5.593942807293074 0 1 2 2 84 -85 
85 -1.814219344502666 -5.821774357655979 0 -1.451531373598008 -5.719144006757682 0 1 2 2 85 -86 
86 -1.451531373598008 -5.901428824880315 0 -1.083114871503363 -5.821774357655979 0 1 2 2 86 -87 
87 -1.083114871503363 -5.957793048639221 0 -0.7104238098390105 -5.901428824880315 0 1 2 2 87 -88 
88 -0.7104238098390105 -5.990644585091886 0 -0.3349290299589849 -5.957793048639221 0 1 2 2 88 -89 
89 -0.3349290299589849 -5.999853784232369 0 0.04188756178777009 -5.990644585091886 0 1 2 2 89 -90 
90 0.04188756178777009 -5.999853784232369 0 0.4185388424647507 -5.985384301558947 0 1 2 2 90 -91 
91 0.4185388424647507 -5.985384301558947 0 0.7935383415427313 -5.94729324150925 0 1 2 2 91 -92 
92 0.7935383415427313 -5.94729324150925 0 1.165406107319827 -5.88573093209515 0 1 2 2 92 -93 
93 1.165406107319827 -5.88573093209515 0 1.532674547614741 -5.800940331626757 0 1 2 2 93 -94 
94 1.532674547614741 -5.800940331626757 0 1.893894221682616 -5.69325606986698 0 1 2 2 94 -95 
95 1.893894221682616 -5.69325606986698 0 2.247639560495471 -5.563103127400725 0 1 2 2 95 -96 
96 2.247639560495471 -5.563103127400725 0 2.59251449281189 -5.410995158430684 0 1 2 2 96 -97 
97 2.59251449281189 -5.410995158430684 0 2.927157954832396 -5.237532463618858 0 1 2 2 97 -98 
98 2.927157954832396 -5.237532463618858 0 3.250249261696438 -5.043399620974107 0 1 2 2 98 -99 
99 3.250249261696438 -5.043399620974107 0 3.560513319622209 -4.829362784135483 0 1 2 2 99 -100 
100 3.560513319622209 -4.829362784135483 0 3.856725658119236 -4.596266658713868 0 1 2 2 100 -1 
101 0.3367146937056492 -0.766044443118978 0 0.6427876096865394 -0.3701664693657582 0 1 3 2 101 -102 
102 0 -0.3701664693657582 0 0.3367146937056492 0 0 1 3 2 102 -103 
103 0 -0.3958779737532198 0 0.3060729159808901 0 0 1 3 2 103 -104 
104 0.3060729159808901 -0.766044443118978 0 0.6427876096865394 -0.3958779737532198 0 1 3 2 104 -101 
1 -5.999853784232368 -5.99985378423237 0 5.99985378423237 5.99985378423237 0 1 1 104 1 2 3 4 5 6 7 8 9 10 11 12 13 14 15 16 17 18 19 20 21 22 23 24 25 26 27 28 29 30 31 32 33 34 35 36 37 38 39 40 41 42 43 44 45 46 47 48 49 50 51 52 53 54 55 56 57 58 59 60 61 62 63 64 65 66 67 68 69 70 71 72 73 74 75 76 77 78 79 80 81 82 83 84 85 86 87 88 89 90 91 92 93 94 95 96 97 98 99 100 -104 -103 -102 -101 
$EndEntities
$Nodes
209 4916 1 4916
0 1 0 1
1
3.856725658119236 -4.596266658713868 0
0 2 0 1
2
4.137717262414019 -4.345031168624804 0
0 3 0 1
3
4.402379187017258 -4.076647825569099 0
0 4 0 1
4
4.649666932225077 -3.792175815989105 0
0 5 0 1
5
4.878604566282166 -3.492737820943736 0
0 6 0 1
6
5.088288576938556 -3.179515585399229 0
0 7 0 1
7
5.277891437199699 -2.853745254421652 0
0 8 0 1
8
5.446664871197452 -2.516712494677062 0
0 9 0 1
9
5.593942807293073 -2.169747420492554 0
0 10 0 1
10
5.719144006757682 -1.814219344502666 0
0 11 0 1
11
5.821774357655979 -1.451531373598006 0
0 12 0 1
12
5.901428824880315 -1.08311487150336 0
0 13 0 1
13
5.957793048639221 -0.7104238098390057 0
0 14 0 1
14
5.990644585091886 -0.3349290299589827 0
0 15 0 1
15
5.99985378423237 0.04188756178776964 0
0 16 0 1
16
5.985384301558945 0.4185388424647511 0
0 17 0 1
17
5.94729324150925 0.7935383415427353 0
0 18 0 1
18
5.88573093209515 1.165406107319833 0
0 19 0 1
19
5.800940331626757 1.532674547614744 0
0 20 0 1
20
5.69325606986698 1.893894221682614 0
0 21 0 1
21
5.563103127400724 2.247639560495472 0
0 22 0 1
22
5.410995158430682 2.592514492811894 0
0 23 0 1
23
5.237532463618858 2.927157954832395 0
0 24 0 1
24
5.043399620974106 3.250249261696438 0
0 25 0 1
25
4.829362784135485 3.560513319622208 0
0 26 0 1
26
4.596266658713868 3.856725658119236 0
0 27 0 1
27
4.345031168624804 4.137717262414019 0
0 28 0 1
28
4.076647825569099 4.402379187017258 0
0 29 0 1
29
3.792175815989105 4.649666932225077 0
0 30 0 1
30
3.492737820943736 4.878604566282166 0
0 31 0 1
31
3.179515585399231 5.088288576938554 0
0 32 0 1
32
2.853745254421653 5.277891437199699 0
0 33 0 1
33
2.516712494677061 5.446664871197452 0
0 34 0 1
34
2.169747420492553 5.593942807293073 0
0 35 0 1
35
1.814219344502666 5.719144006757682 0
0 36 0 1
36
1.451531373598006 5.821774357655979 0
0 37 0 1
37
1.08311487150336 5.901428824880316 0
0 38 0 1
38
0.7104238098390048 5.957793048639221 0
0 39 0 1
39
0.3349290299589844 5.990644585091886 0
0 40 0 1
40
-0.04188756178776831 5.99985378423237 0
0 41 0 1
41
-0.4185388424647511 5.985384301558945 0
0 42 0 1
42
-0.7935383415427322 5.947293241509251 0
0 43 0 1
43
-1.165406107319833 5.88573093209515 0
0 44 0 1
44
-1.532674547614742 5.800940331626757 0
0 45 0 1
45
-1.893894221682614 5.69325606986698 0
0 46 0 1
46
-2.247639560495472 5.563103127400725 0
0 47 0 1
47
-2.592514492811891 5.410995158430683 0
0 48 0 1
48
-2.927157954832396 5.237532463618858 0
0 49 0 1
49
-3.250249261696438 5.043399620974106 0
0 50 0 1
50
-3.560513319622207 4.829362784135485 0
0 51 0 1
51
-3.856725658119236 4.596266658713869 0
0 52 0 1
52
-4.137717262414018 4.345031168624804 0
0 53 0 1
53
-4.402379187017258 4.076647825569099 0
0 54 0 1
54
-4.649666932225077 3.792175815989104 0
0 55 0 1
55
-4.878604566282165 3.492737820943737 0
0 56 0 1
56
-5.088288576938556 3.17951558539923 0
0 57 0 1
57
-5.277891437199699 2.853745254421652 0
0 58 0 1
58
-5.446664871197451 2.516712494677065 0
0 59 0 1
59
-5.593942807293073 2.169747420492553 0
0 60 0 1
60
-5.719144006757682 1.814219344502668 0
0 61 0 1
61
-5.821774357655978 1.451531373598009 0
0 62 0 1
62
-5.901428824880315 1.08311487150336 0
0 63 0 1
63
-5.957793048639221 0.7104238098390074 0
0 64 0 1
64
-5.990644585091886 0.3349290299589827 0
0 65 0 1
65
-5.999853784232368 -0.04188756178777053 0
0 66 0 1
66
-5.985384301558945 -0.4185388424647511 0
0 67 0 1
67
-5.94729324150925 -0.7935383415427371 0
0 68 0 1
68
-5.88573093209515 -1.165406107319832 0
0 69 0 1
69
-5.800940331626755 -1.532674547614747 0
0 70 0 1
70
-5.693256069866979 -1.893894221682616 0
0 71 0 1
71
-5.563103127400725 -2.247639560495472 0
0 72 0 1
72
-5.410995158430682 -2.592514492811896 0
0 73 0 1
73
-5.237532463618858 -2.927157954832396 0
0 74 0 1
74
-5.043399620974107 -3.250249261696438 0
0 75 0 1
75
-4.829362784135483 -3.560513319622209 0
0 76 0 1
76
-4.596266658713869 -3.856725658119236 0
0 77 0 1
77
-4.345031168624806 -4.137717262414016 0
0 78 0 1
78
-4.076647825569099 -4.402379187017258 0
0 79 0 1
79
-3.792175815989106 -4.649666932225076 0
0 80 0 1
80
-3.492737820943735 -4.878604566282167 0
0 81 0 1
81
-3.179515585399231 -5.088288576938555 0
0 82 0 1
82
-2.853745254421653 -5.277891437199697 0
0 83 0 1
83
-2.516712494677067 -5.44666487119745 0
0 84 0 1
84
-2.16974742049255 -5.593942807293074 0
0 85 0 1
85
-1.814219344502666 -5.719144006757682 0
0 86 0 1
86
-1.451531373598008 -5.821774357655979 0
0 87 0 1
87
-1.083114871503363 -5.901428824880315 0
0 88 0 1
88
-0.7104238098390105 -5.957793048639221 0
0 89 0 1
89
-0.3349290299589849 -5.990644585091886 0
0 90 0 1
90
0.04188756178777009 -5.999853784232369 0
0 91 0 1
91
0.4185388424647507 -5.985384301558947 0
0 92 0 1
92
0.7935383415427313 -5.94729324150925 0
0 93 0 1
93
1.165406107319827 -5.88573093209515 0
0 94 0 1
94
1.532674547614741 -5.800940331626757 0
0 95 0 1
95
1.893894221682616 -5.69325606986698 0
0 96 0 1
96
2.247639560495471 -5.563103127400725 0
0 97 0 1
97
2.59251449281189 -5.410995158430684 0
0 98 0 1
98
2.927157954832396 -5.237532463618858 0
0 99 0 1
99
3.250249261696438 -5.043399620974107 0
0 100 0 1
100
3.560513319622209 -4.829362784135483 0
0 101 0 1
101
0.6427876096865394 -0.766044443118978 0
0 102 0 1
102
0.3367146937056492 -0.3701664693657582 0
0 103 0 1
103
0 0 0
0 104 0 1
104
0.3060729159808901 -0.3958779737532198 0
1 1 0 0
1 2 0 0
1 3 0 0
1 4 0 0
1 5 0 0
1 6 0 0
1 7 0 0
1 8 0 0
1 9 0 0
1 10 0 0
1 11 0 0
1 12 0 0
1 13 0 0
1 14 0 0
1 15 0 0
1 16 0 0
1 17 0 0
1 18 0 0
1 19 0 0
1 20 0 0
1 21 0 0
1 22 0 0
1 23 0 0
1 24 0 0
1 25 0 0
1 26 0 0
1 27 0 0
1 28 0 0
1 29 0 0
1 30 0 0
1 31 0 0
1 32 0 0
1 33 0 0
1 34 0 0
1 35 0 0
1 36 0 0
1 37 0 0
1 38 0 0
1 39 0 0
1 40 0 0
1 41 0 0
1 42 0 0
1 43 0 0
1 44 0 0
1 45 0 0
1 46 0 0
1 47 0 0
1 48 0 0
1 49 0 0
1 50 0 0
1 51 0 0
1 52 0 0
1 53 0 0
1 54 0 0
1 55 0 0
1 56 0 0
1 57 0 0
1 58 0 0
1 59 0 0
1 60 0 0
1 61 0 0
1 62 0 0
1 63 0 0
1 64 0 0
1 65 0 0
1 66 0 0
1 67 0 0
1 68 0 0
1 69 0 0
1 70 0 0
1 71 0 0
1 72 0 0
1 73 0 0
1 74 0 0
1 75 0 0
1 76 0 0
1 77 0 0
1 78 0 0
1 79 0 0
1 80 0 0
1 81 0 0
1 82 0 0
1 83 0 0
1 84 0 0
1 85 0 0
1 86 0 0
1 87 0 0
1 88 0 0
1 89 0 0
1 90 0 0
1 91 0 0
1 92 0 0
1 93 0 0
1 94 0 0
1 95 0 0
1 96 0 0
1 97 0 0
1 98 0 0
1 99 0 0
1 100 0 0
1 101 0 50
105
106
107
108
109
110
111
112
113
114
115
116
117
118
119
120
121
122
123
124
125
126
127
128
129
130
131
132
133
134
135
136
137
138
139
140
141
142
143
144
145
146
147
148
149
150
151
152
153
154
0.6367861799614261 -0.7582821299081334 0
0.6307847502363372 -0.7505198166973204 0
0.6247833205112444 -0.7427575034865024 0
0.6187818907861191 -0.7349951902756421 0
0.6127804610609957 -0.7272328770647845 0
0.6067790313359076 -0.7194705638539726 0
0.6007776016108396 -0.7117082506431864 0
0.5947761718857255 -0.7039459374323408 0
0.5887747421606025 -0.6961836242214836 0
0.5827733124354989 -0.6884213110106516 0
0.5767718827104305 -0.6806589977998649 0
0.5707704529853367 -0.6728966845890457 0
0.5647690232602076 -0.6651343713781805 0
0.558767593535081 -0.6573720581673188 0
0.5527661638100051 -0.6496097449565226 0
0.546764734084927 -0.6418474317457235 0
0.5407633043598152 -0.6340851185348809 0
0.5347618746346992 -0.6263228053240326 0
0.5287604449096032 -0.6185604921132104 0
0.5227590151845478 -0.6107981789024408 0
0.5167575854594252 -0.6030358656915842 0
0.5107561557343105 -0.5952735524807378 0
0.50475472600921 -0.5875112392699096 0
0.4987532962841158 -0.5797489260590898 0
0.4927518665590408 -0.5719866128482947 0
0.4867504368339022 -0.5642242996374174 0
0.4807490071087763 -0.5564619864265565 0
0.4747475773836685 -0.548699673215719 0
0.4687461476585312 -0.5409373600048433 0
0.462744717933402 -0.5331750467939782 0
0.4567432882082677 -0.5254127335831064 0
0.4507418584831435 -0.5176504203722476 0
0.4447404287580463 -0.5098881071614239 0
0.4387389990328829 -0.5021257939505144 0
0.4327375693077467 -0.4943634807396402 0
0.426736139582624 -0.4866011675287835 0
0.4207347098574972 -0.4788388543179213 0
0.4147332801323554 -0.4710765411070398 0
0.4087318504072183 -0.4633142278961645 0
0.402730420682089 -0.4555519146852991 0
0.396728990956969 -0.4477896014744458 0
0.3907275612318367 -0.4400272882635767 0
0.3847261315066944 -0.4322649750526946 0
0.3787247017815712 -0.4245026618418372 0
0.3727232720564361 -0.4167403486309644 0
0.3667218423313081 -0.4089780354201007 0
0.360720412606173 -0.4012157222092279 0
0.3547189828810393 -0.393453408998357 0
0.3487175531559123 -0.3856910957874946 0
0.3427161234307807 -0.3779287825766263 0
1 102 0 50
155
156
157
158
159
160
161
162
163
164
165
166
167
168
169
170
171
172
173
174
175
176
177
178
179
180
181
182
183
184
185
186
187
188
189
190
191
192
193
194
195
196
197
198
199
200
201
202
203
204
0.3301124448094652 -0.3629083032997686 0
0.323510195913291 -0.3556501372337899 0
0.3169079470171145 -0.3483919711678086 0
0.3103056981209328 -0.3411338051018216 0
0.3037034492247488 -0.333875639035832 0
0.2971012003285651 -0.3266174729698428 0
0.2904989514323943 -0.3193593069038678 0
0.2838967025362236 -0.3121011408378929 0
0.2772944536400601 -0.3048429747719258 0
0.2706922047439009 -0.2975848087059635 0
0.2640899558477374 -0.2903266426399965 0
0.2574877069515781 -0.2830684765740342 0
0.2508854580554064 -0.2758103105080582 0
0.2442832091592381 -0.2685521444420859 0
0.23768096026307 -0.2612939783761138 0
0.2310787113669007 -0.2540358123101404 0
0.2244764624707266 -0.2467776462441617 0
0.2178742135745531 -0.2395194801781838 0
0.211271964678382 -0.2322613141122084 0
0.2046697157822098 -0.2250031480462319 0
0.1980674668860412 -0.2177449819802593 0
0.1914652179898731 -0.2104868159142872 0
0.184862969093702 -0.2032286498483118 0
0.1782607201975273 -0.1959704837823324 0
0.1716584713013605 -0.1887123177163618 0
0.1650562224051704 -0.1814541516503656 0
0.1584539735089667 -0.1741959855843544 0
0.1518517246127611 -0.1669378195183412 0
0.1452494757165555 -0.1596796534523278 0
0.1386472268203453 -0.1524214873863095 0
0.1320449779241372 -0.1451633213202935 0
0.1254427290279302 -0.1379051552542787 0
0.1188404801317249 -0.1306469891882656 0
0.1122382312355178 -0.1233888231222507 0
0.1056359823393124 -0.1161306570562377 0
0.09903373344310282 -0.10887249099022 0
0.09243148454690508 -0.1016143249242153 0
0.085829235650692 -0.09435615885819387 0
0.07922698675447948 -0.08709799279217301 0
0.07262473785827545 -0.07983982672616141 0
0.06602248896207014 -0.07258166066014843 0
0.05942024006585744 -0.06532349459412734 0
0.05281799116964553 -0.05806532852810709 0
0.04621574227344555 -0.05080716246209999 0
0.03961349337723519 -0.04354899639608145 0
0.03301124448103532 -0.03629083033007452 0
0.02640899558483017 -0.0290326642640617 0
0.01980674668862231 -0.02177449819804594 0
0.01320449779241484 -0.01451633213203057 0
0.006602248896212748 -0.007258166066021143 0
1 103 0 50
205
206
207
208
209
210
211
212
213
214
215
216
217
218
219
220
221
222
223
224
225
226
227
228
229
230
231
232
233
234
235
236
237
238
239
240
241
242
243
244
245
246
247
248
249
250
251
252
253
254
0.006001429725104492 -0.007762313210833218 0
0.01200285945020847 -0.01552462642166577 0
0.01800428917531106 -0.02328693963249654 0
0.02400571890041703 -0.03104925284333167 0
0.03000714862552441 -0.03881156605416862 0
0.03600857835063226 -0.04657387926500618 0
0.04201000807573368 -0.05433619247583542 0
0.04801143780083065 -0.06209850568665891 0
0.05401286752592763 -0.06986081889748241 0
0.06001429725102461 -0.07762313210830592 0
0.06601572697612078 -0.08538544531912837 0
0.07201715670121778 -0.0931477585299519 0
0.07801858642631768 -0.1009100717407792 0
0.0840200161514172 -0.108672384951606 0
0.09002144587651356 -0.1164346981624287 0
0.09602287560161063 -0.1241970113732523 0
0.102024305326708 -0.1319593245840763 0
0.1080257350518042 -0.1397216377948988 0
0.1140271647769062 -0.1474839510057288 0
0.1200285945020039 -0.1552462642165532 0
0.1260300242271004 -0.1630085774273761 0
0.1320314539521961 -0.1707708906381979 0
0.1380328836772918 -0.1785332038490198 0
0.14403431340239 -0.1862955170598448 0
0.1500357431274872 -0.1940578302706687 0
0.1560371728526032 -0.2018201434815168 0
0.162038602577737 -0.2095824566923879 0
0.1680400323028653 -0.2173447699032519 0
0.1740414620279944 -0.2251070831141169 0
0.1800428917531259 -0.2328693963249851 0
0.1860443214782585 -0.2406317095358546 0
0.1920457512033924 -0.248394022746726 0
0.1980471809285259 -0.2561563359575967 0
0.204048610653658 -0.2639186491684656 0
0.2100500403787836 -0.2716809623793262 0
0.2160514701039129 -0.2794432755901914 0
0.2220528998290449 -0.2872055888010602 0
0.2280543295541803 -0.2949679020119333 0
0.2340557592793105 -0.3027302152227999 0
0.2400571890044403 -0.3104925284336658 0
0.2460586187295674 -0.3182548416445283 0
0.2520600484547021 -0.3260171548554006 0
0.2580614781798445 -0.3337794680662828 0
0.2640629079049677 -0.3415417812771402 0
0.2700643376301029 -0.3493040944880131 0
0.276065767355231 -0.3570664076988769 0
0.2820671970803661 -0.3648287209097498 0
0.2880686268054999 -0.3725910341206208 0
0.294070056530627 -0.3803533473314833 0
0.3000714862557586 -0.3881156605423516 0
1 104 0 50
255
256
257
258
259
260
261
262
263
264
265
266
267
268
269
270
271
272
273
274
275
276
277
278
279
280
281
282
283
284
285
286
287
288
289
290
291
292
293
294
295
296
297
298
299
300
301
302
303
304
0.3126751648770746 -0.4031361398192099 0
0.3192774137732493 -0.4103943058851892 0
0.3258796626694263 -0.417652471951171 0
0.3324819115656084 -0.4249106380171585 0
0.3390841604617929 -0.4321688040831486 0
0.3456864093579771 -0.4394269701491383 0
0.3522886582541483 -0.4466851362151138 0
0.3588909071503195 -0.4539433022810893 0
0.3654931560464835 -0.4612014683470569 0
0.3720954049426431 -0.4684596344130196 0
0.3786976538388072 -0.4757178004789872 0
0.3852999027349669 -0.48297596654495 0
0.3919021516311391 -0.4902341326109265 0
0.3985044005273156 -0.4974922986769078 0
0.4051066494234776 -0.5047504647428732 0
0.4117088983196583 -0.5120086308088592 0
0.4183111472158395 -0.5192667968748456 0
0.4249133961120165 -0.5265249629408275 0
0.4315156450081887 -0.533783129006804 0
0.438117893904356 -0.5410412950727752 0
0.4447201428005048 -0.548299461138726 0
0.4513223916966689 -0.5555576272046937 0
0.4579246405928459 -0.5628157932706757 0
0.464526889489023 -0.5700739593366575 0
0.4711291383851988 -0.577332125402638 0
0.477731387281386 -0.5845902914686312 0
0.4843336361776084 -0.591848457534663 0
0.4909358850738017 -0.5991066236006627 0
0.4975381339700213 -0.6063647896666914 0
0.5041403828662272 -0.613622955732705 0
0.5107426317624117 -0.620881121798695 0
0.5173448806585996 -0.6281392878646889 0
0.523947129554822 -0.6353974539307207 0
0.530549378451012 -0.6426556199967167 0
0.5371516273472146 -0.6499137860627267 0
0.543753876243399 -0.6571719521287167 0
0.5503561251395835 -0.6644301181947069 0
0.5569583740357892 -0.6716882842607201 0
0.5635606229320337 -0.6789464503267763 0
0.5701628718282583 -0.6862046163928105 0
0.5767651207244855 -0.6934627824588474 0
0.5833673696206905 -0.70072094852486 0
0.5899696185168939 -0.7079791145908709 0
0.5965718674130978 -0.7152372806568824 0
0.6031741163093349 -0.7224954467229303 0
0.609776365205551 -0.7297536127889552 0
0.6163786141017582 -0.7370117788549702 0
0.6229808629979428 -0.7442699449209602 0
0.6295831118941272 -0.7515281109869504 0
0.636185360790317 -0.7587862770529463 0
2 1 0 4612
305
306
307
308
309
310
311
312
313
314
315
316
317
318
319
320
321
322
323
324
325
326
327
328
329
330
331
332
333
334
335
336
337
338
339
340
341
342
343
344
345
346
347
348
349
350
351
352
353
354
355
356
357
358
359
360
361
362
363
364
365
366
367
368
369
370
371
372
373
374
375
376
377
378
379
380
381
382
383
384
385
386
387
388
389
390
391
392
393
394
395
396
397
398
399
400
401
402
403
404
405
406
407
408
409
410
411
412
413
414
415
416
417
418
419
420
421
422
423
424
425
426
427
428
429
430
431
432
433
434
435
436
437
438
439
440
441
442
443
444
445
446
447
448
449
450
451
452
453
454
455
456
457
458
459
460
461
462
463
464
465
466
467
468
469
470
471
472
473
474
475
476
477
478
479
480
481
482
483
484
485
486
487
488
489
490
491
492
493
494
495
496
497
498
499
500
501
502
503
504
505
506
507
508
509
510
511
512
513
514
515
516
517
518
519
520
521
522
523
524
525
526
527
528
529
530
531
532
533
534
535
536
537
538
539
540
541
542
543
544
545
546
547
548
549
550
551
552
553
554
555
556
557
558
559
560
561
562
563
564
565
566
567
568
569
570
571
572
573
574
575
576
577
578
579
580
581
582
583
584
585
586
587
588
589
590
591
592
593
594
595
596
597
598
599
600
601
602
603
604
605
606
607
608
609
610
611
612
613
614
615
616
617
618
619
620
621
622
623
624
625
626
627
628
629
630
631
632
633
634
635
636
637
638
639
640
641
642
643
644
645
646
647
648
649
650
651
652
653
654
655
656
657
658
659
660
661
662
663
664
665
666
667
668
669
670
671
672
673
674
675
676
677
678
679
680
681
682
683
684
685
686
687
688
689
690
691
692
693
694
695
696
697
698
699
700
701
702
703
704
705
706
707
708
709
710
711
712
713
714
715
716
717
718
719
720
721
722
723
724
725
726
727
728
729
730
731
732
733
734
735
736
737
738
739
740
741
742
743
744
745
746
747
748
749
750
751
752
753
754
755
756
757
758
759
760
761
762
763
764
765
766
767
768
769
770
771
772
773
774
775
776
777
778
779
780
781
782
783
784
785
786
787
788
789
790
791
792
793
794
795
796
797
798
799
800
801
802
803
804
805
806
807
808
809
810
811
812
813
814
815
816
817
818
819
820
821
822
823
824
825
826
827
828
829
830
831
832
833
834
835
836
837
838
839
840
841
842
843
844
845
846
847
848
849
850
851
852
853
854
855
856
857
858
859
860
861
862
863
864
865
866
867
868
869
870
871
872
873
874
875
876
877
878
879
880
881
882
883
884
885
886
887
888
889
890
891
892
893
894
895
896
897
898
899
900
901
902
903
904
905
906
907
908
909
910
911
912
913
914
915
916
917
918
919
920
921
922
923
924
925
926
927
928
929
930
931
932
933
934
935
936
937
938
939
940
941
942
943
944
945
946
947
948
949
950
951
952
953
954
955
956
957
958
959
960
961
962
963
964
965
966
967
968
969
970
971
972
973
974
975
976
977
978
979
980
981
982
983
984
985
986
987
988
989
990
991
992
993
994
995
996
997
998
999
1000
1001
1002
1003
1004
1005
1006
1007
1008
1009
1010
1011
1012
1013
1014
1015
1016
1017
1018
1019
1020
1021
1022
1023
1024
1025
1026
1027
1028
1029
1030
1031
1032
1033
1034
1035
1036
1037
1038
1039
1040
1041
1042
1043
1044
1045
1046
1047
1048
1049
1050
1051
1052
1053
1054
1055
1056
1057
1058
1059
1060
1061
1062
1063
1064
1065
1066
1067
1068
1069
1070
1071
1072
1073
1074
1075
1076
1077
1078
1079
1080
1081
1082
1083
1084
1085
1086
1087
1088
1089
1090
1091
1092
1093
1094
1095
1096
1097
1098
1099
1100
1101
1102
1103
1104
1105
1106
1107
1108
1109
1110
1111
1112
1113
1114
1115
1116
1117
1118
1119
1120
1121
1122
1123
1124
1125
1126
1127
1128
1129
1130
1131
1132
1133
1134
1135
1136
1137
1138
1139
1140
1141
1142
1143
1144
1145
1146
1147
1148
1149
1150
1151
1152
1153
1154
1155
1156
1157
1158
1159
1160
1161
1162
1163
1164
1165
1166
1167
1168
1169
1170
1171
1172
1173
1174
1175
1176
1177
1178
1179
1180
1181
1182
1183
1184
1185
1186
1187
1188
1189
1190
1191
1192
1193
1194
1195
1196
1197
1198
1199
1200
1201
1202
1203
1204
1205
1206
1207
1208
1209
1210
1211
1212
1213
1214
1215
1216
1217
1218
1219
1220
1221
1222
1223
1224
1225
1226
1227
1228
1229
1230
1231
1232
1233
1234
1235
1236
1237
1238
1239
1240
1241
1242
1243
1244
1245
1246
1247
1248
1249
1250
1251
1252
1253
1254
1255
1256
1257
1258
1259
1260
1261
1262
1263
1264
1265
1266
1267
1268
1269
1270
1271
1272
1273
1274
1275
1276
1277
1278
1279
1280
1281
1282
1283
1284
1285
1286
1287
1288
1289
1290
1291
1292
1293
1294
1295
1296
1297
1298
1299
1300
1301
1302
1303
1304
1305
1306
1307
1308
1309
1310
1311
1312
1313
1314
1315
1316
1317
1318
1319
1320
1321
1322
1323
1324
1325
1326
1327
1328
1329
1330
1331
1332
1333
1334
1335
1336
1337
1338
1339
1340
1341
1342
1343
1344
1345
1346
1347
1348
1349
1350
1351
1352
1353
1354
1355
1356
1357
1358
1359
1360
1361
1362
1363
1364
1365
1366
1367
1368
1369
1370
1371
1372
1373
1374
1375
1376
1377
1378
1379
1380
1381
1382
1383
1384
1385
1386
1387
1388
1389
1390
1391
1392
1393
1394
1395
1396
1397
1398
1399
1400
1401
1402
1403
1404
1405
1406
1407
1408
1409
1410
1411
1412
1413
1414
1415
1416
1417
1418
1419
1420
1421
1422
1423
1424
1425
1426
1427
1428
1429
1430
1431
1432
1433
1434
1435
1436
1437
1438
1439
1440
1441
1442
1443
1444
1445
1446
1447
1448
1449
1450
1451
1452
1453
1454
1455
1456
1457
1458
1459
1460
1461
1462
1463
1464
1465
1466
1467
1468
1469
1470
1471
1472
1473
1474
1475
1476
1477
1478
1479
1480
1481
1482
1483
1484
1485
1486
1487
1488
1489
1490
1491
1492
1493
1494
1495
1496
1497
1498
1499
1500
1501
1502
1503
1504
1505
1506
1507
1508
1509
1510
1511
1512
1513
1514
1515
1516
1517
1518
1519
1520
1521
1522
1523
1524
1525
1526
1527
1528
1529
1530
1531
1532
1533
1534
1535
1536
1537
1538
1539
1540
1541
1542
1543
1544
1545
1546
1547
1548
1549
1550
1551
1552
1553
1554
1555
1556
1557
1558
1559
1560
1561
1562
1563
1564
1565
1566
1567
1568
1569
1570
1571
1572
1573
1574
1575
1576
1577
1578
1579
1580
1581
1582
1583
1584
1585
1586
1587
1588
1589
1590
1591
1592
1593
1594
1595
1596
1597
1598
1599
1600
1601
1602
1603
1604
1605
1606
1607
1608
1609
1610
1611
1612
1613
1614
1615
1616
1617
1618
1619
1620
1621
1622
1623
1624
1625
1626
1627
1628
1629
1630
1631
1632
1633
1634
1635
1636
1637
1638
1639
1640
1641
1642
1643
1644
1645
1646
1647
1648
1649
1650
1651
1652
1653
1654
1655
1656
1657
1658
1659
1660
1661
1662
1663
1664
1665
1666
1667
1668
1669
1670
1671
1672
1673
1674
1675
1676
1677
1678
1679
1680
1681
1682
1683
1684
1685
1686
1687
1688
1689
1690
1691
1692
1693
1694
1695
1696
1697
1698
1699
1700
1701
1702
1703
1704
1705
1706
1707
1708
1709
1710
1711
1712
1713
1714
1715
1716
1717
1718
1719
1720
1721
1722
1723
1724
1725
1726
1727
1728
1729
1730
1731
1732
1733
1734
1735
1736
1737
1738
1739
1740
1741
1742
1743
1744
1745
1746
1747
1748
1749
1750
1751
1752
1753
1754
1755
1756
1757
1758
1759
1760
1761
1762
1763
1764
1765
1766
1767
1768
1769
1770
1771
1772
1773
1774
1775
1776
1777
1778
1779
1780
1781
1782
1783
1784
1785
1786
1787
1788
1789
1790
1791
1792
1793
1794
1795
1796
1797
1798
1799
1800
1801
1802
1803
1804
1805
1806
1807
1808
1809
1810
1811
1812
1813
1814
1815
1816
1817
1818
1819
1820
1821
1822
1823
1824
1825
1826
1827
1828
1829
1830
1831
1832
1833
1834
1835
1836
1837
1838
1839
1840
1841
1842
1843
1844
1845
1846
1847
1848
1849
1850
1851
1852
1853
1854
1855
1856
1857
1858
1859
1860
1861
1862
1863
1864
1865
1866
1867
1868
1869
1870
1871
1872
1873
1874
1875
1876
1877
1878
1879
1880
1881
1882
1883
1884
1885
1886
1887
1888
1889
1890
1891
1892
1893
1894
1895
1896
1897
1898
1899
1900
1901
1902
1903
1904
1905
1906
1907
1908
1909
1910
1911
1912
1913
1914
1915
1916
1917
1918
1919
1920
1921
1922
1923
1924
1925
1926
1927
1928
1929
1930
1931
1932
1933
1934
1935
1936
1937
1938
1939
1940
1941
1942
1943
1944
1945
1946
1947
1948
1949
1950
1951
1952
1953
1954
1955
1956
1957
1958
1959
1960
1961
1962
1963
1964
1965
1966
1967
1968
1969
1970
1971
1972
1973
1974
1975
1976
1977
1978
1979
1980
1981
1982
1983
1984
1985
1986
1987
1988
1989
1990
1991
1992
1993
1994
1995
1996
1997
1998
1999
2000
2001
2002
2003
2004
2005
2006
2007
2008
2009
2010
2011
2012
2013
2014
2015
2016
2017
2018
2019
2020
2021
2022
2023
2024
2025
2026
2027
2028
2029
2030
2031
2032
2033
2034
2035
2036
2037
2038
2039
2040
2041
2042
2043
2044
2045
2046
2047
2048
2049
2050
2051
2052
2053
2054
2055
2056
2057
2058
2059
2060
2061
2062
2063
2064
2065
2066
2067
2068
2069
2070
2071
2072
2073
2074
2075
2076
2077
2078
2079
2080
2081
2082
2083
2084
2085
2086
2087
2088
2089
2090
2091
2092
2093
2094
2095
2096
2097
2098
2099
2100
2101
2102
2103
2104
2105
2106
2107
2108
2109
2110
2111
2112
2113
2114
2115
2116
2117
2118
2119
2120
2121
2122
2123
2124
2125
2126
2127
2128
2129
2130
2131
2132
2133
2134
2135
2136
2137
2138
2139
2140
2141
2142
2143
2144
2145
2146
2147
2148
2149
2150
2151
2152
2153
2154
2155
2156
2157
2158
2159
2160
2161
2162
2163
2164
2165
2166
2167
2168
2169
2170
2171
2172
2173
2174
2175
2176
2177
2178
2179
2180
2181
2182
2183
2184
2185
2186
2187
2188
2189
2190
2191
2192
2193
2194
2195
2196
2197
2198
2199
2200
2201
2202
2203
2204
2205
2206
2207
2208
2209
2210
2211
2212
2213
2214
2215
2216
2217
2218
2219
2220
2221
2222
2223
2224
2225
2226
2227
2228
2229
2230
2231
2232
2233
2234
2235
2236
2237
2238
2239
2240
2241
2242
2243
2244
2245
2246
2247
2248
2249
2250
2251
2252
2253
2254
2255
2256
2257
2258
2259
2260
2261
2262
2263
2264
2265
2266
2267
2268
2269
2270
2271
2272
2273
2274
2275
2276
2277
2278
2279
2280
2281
2282
2283
2284
2285
2286
2287
2288
2289
2290
2291
2292
2293
2294
2295
2296
2297
2298
2299
2300
2301
2302
2303
2304
2305
2306
2307
2308
2309
2310
2311
2312
2313
2314
2315
2316
2317
2318
2319
2320
2321
2322
2323
2324
2325
2326
2327
2328
2329
2330
2331
2332
2333
2334
2335
2336
2337
2338
2339
2340
2341
2342
2343
2344
2345
2346
2347
2348
2349
2350
2351
2352
2353
2354
2355
2356
2357
2358
2359
2360
2361
2362
2363
2364
2365
2366
2367
2368
2369
2370
2371
2372
2373
2374
2375
2376
2377
2378
2379
2380
2381
2382
2383
2384
2385
2386
2387
2388
2389
2390
2391
2392
2393
2394
2395
2396
2397
2398
2399
2400
2401
2402
2403
2404
2405
2406
2407
2408
2409
2410
2411
2412
2413
2414
2415
2416
2417
2418
2419
2420
2421
2422
2423
2424
2425
2426
2427
2428
2429
2430
2431
2432
2433
2434
2435
2436
2437
2438
2439
2440
2441
2442
2443
2444
2445
2446
2447
2448
2449
2450
2451
2452
2453
2454
2455
2456
2457
2458
2459
2460
2461
2462
2463
2464
2465
2466
2467
2468
2469
2470
2471
2472
2473
2474
2475
2476
2477
2478
2479
2480
2481
2482
2483
2484
2485
2486
2487
2488
2489
2490
2491
2492
2493
2494
2495
2496
2497
2498
2499
2500
2501
2502
2503
2504
2505
2506
2507
2508
2509
2510
2511
2512
2513
2514
2515
2516
2517
2518
2519
2520
2521
2522
2523
2524
2525
2526
2527
2528
2529
2530
2531
2532
2533
2534
2535
2536
2537
2538
2539
2540
2541
2542
2543
2544
2545
2546
2547
2548
2549
2550
2551
2552
2553
2554
2555
2556
2557
2558
2559
2560
2561
2562
2563
2564
2565
2566
2567
2568
2569
2570
2571
2572
2573
2574
2575
2576
2577
2578
2579
2580
2581
2582
2583
2584
2585
2586
2587
2588
2589
2590
2591
2592
2593
2594
2595
2596
2597
2598
2599
2600
2601
2602
2603
2604
2605
2606
2607
2608
2609
2610
2611
2612
2613
2614
2615
2616
2617
2618
2619
2620
2621
2622
2623
2624
2625
2626
2627
2628
2629
2630
2631
2632
2633
2634
2635
2636
2637
2638
2639
2640
2641
2642
2643
2644
2645
2646
2647
2648
2649
2650
2651
2652
2653
2654
2655
2656
2657
2658
2659
2660
2661
2662
2663
2664
2665
2666
2667
2668
2669
2670
2671
2672
2673
2674
2675
2676
2677
2678
2679
2680
2681
2682
2683
2684
2685
2686
2687
2688
2689
2690
2691
2692
2693
2694
2695
2696
2697
2698
2699
2700
2701
2702
2703
2704
2705
2706
2707
2708
2709
2710
2711
2712
2713
2714
2715
2716
2717
2718
2719
2720
2721
2722
2723
2724
2725
2726
2727
2728
2729
2730
2731
2732
2733
2734
2735
2736
2737
2738
2739
2740
2741
2742
2743
2744
2745
2746
2747
2748
2749
2750
2751
2752
2753
2754
2755
2756
2757
2758
2759
2760
2761
2762
2763
2764
2765
2766
2767
2768
2769
2770
2771
2772
2773
2774
2775
2776
2777
2778
2779
2780
2781
2782
2783
2784
2785
2786
2787
2788
2789
2790
2791
2792
2793
2794
2795
2796
2797
2798
2799
2800
2801
2802
2803
2804
2805
2806
2807
2808
2809
2810
2811
2812
2813
2814
2815
2816
2817
2818
2819
2820
2821
2822
2823
2824
2825
2826
2827
2828
2829
2830
2831
2832
2833
2834
2835
2836
2837
2838
2839
2840
2841
2842
2843
2844
2845
2846
2847
2848
2849
2850
2851
2852
2853
2854
2855
2856
2857
2858
2859
2860
2861
2862
2863
2864
2865
2866
2867
2868
2869
2870
2871
2872
2873
2874
2875
2876
2877
2878
2879
2880
2881
2882
2883
2884
2885
2886
2887
2888
2889
2890
2891
2892
2893
2894
2895
2896
2897
2898
2899
2900
2901
2902
2903
2904
2905
2906
2907
2908
2909
2910
2911
2912
2913
2914
2915
2916
2917
2918
2919
2920
2921
2922
2923
2924
2925
2926
2927
2928
2929
2930
2931
2932
2933
2934
2935
2936
2937
2938
2939
2940
2941
2942
2943
2944
2945
2946
2947
2948
2949
2950
2951
2952
2953
2954
2955
2956
2957
2958
2959
2960
2961
2962
2963
2964
2965
2966
2967
2968
2969
2970
2971
2972
2973
2974
2975
2976
2977
2978
2979
2980
2981
2982
2983
2984
2985
2986
2987
2988
2989
2990
2991
2992
2993
2994
2995
2996
2997
2998
2999
3000
3001
3002
3003
3004
3005
3006
3007
3008
3009
3010
3011
3012
3013
3014
3015
3016
3017
3018
3019
3020
3021
3022
3023
3024
3025
3026
3027
3028
3029
3030
3031
3032
3033
3034
3035
3036
3037
3038
3039
3040
3041
3042
3043
3044
3045
3046
3047
3048
3049
3050
3051
3052
3053
3054
3055
3056
3057
3058
3059
3060
3061
3062
3063
3064
3065
3066
3067
3068
3069
3070
3071
3072
3073
3074
3075
3076
3077
3078
3079
3080
3081
3082
3083
3084
3085
3086
3087
3088
3089
3090
3091
3092
3093
3094
3095
3096
3097
3098
3099
3100
3101
3102
3103
3104
3105
3106
3107
3108
3109
3110
3111
3112
3113
3114
3115
3116
3117
3118
3119
3120
3121
3122
3123
3124
3125
3126
3127
3128
3129
3130
3131
3132
3133
3134
3135
3136
3137
3138
3139
3140
3141
3142
3143
3144
3145
3146
3147
3148
3149
3150
3151
3152
3153
3154
3155
3156
3157
3158
3159
3160
3161
3162
3163
3164
3165
3166
3167
3168
3169
3170
3171
3172
3173
3174
3175
3176
3177
3178
3179
3180
3181
3182
3183
3184
3185
3186
3187
3188
3189
3190
3191
3192
3193
3194
3195
3196
3197
3198
3199
3200
3201
3202
3203
3204
3205
3206
3207
3208
3209
3210
3211
3212
3213
3214
3215
3216
3217
3218
3219
3220
3221
3222
3223
3224
3225
3226
3227
3228
3229
3230
3231
3232
3233
3234
3235
3236
3237
3238
3239
3240
3241
3242
3243
3244
3245
3246
3247
3248
3249
3250
3251
3252
3253
3254
3255
3256
3257
3258
3259
3260
3261
3262
3263
3264
3265
3266
3267
3268
3269
3270
3271
3272
3273
3274
3275
3276
3277
3278
3279
3280
3281
3282
3283
3284
3285
3286
3287
3288
3289
3290
3291
3292
3293
3294
3295
3296
3297
3298
3299
3300
3301
3302
3303
3304
3305
3306
3307
3308
3309
3310
3311
3312
3313
3314
3315
3316
3317
3318
3319
3320
3321
3322
3323
3324
3325
3326
3327
3328
3329
3330
3331
3332
3333
3334
3335
3336
3337
3338
3339
3340
3341
3342
3343
3344
3345
3346
3347
3348
3349
3350
3351
3352
3353
3354
3355
3356
3357
3358
3359
3360
3361
3362
3363
3364
3365
3366
3367
3368
3369
3370
3371
3372
3373
3374
3375
3376
3377
3378
3379
3380
3381
3382
3383
3384
3385
3386
3387
3388
3389
3390
3391
3392
3393
3394
3395
3396
3397
3398
3399
3400
3401
3402
3403
3404
3405
3406
3407
3408
3409
3410
3411
3412
3413
3414
3415
3416
3417
3418
3419
3420
3421
3422
3423
3424
3425
3426
3427
3428
3429
3430
3431
3432
3433
3434
3435
3436
3437
3438
3439
3440
3441
3442
3443
3444
3445
3446
3447
3448
3449
3450
3451
3452
3453
3454
3455
3456
3457
3458
3459
3460
3461
3462
3463
3464
3465
3466
3467
3468
3469
3470
3471
3472
3473
3474
3475
3476
3477
3478
3479
3480
3481
3482
3483
3484
3485
3486
3487
3488
3489
3490
3491
3492
3493
3494
3495
3496
3497
3498
3499
3500
3501
3502
3503
3504
3505
3506
3507
3508
3509
3510
3511
3512
3513
3514
3515
3516
3517
3518
3519
3520
3521
3522
3523
3524
3525
3526
3527
3528
3529
3530
3531
3532
3533
3534
3535
3536
3537
3538
3539
3540
3541
3542
3543
3544
3545
3546
3547
3548
3549
3550
3551
3552
3553
3554
3555
3556
3557
3558
3559
3560
3561
3562
3563
3564
3565
3566
3567
3568
3569
3570
3571
3572
3573
3574
3575
3576
3577
3578
3579
3580
3581
3582
3583
3584
3585
3586
3587
3588
3589
3590
3591
3592
3593
3594
3595
3596
3597
3598
3599
3600
3601
3602
3603
3604
3605
3606
3607
3608
3609
3610
3611
3612
3613
3614
3615
3616
3617
3618
3619
3620
3621
3622
3623
3624
3625
3626
3627
3628
3629
3630
3631
3632
3633
3634
3635
3636
3637
3638
3639
3640
3641
3642
3643
3644
3645
3646
3647
3648
3649
3650
3651
3652
3653
3654
3655
3656
3657
3658
3659
3660
3661
3662
3663
3664
3665
3666
3667
3668
3669
3670
3671
3672
3673
3674
3675
3676
3677
3678
3679
3680
3681
3682
3683
3684
3685
3686
3687
3688
3689
3690
3691
3692
3693
3694
3695
3696
3697
3698
3699
3700
3701
3702
3703
3704
3705
3706
3707
3708
3709
3710
3711
3712
3713
3714
3715
3716
3717
3718
3719
3720
3721
3722
3723
3724
3725
3726
3727
3728
3729
3730
3731
3732
3733
3734
3735
3736
3737
3738
3739
3740
3741
3742
3743
3744
3745
3746
3747
3748
3749
3750
3751
3752
3753
3754
3755
3756
3757
3758
3759
3760
3761
3762
3763
3764
3765
3766
3767
3768
3769
3770
3771
3772
3773
3774
3775
3776
3777
3778
3779
3780
3781
3782
3783
3784
3785
3786
3787
3788
3789
3790
3791
3792
3793
3794
3795
3796
3797
3798
3799
3800
3801
3802
3803
3804
3805
3806
3807
3808
3809
3810
3811
3812
3813
3814
3815
3816
3817
3818
3819
3820
3821
3822
3823
3824
3825
3826
3827
3828
3829
3830
3831
3832
3833
3834
3835
3836
3837
3838
3839
3840
3841
3842
3843
3844
3845
3846
3847
3848
3849
3850
3851
3852
3853
3854
3855
3856
3857
3858
3859
3860
3861
3862
3863
3864
3865
3866
3867
3868
3869
3870
3871
3872
3873
3874
3875
3876
3877
3878
3879
3880
3881
3882
3883
3884
3885
3886
3887
3888
3889
3890
3891
3892
3893
3894
3895
3896
3897
3898
3899
3900
3901
3902
3903
3904
3905
3906
3907
3908
3909
3910
3911
3912
3913
3914
3915
3916
3917
3918
3919
3920
3921
3922
3923
3924
3925
3926
3927
3928
3929
3930
3931
3932
3933
3934
3935
3936
3937
3938
3939
3940
3941
3942
3943
3944
3945
3946
3947
3948
3949
3950
3951
3952
3953
3954
3955
3956
3957
3958
3959
3960
3961
3962
3963
3964
3965
3966
3967
3968
3969
3970
3971
3972
3973
3974
3975
3976
3977
3978
3979
3980
3981
3982
3983
3984
3985
3986
3987
3988
3989
3990
3991
3992
3993
3994
3995
3996
3997
3998
3999
4000
4001
4002
4003
4004
4005
4006
4007
4008
4009
4010
4011
4012
4013
4014
4015
4016
4017
4018
4019
4020
4021
4022
4023
4024
4025
4026
4027
4028
4029
4030
4031
4032
4033
4034
4035
4036
4037
4038
4039
4040
4041
4042
4043
4044
4045
4046
4047
4048
4049
4050
4051
4052
4053
4054
4055
4056
4057
4058
4059
4060
4061
4062
4063
4064
4065
4066
4067
4068
4069
4070
4071
4072
4073
4074
4075
4076
4077
4078
4079
4080
4081
4082
4083
4084
4085
4086
4087
4088
4089
4090
4091
4092
4093
4094
4095
4096
4097
4098
4099
4100
4101
4102
4103
4104
4105
4106
4107
4108
4109
4110
4111
4112
4113
4114
4115
4116
4117
4118
4119
4120
4121
4122
4123
4124
4125
4126
4127
4128
4129
4130
4131
4132
4133
4134
4135
4136
4137
4138
4139
4140
4141
4142
4143
4144
4145
4146
4147
4148
4149
4150
4151
4152
4153
4154
4155
4156
4157
4158
4159
4160
4161
4162
4163
4164
4165
4166
4167
4168
4169
4170
4171
4172
4173
4174
4175
4176
4177
4178
4179
4180
4181
4182
4183
4184
4185
4186
4187
4188
4189
4190
4191
4192
4193
4194
4195
4196
4197
4198
4199
4200
4201
4202
4203
4204
4205
4206
4207
4208
4209
4210
4211
4212
4213
4214
4215
4216
4217
4218
4219
4220
4221
4222
4223
4224
4225
4226
4227
4228
4229
4230
4231
4232
4233
4234
4235
4236
4237
4238
4239
4240
4241
4242
4243
4244
4245
4246
4247
4248
4249
4250
4251
4252
4253
4254
4255
4256
4257
4258
4259
4260
4261
4262
4263
4264
4265
4266
4267
4268
4269
4270
4271
4272
4273
4274
4275
4276
4277
4278
4279
4280
4281
4282
4283
4284
4285
4286
4287
4288
4289
4290
4291
4292
4293
4294
4295
4296
4297
4298
4299
4300
4301
4302
4303
4304
4305
4306
4307
4308
4309
4310
4311
4312
4313
4314
4315
4316
4317
4318
4319
4320
4321
4322
4323
4324
4325
4326
4327
4328
4329
4330
4331
4332
4333
4334
4335
4336
4337
4338
4339
4340
4341
4342
4343
4344
4345
4346
4347
4348
4349
4350
4351
4352
4353
4354
4355
4356
4357
4358
4359
4360
4361
4362
4363
4364
4365
4366
4367
4368
4369
4370
4371
4372
4373
4374
4375
4376
4377
4378
4379
4380
4381
4382
4383
4384
4385
4386
4387
4388
4389
4390
4391
4392
4393
4394
4395
4396
4397
4398
4399
4400
4401
4402
4403
4404
4405
4406
4407
4408
4409
4410
4411
4412
4413
4414
4415
4416
4417
4418
4419
4420
4421
4422
4423
4424
4425
4426
4427
4428
4429
4430
4431
4432
4433
4434
4435
4436
4437
4438
4439
4440
4441
4442
4443
4444
4445
4446
4447
4448
4449
4450
4451
4452
4453
4454
4455
4456
4457
4458
4459
4460
4461
4462
4463
4464
4465
4466
4467
4468
4469
4470
4471
4472
4473
4474
4475
4476
4477
4478
4479
4480
4481
4482
4483
4484
4485
4486
4487
4488
4489
4490
4491
4492
4493
4494
4495
4496
4497
4498
4499
4500
4501
4502
4503
4504
4505
4506
4507
4508
4509
4510
4511
4512
4513
4514
4515
4516
4517
4518
4519
4520
4521
4522
4523
4524
4525
4526
4527
4528
4529
4530
4531
4532
4533
4534
4535
4536
4537
4538
4539
4540
4541
4542
4543
4544
4545
4546
4547
4548
4549
4550
4551
4552
4553
4554
4555
4556
4557
4558
4559
4560
4561
4562
4563
4564
4565
4566
4567
4568
4569
4570
4571
4572
4573
4574
4575
4576
4577
4578
4579
4580
4581
4582
4583
4584
4585
4586
4587
4588
4589
4590
4591
4592
4593
4594
4595
4596
4597
4598
4599
4600
4601
4602
4603
4604
4605
4606
4607
4608
4609
4610
4611
4612
4613
4614
4615
4616
4617
4618
4619
4620
4621
4622
4623
4624
4625
4626
4627
4628
4629
4630
4631
4632
4633
4634
4635
4636
4637
4638
4639
4640
4641
4642
4643
4644
4645
4646
4647
4648
4649
4650
4651
4652
4653
4654
4655
4656
4657
4658
4659
4660
4661
4662
4663
4664
4665
4666
4667
4668
4669
4670
4671
4672
4673
4674
4675
4676
4677
4678
4679
4680
4681
4682
4683
4684
4685
4686
4687
4688
4689
4690
4691
4692
4693
4694
4695
4696
4697
4698
4699
4700
4701
4702
4703
4704
4705
4706
4707
4708
4709
4710
4711
4712
4713
4714
4715
4716
4717
4718
4719
4720
4721
4722
4723
4724
4725
4726
4727
4728
4729
4730
4731
4732
4733
4734
4735
4736
4737
4738
4739
4740
4741
4742
4743
4744
4745
4746
4747
4748
4749
4750
4751
4752
4753
4754
4755
4756
4757
4758
4759
4760
4761
4762
4763
4764
4765
4766
4767
4768
4769
4770
4771
4772
4773
4774
4775
4776
4777
4778
4779
4780
4781
4782
4783
4784
4785
4786
4787
4788
4789
4790
4791
4792
4793
4794
4795
4796
4797
4798
4799
4800
4801
4802
4803
4804
4805
4806
4807
4808
4809
4810
4811
4812
4813
4814
4815
4816
4817
4818
4819
4820
4821
4822
4823
4824
4825
4826
4827
4828
4829
4830
4831
4832
4833
4834
4835
4836
4837
4838
4839
4840
4841
4842
4843
4844
4845
4846
4847
4848
4849
4850
4851
4852
4853
4854
4855
4856
4857
4858
4859
4860
4861
4862
4863
4864
4865
4866
4867
4868
4869
4870
4871
4872
4873
4874
4875
4876
4877
4878
4879
4880
4881
4882
4883
4884
4885
4886
4887
4888
4889
4890
4891
4892
4893
4894
4895
4896
4897
4898
4899
4900
4901
4902
4903
4904
4905
4906
4907
4908
4909
4910
4911
4912
4913
4914
4915
4916
0.03849278543741311 -0.06325669016445551 0
0.1702704151311722 -0.2342238249388388 0
0.2964340218173211 -0.3977318632046543 0
0.4419240010393344 -0.5574748032037871 0
0.5861177679422538 -0.7160009817248707 0
0.1039112445357651 -0.148849190522146 0
0.3692456943487084 -0.4784459598151231 0
0.5142461547176854 -0.6378110182533274 0
0.2308520196601872 -0.3108125672964183 0
0.05580262291959385 -0.04871853022888658 0
0.2011320735568151 -0.2082061103679344 0
0.3405174126556155 -0.3603215308709369 0
0.4725374469528945 -0.5318049600460971 0
0.6044992471809807 -0.7026297034368076 0
0.1285003357386161 -0.1279289921683647 0
0.4063540305014966 -0.4468075175023021 0
0.538483520204832 -0.6172442581176789 0
0.267889669027745 -0.2806653694225002 0
3.154535023175644 4.712188158598666 0
0.4585172812718965 5.651906325405429 0
-5.616850654711789 -0.9299498993521268 0
-5.379063017488271 1.885708365299537 0
-2.288347661407571 5.188378690401246 0
-4.841475365324344 -2.932839090088671 0
-4.289324989855226 3.732760860072031 0
4.667684646509832 3.220019952611413 0
-3.466823151965909 -4.516729615896933 0
5.513334640327793 1.288936704307444 0
-1.866271383730954 -5.355090070769982 0
5.692040957243236 -0.5250473166133003 0
-0.1377437885300007 -5.686914912258141 0
5.214891134359634 -2.202139105512533 0
1.642129376567431 -5.455873110661849 0
4.279384713445543 -3.729731289212327 0
3.230422157116178 -4.670517308587463 0
-5.669555289084173 0.4928484169861251 0
1.883555963176975 5.348647061459532 0
-0.9709962177282128 5.563803226144929 0
3.966509254911309 4.067979920417674 0
5.19317265589421 2.296266287581769 0
-5.362772952800832 -1.979287913569796 0
-3.20848034291923 4.660802959146167 0
-4.90096462464328 2.852429526294101 0
-4.242474567732075 -3.779168503706952 0
4.704331098026731 -3.149667963921046 0
0.9463271315250107 -5.546221637921736 0
2.287241182472312 -5.219646928769551 0
5.478174491797628 -1.550544705205641 0
-0.8768540864739121 -5.56632442391362 0
5.647154163089169 0.194340160176248 0
3.756186279160577 -4.209836323070622 0
-2.520705611976547 -5.092998621765517 0
2.580752467069485 5.051479827804553 0
-0.1806071802340557 5.654586949290977 0
-3.775134732658737 4.228392099567833 0
-5.666429465461448 -0.2176822625514576 0
-5.570358977795524 1.177079417747925 0
-1.616260695789982 5.406536338282542 0
1.20240533310001 5.515698968733652 0
4.036063121195792 -3.971668909450049 0
3.936343057564223 -3.629109571315962 0
4.150872329908696 -3.398422678436171 0
3.828087836338007 -3.328861780055242 0
4.02602173616488 -3.10680837306195 0
3.714135447733449 -3.051322187066053 0
3.525521559593851 -3.267149973664477 0
3.422541203484725 -2.997737640099428 0
3.597840052485197 -2.799333456785284 0
3.325194919495897 -2.750460411850726 0
3.15424766742155 -2.946768868938199 0
3.067224208450595 -2.694091421357768 0
3.233608255268495 -2.520983518201604 0
2.978334055965318 -2.462408003350942 0
2.823834648656645 -2.644556748680948 0
2.74847192183633 -2.415274671514283 0
2.891799650419635 -2.24158035550359 0
2.673438913440203 -2.206230441949667 0
2.536798002486948 -2.369508210618709 0
2.811514510228142 -2.035280469939359 0
2.465725701607032 -2.175510696460283 0
2.33695005138514 -2.324030539121262 0
2.270650801231686 -2.145200027711277 0
2.147580861015908 -2.284999847739327 0
2.085384302390398 -2.113829135067384 0
1.966661030642253 -2.25021131332855 0
2.024088804153041 -2.413259231959117 0
1.850454788735918 -2.377403699829142 0
1.792001328214474 -2.215998481351972 0
1.678857697215406 -2.342876437075722 0
1.625112151067281 -2.180508550234566 0
1.514843707020828 -2.305512452102582 0
1.462027984909391 -2.153151481148578 0
1.355801146491908 -2.280948824403844 0
1.309171129249879 -2.123998182211157 0
1.206477611230117 -2.238668047014161 0
1.395699210011279 -2.015988093638987 0
1.162339811503373 -2.094076680226004 0
1.064203906213091 -2.202503366196051 0
1.021299011582927 -2.066431285414682 0
0.9251327675184449 -2.170146572302516 0
0.8824461739952435 -2.041147385495783 0
0.790630037444964 -2.140819743673237 0
0.7469327789103744 -2.013915688993002 0
0.6577810182021776 -2.111685398842814 0
0.6149940214042623 -1.984289034795742 0
0.5265474882903477 -2.082406002589031 0
0.4842907669422213 -1.955730337245813 0
0.3958881378863096 -2.054137135180929 0
0.3537918632377415 -1.927432878717585 0
0.2653293347450203 -2.0259535178427 0
0.2261812784849588 -1.900249602642814 0
0.1349545718381364 -1.997693367143697 0
0.09572073646497015 -1.871721816584681 0
0.003571579220102303 -1.96924243934621 0
-0.03834482927825211 -1.844310022562359 0
-0.1291882519454002 -1.941690217175222 0
-0.1733190730027227 -1.815502991060988 0
-0.2630880759458834 -1.913392281122457 0
-0.3070286764697765 -1.782943107913905 0
-0.3982266698084181 -1.884492731085276 0
-0.4413585897968155 -1.751382801562337 0
-0.5353394165925969 -1.855397350143797 0
-0.5776942434664665 -1.719853737017455 0
-0.6747459674927617 -1.823686851591072 0
-0.7202538030770209 -1.68469930036308 0
-0.8188538540897468 -1.794336421783591 0
-0.8655823145247095 -1.650046316422083 0
-0.9662730558982076 -1.765725302909823 0
-1.009063299662724 -1.616862931342611 0
-0.9103752284108968 -1.504425625305128 0
-1.056393830937836 -1.471358602964184 0
-0.958704109122553 -1.368600083850134 0
-1.102541104543178 -1.328073840351862 0
-1.206251568138275 -1.437495910663736 0
-1.24705818309322 -1.289108504267966 0
-1.145093116331602 -1.180173181480852 0
-1.28669481804167 -1.142219806631773 0
-1.184012591593152 -1.034622290215506 0
-1.323989124274211 -0.9981967569615143 0
-1.222070688569545 -0.894258531960384 0
-1.362643473218085 -0.8607510965274374 0
-1.261415622166738 -0.7583445411771228 0
-1.400986356574683 -0.7227447508936963 0
-1.299813636161768 -0.6218530317168107 0
-1.43614464646728 -0.5839936980631705 0
-1.337100850706217 -0.484946225369748 0
-1.472397690895985 -0.4473098866110893 0
-1.373919901491111 -0.3490178005265086 0
-1.509524577228006 -0.3116639890291579 0
-1.410884944492247 -0.2108985739592034 0
-1.546425817169464 -0.1751450931622556 0
-1.44718188836688 -0.0735298797884639 0
-1.578256427020742 -0.03567538607401673 0
-1.481956678717902 0.06553983525386263 0
-1.616500238967427 0.1046472118123085 0
-1.517519957298643 0.2086348499667624 0
-1.664152005488825 0.2458120509182703 0
-1.551297524864789 0.3593223098478311 0
-1.61243459032591 -0.4075851279679302 0
-1.432496617594519 -1.103426048007327 0
-1.707205889371235 0.3962477359695272 0
-1.588859154426471 0.5150870233412045 0
-1.819647828247525 0.2826887203598161 0
0.04418412457913672 -2.100003331658169 0
-1.752173187245717 0.5555361973664037 0
-1.634313923665674 0.672396951673356 0
-1.471823509080015 0.6278489991802556 0
-1.515157413413672 0.7869275952463477 0
-1.359260063408462 0.741941254932401 0
-1.397559049020245 0.897985117244827 0
-1.246134547002535 0.8540179417853051 0
-1.283177370919966 1.007248963417706 0
-1.135721004674623 0.9675284769300225 0
-1.178293432701461 1.123446155315074 0
-1.026073126980951 1.07773125847011 0
-1.068360097746377 1.232603049636458 0
-0.9160304754348059 1.186276291501683 0
-0.9474662680706973 1.329913405868811 0
-0.8029869260502069 1.291852331915072 0
-0.8488986966797269 1.435051991512835 0
-0.6930586408065842 1.400061095616783 0
-0.7385756087822958 1.549070254519548 0
-0.5772600238784219 1.509558686845806 0
-0.6089233185749805 1.661589641045436 0
-0.4465079462104893 1.616176350545985 0
-1.347677542646854 1.171128361054626 0
-1.800045109590305 0.7196336650127708 0
-0.4882932130162446 1.789330439754077 0
-0.3179221269122503 1.733493515573298 0
-0.4986610872904669 -1.99398369180172 0
0.562920818374584 -2.217392448761556 0
1.102069134590735 -2.347969770327134 0
-0.7971996365438645 1.720659835621249 0
-0.3610898471708348 1.908866847251059 0
-0.1905467022218036 1.855740144715873 0
-0.14724213234466 1.681370087150548 0
-0.02016990755900693 1.802688815228124 0
0.01870240281612757 1.631254954082867 0
0.1470263066217595 1.749314566507397 0
0.1847923231345965 1.581300453460896 0
0.3118959783041881 1.697566996092334 0
0.3489976843450216 1.532052806594995 0
0.4753445683512275 1.646150425859814 0
0.5122668605894897 1.481528425643701 0
0.6388964905496797 1.59590761772307 0
0.6733190729231084 1.427773170096816 0
0.8041263003436667 1.54616061978817 0
0.8386263712580302 1.374927613465648 0
0.971853804876309 1.49499082350254 0
1.020003232989831 1.293359355261644 0
1.144836870837056 1.439097763861282 0
1.192667378604936 1.2649642830102 0
1.318157186810049 1.390940845587162 0
1.361730123673741 1.209083736865023 0
0.4392321865009104 1.816026239884293 0
-0.2322684084807302 2.035571268342238 0
1.102965422380455 1.621006620365581 0
-0.3537818552878829 -1.630289773890706 0
-1.08865949863196 -0.925811490177002 0
1.497861105917476 1.338278320370921 0
1.541318960800496 1.150128243355116 0
0.9806640210864934 -1.942898330628606 0
-1.352884122236996 0.033854938892744 0
-1.199107204092261 -0.5190826318919612 0
1.685676969018554 1.282751075049516 0
1.72709650302694 1.090281250022686 0
1.588302256751103 0.9534063311590164 0
1.768846063238163 0.8991660840317106 0
1.63168819962831 0.76321613670667 0
1.809762930705757 0.7088971415512775 0
-0.6554332123386412 1.240099016299635 0
1.957969404948727 0.8403117351591374 0
1.997637559982247 0.6431666375609326 0
1.666649681630458 0.587255720031264 0
-1.109036887856858 0.8180565316292985 0
0.05267209140725203 -1.743376495829443 0
0.8535359382857675 1.194791417041065 0
2.152692788461891 0.7773127689965589 0
2.19358132548357 0.5680811424672605 0
0.2265370888793439 1.420901568967545 0
0.5661458937860525 -1.868036297366434 0
1.732295062990747 -2.510309349436688 0
2.355104377243423 0.7108634490521656 0
2.397503642894263 0.4940157031878603 0
2.565004125399879 0.6423307458670091 0
2.607348145608591 0.4223124764000742 0
2.519822160913945 0.8627785067339923 0
2.438152595041184 0.2745826147915167 0
2.643992063707646 0.2001959657738968 0
2.477705143072849 0.05693483254171022 0
2.6829249963829 -0.02026161924180803 0
2.203725289339831 -1.975884464929234 0
2.80867489180737 0.3323543868031985 0
-0.4106072344618458 2.087588480544337 0
-0.2767228453932538 2.221474759437104 0
-0.4650873715599699 2.272823351354732 0
-0.3236539409837774 2.413127867298726 0
-0.5201746715175566 2.468899022785273 0
-0.3679435584233264 2.618275555815103 0
-0.5819019004979682 2.675184064820442 0
-0.422684235055615 2.831692602699837 0
-0.205034952885222 2.769556345203569 0
-0.6399522844598008 2.892318920982096 0
-0.8021464978154369 2.729946359002497 0
-0.2599401117157939 2.992016199780926 0
-0.03395846829450583 2.926153645494967 0
-0.8615443667047862 2.951717887543132 0
-1.026439642298719 2.78633946756082 0
1.638505335290845 1.476818752289485 0
-0.9071741924277471 -1.936787285494886 0
-1.073617648892051 -1.890981916111297 0
-1.029030913771206 -2.047614879337608 0
-1.196429738604321 -2.013999306004222 0
-1.140212054025044 -2.177222217353862 0
-1.317282863881553 -2.141007592444215 0
-1.258999979257129 -2.317042291788756 0
-1.446484208391677 -2.279168295866911 0
-1.384972189667169 -2.465125942015575 0
-1.582339061667971 -2.42582164678192 0
-1.190804145427272 -2.501620850041752 0
-1.320783568180843 -2.657500671046122 0
-1.116041565748807 -2.695210056249726 0
-1.252366777491588 -2.854887325221988 0
-1.041586950026457 -2.895178047596932 0
-1.643071128117406 -2.231825166702562 0
-1.785132249424153 -2.382707333770852 0
-1.847653503106514 -2.180654374009167 0
-1.995697036509434 -2.338627324278779 0
-2.059327044155816 -2.131505059453838 0
-2.207489130282726 -2.291469926580767 0
-2.279331552747756 -2.082797207513866 0
-2.133652666183717 -2.528538132730152 0
-1.090843979070562 3.014434164050487 0
-1.2561087883144 2.844422615685217 0
-0.9183802214266052 3.168393824412385 0
-0.09097581590840378 3.157730725450498 0
0.1391955665120832 3.088563367168883 0
-2.419563701226061 -2.253604178363822 0
-2.507240390959701 -2.02676686591287 0
2.518237120153383 -0.1629597368792841 0
2.728645146964563 -0.2393654074911 0
-1.182520680851093 -3.063826962840431 0
-0.9528338978678614 -3.105188006615209 0
-1.326607330130684 3.079754700497709 0
-1.498238165837559 2.902305342207659 0
0.08358595970997973 3.329698856693545 0
0.3275842296724082 3.2569556279301 0
-2.657594777202855 -2.209599545595323 0
-2.741280911404202 -1.967361239900431 0
-1.110953827237132 -3.280640164141054 0
-0.8749241925538254 -3.32376216494169 0
-2.583974554101593 -1.79188340322078 0
-2.813034869789647 -1.731059042844737 0
-2.657113366415119 -1.556529002582639 0
-2.879710886691696 -1.499778001970501 0
-2.718192888385076 -1.329413782385384 0
-2.946072015085647 -1.271893015316451 0
-2.784482938571961 -1.102492739012857 0
-3.014124960957556 -1.045635782702637 0
-2.851164985634459 -0.8754861400456191 0
-3.082462892012433 -0.8168012304093423 0
-3.250685741517912 -0.9920642963031336 0
-3.329009425985119 -0.746620014037275 0
-3.149535151498664 -0.5772058335714322 0
-3.39712459927849 -0.4984653526059753 0
-3.213500272716947 -0.3315612043330505 0
-3.456563096078533 -0.2624034343766624 0
-3.277526210646951 -0.08717204662150153 0
-3.522800567242162 -0.02578878874041415 0
-3.342474811349497 0.1576178744707251 0
-3.048777688333684 -1.668786731248731 0
2.560147540079372 -0.3818098818307208 0
2.35844858676962 -0.3076330790294033 0
2.771182351244621 -0.4607457579788881 0
2.946075623023891 -0.3133152834243827 0
2.987228768845887 -0.5436244035510879 0
3.170090660930157 -0.3900898447120853 0
3.212069350302511 -0.6350328184736698 0
3.40333561863906 -0.4706221578920129 0
3.446934350394829 -0.7261726530148086 0
-1.570401998951538 3.145474052791935 0
-1.74975382984653 2.962361765934342 0
-1.663881218856575 2.720830315292933 0
-1.923824191979193 2.777634876632121 0
-1.811962249866896 2.508893549499871 0
-2.092504657415263 2.588919811188294 0
-2.024679972947512 2.345187866177468 0
-2.273217639264195 2.410498348924156 0
-3.595221459372994 0.2168354527816213 0
-3.411122765392456 0.4088626807112397 0
2.397923604284452 -0.5127862280264119 0
2.210551085481407 -0.4481459269588631 0
-2.203428753541783 2.170161726965632 0
-2.447928262938923 2.229941893057858 0
2.243410280003966 -0.6330138664336431 0
2.07450349831303 -0.5760715051905223 0
2.103005536619077 -0.7454896532755112 0
1.948408108092531 -0.6922241773267613 0
1.975590996677841 -0.8506639816668542 0
1.830151502647979 -0.7937922735036862 0
1.802416024788225 -0.6485244304412687 0
1.695088796299351 -0.739852300521661 0
1.666572520882113 -0.6108289864847236 0
1.570827212641396 -0.6920468068121224 0
1.544666319497153 -0.5748662315934679 0
1.4535206638337 -0.6529549186460835 0
1.410924984771329 -0.5475703738717294 0
1.478312593045429 -0.7643912995490437 0
1.3700799364803 -0.7319379014516486 0
1.391741706450596 -0.8311638490098539 0
1.29506537753248 -0.799683585340907 0
1.313129534197224 -0.8940668955612872 0
1.225233154144978 -0.8610455179633726 0
1.208221592998158 -0.7709023020987393 0
1.239282985558141 -0.9540319729027729 0
1.328116538888515 -0.9879822618128999 0
1.151681020872935 -0.9221286178213493 0
1.168883758739193 -1.009657775408753 0
1.087342989083163 -0.9837231975688386 0
1.102561402861828 -1.063374438797163 0
1.020629543617748 -1.030814566686319 0
1.038631463535441 -1.112658853262912 0
0.9587652444786035 -1.086126818726034 0
1.108580170367748 -1.143366863924436 0
0.9776374852855747 -1.162226294541302 0
0.9037320162044571 -1.141211070743524 0
1.013527177831342 -0.9476832957071252 0
0.9201963421978688 -1.212579173567236 0
0.847190223635562 -1.185902630717958 0
0.8335498828017155 -1.118432801337317 0
0.7805801884390489 -1.159872263814385 0
0.771225374824475 -1.091557182825737 0
0.7186816508093279 -1.132273219990663 0
0.7255841044654847 -1.1991118195508 0
0.66554335064459 -1.172469910021515 0
0.6541071903433022 -1.099097373451269 0
0.6076403550679488 -1.146665208632396 0
0.593729534063227 -1.084413993990352 0
0.5506915910250914 -1.123025000100324 0
0.5446233102650426 -1.052824867353311 0
0.6262745338884489 -0.7598252641159862 0
0.4973651940678548 -1.095420528140012 0
0.4869638144725672 -1.037788036330657 0
0.4447340545956103 -1.072955059152129 0
0.4358710581683861 -1.017920042167686 0
0.3936028655350959 -1.050955184118567 0
0.3872604850044868 -0.9962288970156412 0
0.3432350037443533 -1.028895882891809 0
0.3375289487837178 -0.9745416140265828 0
0.2926704705621777 -1.006858095639389 0
0.2869158125109364 -0.9522271476455516 0
0.2418103235229504 -0.9842210484910463 0
0.235084164729953 -0.9303300107459666 0
0.1898419777388783 -0.962303490636507 0
0.1815500997060815 -0.907303763284364 0
0.1370146225075834 -0.9398327479011093 0
0.1286831172673829 -0.8824033921302609 0
0.0834991900190977 -0.9166234576284134 0
0.07711792580518945 -0.8590955910979492 0
0.02855697442977253 -0.8942792173127305 0
0.0218175323106528 -0.8341566748412697 0
-0.02842471218829146 -0.8711342054479411 0
-0.03600177061330656 -0.80747108036722 0
-0.08991228356635524 -0.8415572575834742 0
-0.09492580158800681 -0.775969882730527 0
-0.04610395506931828 -0.7446631002386528 0
-0.09805411006938666 -0.717933562098693 0
-0.05108900989949251 -0.6851862217873554 0
-0.1033806870944713 -0.6607143284322433 0
-0.1500826540442143 -0.6918929688942023 0
-0.1542950398587745 -0.6350945731846327 0
-0.1073907156415503 -0.6041379755246847 0
-0.1587294844895518 -0.5794448112571358 0
-0.2062663376935042 -0.6125552921248267 0
-0.2083632516406411 -0.5512644087967753 0
-0.1583708727208578 -0.5226326366368675 0
-0.2087482380767563 -0.4944339218863452 0
-0.2582145912851245 -0.523547829517004 0
-0.2565054239895599 -0.4673136202427509 0
-0.209654505831274 -0.4397392733654251 0
-0.2539392700228536 -0.4150578945246384 0
-0.3030229139360991 -0.4379102612938606 0
-0.2927885935111559 -0.3770105362168881 0
-0.2072636943698257 -0.3914909743918395 0
-0.3501377240926805 -0.4076771705157818 0
-0.3473806659647943 -0.3479371112264414 0
0.1300809647013211 -0.8225530844218221 0
-0.4010126189720448 -0.3777195046071677 0
-0.3982175465749672 -0.3184359683126062 0
-0.346230790644411 -0.2892224573705415 0
-0.3949596586630632 -0.260157992259608 0
-0.3443750549146926 -0.2328931832235661 0
-0.3919489412739132 -0.202880484709325 0
-0.3413648625524071 -0.1786005500969208 0
0.0006782498236385123 -0.01671184461723425 0
-0.3882519988977597 -0.1464583795772313 0
-0.4420346710506304 -0.1718347173653158 0
-0.4375762382403948 -0.1123712837528976 0
-0.378446970122665 -0.08544472823362875 0
-0.4359513590012652 -0.05380849293987032 0
-0.3796406690397676 -0.02405955284650727 0
-0.4266570843120853 0.009028619464253124 0
-0.3736509944098765 0.03383279207052954 0
-0.4203645083634396 0.06861072190108375 0
-0.367382394016741 0.09348434721534211 0
-0.4155791815069862 0.1291602489944762 0
-0.3594497029054018 0.1562275363056577 0
-0.4102552956183073 0.1925291700143507 0
-0.3536636635909771 0.2189472833109522 0
-0.4073069791762265 0.258108942223105 0
-0.3420552142460924 0.288718137860808 0
-0.4696434129672936 0.2290225939583496 0
-0.4941560293428621 -0.1391654265569745 0
-0.4026084971766387 0.3308688096958359 0
-0.3353591830765494 0.361383758198775 0
-0.2745674993646182 0.318384906801795 0
-0.2673014607920655 0.3906715599410981 0
-0.2096340618732392 0.3496778908053982 0
-0.2001499993887995 0.4191058845598915 0
-0.1435941235236315 0.3785953060523158 0
-0.133726022185481 0.4472813962328709 0
-0.08045410538199718 0.4045635686369083 0
-0.06685774361955057 0.4740939314785987 0
-0.01283518990760219 0.4265179903161008 0
-0.0002781255095878213 0.5029642275701938 0
0.05777637649610469 0.4605216663337864 0
0.09000087440571999 -0.9764616362542859 0
0.02021431612478825 -0.04018173280855956 0
0.6048705078391785 -0.7391110090158916 0
0.0698077848290186 0.540628890851084 0
0.1296791232577649 0.4882532172271253 0
0.007718482792401478 0.583903386435121 0
0.1105589900394775 0.4081301337055212 0
0.1877952557847265 0.4393381165097879 0
0.1795674222097917 0.3684499829469625 0
0.2469568986419376 0.3939422573193911 0
0.2373037123052643 0.3222897023167688 0
0.01610372752831017 -0.005247218105646779 0
0.3036056501502299 0.3480354209401542 0
0.2890675856138141 0.2695660061190553 0
0.3581843651876402 0.3029467741124096 0
0.348763455006931 0.2346175966448642 0
0.4133434979238523 0.2605964990573241 0
0.4034537270236659 0.1965546468834717 0
0.4671796965285248 0.2177949250816606 0
0.4485343142482915 0.1458208671157709 0
0.5199681411853642 0.1750076429964752 0
0.5096493852994075 0.1048952873100807 0
0.5764506073466855 0.132739116046409 0
0.5651229100859588 0.06676561284920007 0
0.6334736592439454 0.08922878757265268 0
0.6151368251219025 0.01288694689114247 0
0.6874858209903607 0.04859479795183831 0
0.6816784524570501 -0.03307605593555792 0
0.7515730749535323 0.003571870354765513 0
0.74287010849451 -0.07758685466230064 0
0.6452545063941487 0.1641299635858033 0
0.8171297980179093 -0.04568768109835223 0
0.8059722408950105 -0.1298874321659798 0
0.4259794436137601 0.3322228812428978 0
0.2823661459453756 -0.8976568439808662 0
-0.4038413052625092 -0.4385644960602444 0
-0.4582925601961235 -0.4057710247955856 0
0.5049691357705066 -1.160185700789355 0
-0.4608285780242914 -0.4716170447164821 0
0.141461784517327 0.5657331265458309 0
-0.08049559297998635 -0.911433285261517 0
-0.1466517577605251 -0.8780097822749433 0
0.2994410338789498 -1.060367787575092 0
0.8265534884706854 0.04032773187850865 0
0.8987695907607212 -0.01916066893902391 0
-0.2586265549034363 0.4644609768502767 0
0.5011924963812544 0.03882259066124151 0
0.6739838365691507 -0.1087089885367628 0
-0.3313718120731489 0.0009410630249058714 0
-0.4758697998206346 0.04297474255408777 0
0.3465224329638308 0.1763675596348903 0
-0.1383537688318919 -0.9516916324196899 0
-0.2060712664835366 -0.9218071488313666 0
0.4336813482655667 -0.9630853166699106 0
-0.5217452469162112 -0.4325966201028748 0
-0.5233657766811365 -0.5068889325800902 0
1.514526147377449 -0.4613054149656566 0
0.9110221869589232 0.07406478792514726 0
0.9898866997209508 0.007370467438238233 0
-0.09465116748526586 0.3441608055387428 0
0.2648030157851334 3.506032796534762 0
0.5128362035363219 3.427562671314917 0
0.5747354327497748 3.179540702738596 0
0.7634922490103749 3.35487672278984 0
-2.378889795752368 1.987134359609749 0
-2.624525728284106 2.047998939276502 0
-2.520018641917305 2.478786724071047 0
-1.034294567025805 -3.505810576069788 0
-0.7953093899295627 -3.551022655401292 0
-0.6375101772047269 -3.364757878180891 0
-0.5540253982745604 -3.586911538506128 0
-0.4014673315112969 -3.404252626205797 0
-0.3147584838433621 -3.626242803818848 0
-0.162737454283477 -3.444516033036626 0
-1.290238836903941 -3.448835995646546 0
-0.0751844268919717 -3.66434443800093 0
0.07647096011899487 -3.484690801548503 0
0.1648278505926566 -3.701814957900754 0
0.318382345203662 -3.524230868570925 0
0.4043327912756726 -3.750594162171938 0
0.5569953829470682 -3.563768504452212 0
0.1656137018931107 0.2996853939585375 0
0.6714699219153096 -1.236920481114135 0
-3.50768330624697 -0.9258646739914189 0
0.82065871343434 3.104128507093169 0
1.012595077014231 3.280067333684041 0
1.069031669457735 3.027484120297198 0
1.261496653510301 3.202628536608292 0
2.127126899284424 -0.9108516143008584 0
-3.671168860983927 0.471442148213936 0
0.01595314954927207 3.57937863652668 0
0.588621886222672 -1.034919300625972 0
-0.1985165947746635 -0.9991436480404345 0
-0.2682855956570852 -0.9707945566346703 0
1.320386824690968 2.948585831205485 0
1.512354216940637 3.126574901641477 0
0.6431977819579748 -3.813232180163914 0
0.8047626810634432 -3.607750453930263 0
1.571373065682146 2.869540231894264 0
1.764898744925479 3.04891666176019 0
1.829648078102732 2.798634811277505 0
2.021827473774465 2.97229316978871 0
2.087396044414398 2.674591026100342 0
2.283205035346083 2.887909837928631 0
2.341264019223249 2.623433818795623 0
-2.002364890372412 3.024294349256159 0
3.646408683468352 -0.554131834038089 0
3.597765280272715 -0.2973748657880503 0
3.691585715917565 -0.8129742678241791 0
0.9487939981011797 3.541554061010899 0
-3.706737326413335 -0.2100243189664067 0
2.547377052277379 2.811124007583291 0
2.610050033147792 2.540144344824968 0
-0.5887494736245455 -0.4644258828622316 0
-0.5901584540909386 -0.5443736592222945 0
1.999284081725665 -1.010452748439327 0
0.8890269720643682 -3.859683281066985 0
1.053624569247376 -3.64876099533892 0
-2.550587538358356 1.805833078088441 0
-2.801959904455706 1.863609621734575 0
-0.9625340813990808 -3.735894671526366 0
1.003765727386744 0.1099708023562266 0
1.085818236624586 0.04600422429492877 0
1.705845907613948 3.30979943538347 0
-0.2286688962236524 -3.867807791348698 0
0.2418341625227331 3.790443707605167 0
-0.05668068260339394 3.845672334820957 0
-0.5230002045595177 -0.5847708984965165 0
-0.5913986848663505 -0.6247896885868981 0
-3.16323280799654 0.3383660100996942 0
-0.2596455477303682 -1.053073397997532 0
-0.1731456048373154 -1.081768949822094 0
-0.3460241975925945 -1.015122613534207 0
2.818285910263969 2.730222198145477 0
2.882353419574573 2.453264161655014 0
3.849642275155844 -0.3827399475870311 0
3.796370090179389 -0.1107661547526466 0
0.487197171217425 -3.989768585193552 0
2.150924421181212 -1.075677632588033 0
-0.2886446268696476 -0.2059292598527967 0
1.141698692402165 -3.88834719372415 0
1.291577072628245 -3.6926013843475 0
-0.01369651146126167 -3.267810957081426 0
1.069650658420234 -0.06122223468226893 0
1.169380498370836 -0.02142923180369984 0
-2.626356096211914 -0.9341867418796661 0
2.484069392049876 3.086574261884079 0
3.024205134575312 -0.7816768121940547 0
1.833008804872579 1.42043447440107 0
-0.6568582224506769 -0.502768499397389 0
-0.6550182054030045 -0.4169375243092034 0
-1.789466509867048 2.29392381699828 0
-0.3310633415452922 -1.10833942098485 0
-0.4205457501635603 -1.069534690804829 0
1.514757223519717 0.6189760364854004 0
2.020951158438622 -1.17662628679267 0
4.062509016043066 -0.2069832140235395 0
4.005269008460584 0.07699649156617515 0
2.154705871291986 -0.2597148679105742 0
-2.311613611797671 1.747280359916506 0
-2.476942222031142 1.569812307895882 0
3.095363278266454 2.647159451878592 0
3.157371903425147 2.362810402954059 0
0.1405566973564769 4.044431632995745 0
-0.1382965755607816 4.117124242115705 0
0.7062451263195109 -3.37892137926649 0
1.396144861781699 -3.928432333849612 0
1.552359816307733 -3.685524850036476 0
-0.9012140366050799 -2.727034071261122 0
-3.478615281833931 0.6657779891957036 0
-3.740877886116567 0.7428067328366106 0
-3.940424729352357 0.5360434453386055 0
-4.015198322288987 0.8142265119920566 0
-3.811292598846785 1.02001911957816 0
-1.899390304221921 -1.972404725809007 0
1.130550762806744 2.783053455863103 0
2.950015320600217 2.170451389964698 0
3.220398590781749 2.075058408697106 0
3.437884126767346 2.274140767348119 0
3.496760779836602 1.983900818443024 0
1.741680967155792 -2.066291447417619 0
0.6334171797838637 2.935439053525604 0
-0.2817468404173538 -0.8830278356919818 0
-0.2207408582323355 0.2847754267429092 0
-0.4051895344378637 -1.168288685513207 0
1.189110432581224 -3.478927958471608 0
-1.318336535989568 0.592350419280848 0
1.237878433212616 -4.140921801618319 0
2.17593321341589 -1.242506319266235 0
1.65084408352489 2.638333817633788 0
-0.1102989104856602 1.494153590510882 0
-0.7281553166940228 -0.4552759486402807 0
-0.7238843657656284 -0.3682094819071992 0
-1.281919304268297 -0.2469310268965264 0
0.3154081914608102 -1.805487196532271 0
1.188617948098635 0.08937869743797544 0
1.280099411567961 0.01543201972561506 0
1.658385750336622 -3.969893573348939 0
1.838328874748825 -3.754677950883382 0
-4.092653881848481 1.095033401401872 0
-3.883402236231123 1.302269563050377 0
1.78283207741679 1.627954392412376 0
1.992559703660283 1.564069752945783 0
-0.1665638225747785 -0.4143812846860042 0
-0.1652201423842557 -0.3689416049476117 0
-0.1277732894827881 -0.3902305305713621 0
-0.1272186986995195 -0.3476272602762557 0
-0.09257967216977327 -0.3668908152565372 0
-0.09200975246464956 -0.3295019854616312 0
0.1408056375383718 -0.195617554103013 0
-0.06069728650660559 -0.346697020898114 0
0.121787568444099 -0.1724216922841489 0
-0.06017582611214687 -0.3130759615580166 0
0.06831760497391984 -0.1032193223534873 0
0.08716352910472515 -0.1265885435212085 0
-0.03101000852222282 -0.3291581906477907 0
0.2003320122175877 -0.2729932941849263 0
-0.0305425159144939 -0.3619954561148692 0
-0.002968033637157874 -0.3457952103594351 0
-0.00202612289655337 -0.3768382697899489 0
0.02395243781318024 -0.3608410515118895 0
0.02499421209671673 -0.390838124776505 0
0.2653827145886948 -0.3593542013772238 0
0.2483384028845328 -0.3350957020618304 0
0.04990055504420211 -0.3751731432176398 0
0.05128164483531747 -0.404398959546452 0
-0.03136424429580167 -0.2978587722642285 0
-0.0582777527761741 -0.2813475398558367 0
0.07481481220446995 -0.3886522176337031 0
0.07667428179920099 -0.4174952708458176 0
0.09937521185045164 -0.4024160660417682 0
0.1018815986013577 -0.4315797655356934 0
-0.02711348254153262 -0.2663576474843132 0
-0.05609703523588332 -0.2508164012928213 0
0.05291170246313639 -0.3448295434506156 0
0.1241369810104337 -0.4158461917352521 0
0.3290025308575812 -0.4348752935756456 0
0.1249042870948854 -0.4422611275652657 0
-0.03049592029770314 -0.2376114945725347 0
-0.05321695353302459 -0.2232020595939893 0
0.1459119638232887 -0.4283327695927099 0
0.1463439455949645 -0.4542481151858404 0
0.1254556181462993 -0.4681639738775903 0
0.1480960342576788 -0.4809352645724537 0
0.1662148442802788 -0.4660300750075478 0
0.1707224306162145 -0.4918591641867479 0
0.1511833844039452 -0.5069829844747668 0
0.1753370472891679 -0.5183447252673404 0
0.1974946258228891 -0.5023946384165836 0
0.2010334933892901 -0.5292693554997854 0
0.4087242665697207 -0.5213554291080512 0
0.3870562284136894 -0.499165672967136 0
0.178484895941007 -0.5457688069497854 0
0.2044851456890122 -0.5558993538782259 0
0.2259900958151806 -0.5396461688727872 0
0.2299371648550174 -0.5655244010034008 0
0.2496037061858475 -0.5487532937137295 0
0.2542299433867917 -0.5742949256251485 0
-0.03035723957285618 -0.2110006605437362 0
-0.05124501945008199 -0.1969696512330036 0
-0.008192365753932191 -0.2243143921829566 0
0.1257291863816717 -0.3865680265705024 0
0.2342224971316629 -0.5914927039562015 0
0.2593874499274875 -0.6006480230980205 0
0.4737962643403782 -0.5937712534340088 0
0.2817786775332534 -0.5817800383636266 0
0.2844605198593854 -0.6087734073356075 0
0.2650211044162658 -0.6268266825675325 0
0.2906380676774627 -0.6347689052833763 0
0.3101617181713421 -0.6155390717737741 0
0.3168931965907116 -0.6422502285506512 0
0.2969274051332564 -0.6612372531536428 0
0.3235030545655815 -0.6678193180070467 0
0.3423139766764948 -0.6494749188247715 0
0.3493637492874178 -0.6739842443590977 0
0.5541580328978324 -0.6815273761859524 0
0.5339179292278692 -0.6589998400375138 0
-0.02995118793361465 -0.1854307377804617 0
-0.05053194413990356 -0.1725879175471725 0
-0.07162998388662208 -0.1851047613215834 0
-0.07075955488753108 -0.1601863666200491 0
0.3660991075491743 -0.655368646659242 0
0.3736343050925475 -0.6791827083742441 0
-0.0289772627601463 -0.162457362856861 0
0.356841808183442 -0.6980778178442633 0
0.3817887317025683 -0.703365896204765 0
0.397252431242465 -0.6833696195822336 0
0.4062020315680311 -0.7071640790485507 0
0.3903268798007654 -0.727727261803136 0
0.4153459963438202 -0.7312547577569741 0
0.05111812601951678 -0.4365518771645656 0
0.4276158741380556 -0.7119966622749256 0
0.4384027497664563 -0.7352120935023768 0
0.4247493581174549 -0.7547439320467764 0
0.4494717075613142 -0.7574633573686157 0
-0.0947485595947736 -0.171616739421836 0
-0.089932406177334 -0.1409421793009412 0
0.4618257518525108 -0.7399457490755387 0
0.4737227634850836 -0.7608766981676746 0
0.459198081748331 -0.782989902806918 0
0.4842323984331222 -0.7826441682160947 0
0.4978294291467799 -0.7594496317242578 0
0.5088760298828184 -0.782425913447534 0
0.495935679534693 -0.8037268542836685 0
0.520928328488458 -0.8038516664563693 0
-0.1194201275916721 -0.1538577232491108 0
-0.117122665169121 -0.1248588415382407 0
-0.09197879407155855 -0.1125514437267683 0
-0.1151671151192461 -0.09538824102703558 0
-0.1421836803995488 -0.108210998108895 0
-0.1385448903141022 -0.07866859289740799 0
-0.1122342953769606 -0.06658662804436438 0
-0.1349509454476624 -0.04981417543452711 0
-0.1089725259144561 -0.03912042214172107 0
-0.1308413051965602 -0.02180923525843534 0
-0.1051480888435514 -0.01073413540313408 0
-0.127195475881371 0.007205551384925455 0
-0.1005701945506626 0.01945367350752624 0
-0.1247391311242654 0.03729866822754244 0
-0.09608536575328597 0.05015741869611134 0
-0.1199422688788506 -0.1860552560887662 0
-0.08555253722259204 -0.05615087255471886 0
-0.121963232710609 0.06958052570024423 0
-0.09177026406703505 0.08250957162169276 0
0.5078846215157274 -0.8254755700348061 0
0.532575471719743 -0.8268786226020138 0
-0.1675301632385895 -0.09032898798354083 0
-0.01020277903885687 -0.173616347913665 0
-0.009621751699513119 -0.1520479068232762 0
0.00766475491507081 -0.1621381734351576 0
0.5196794547841201 -0.8491332694160026 0
0.5461191727665413 -0.8506127045439295 0
0.3598049612209305 -0.6323159855108964 0
0.3819167254966869 -0.6386120367090256 0
0.3757190634432468 -0.6177106006368459 0
0.3957998878805825 -0.6232371205890154 0
0.3902332514841437 -0.6042994228440592 0
0.3722846970682172 -0.5984506324145774 0
0.008301680850813106 -0.1424061130083178 0
-0.007904226302477401 -0.1322565573562343 0
0.2463818659684999 -0.5249712946818815 0
0.5322813828853532 -0.8744850330519103 0
0.5613680618370714 -0.8745156675536769 0
0.5762122657310264 -0.8492924447774062 0
0.590121390050377 -0.8738890931660089 0
0.6053875493247537 -0.851043032786893 0
0.617787892101572 -0.8738363956657513 0
0.6323103665086928 -0.8469245873006933 0
0.6447223320248774 -0.8726668351927895 0
0.657656283579839 -0.8498076834933613 0
0.6714631948775651 -0.8732561481337335 0
0.6832635498080727 -0.8506686560293051 0
0.6987711888969245 -0.8730265069755525 0
0.7093750607913478 -0.8451531729116013 0
0.7276703802981703 -0.8734765924050405 0
0.7423247911425075 -0.8471597870224825 0
0.7264464626995051 -0.8204513183696003 0
0.6407890774890015 -0.7492907110434056 0
0.7563010966330218 -0.8199742240208573 0
0.7405030594717552 -0.7945052726676766 0
0.7713449102571035 -0.7925621837865858 0
0.7546123798472106 -0.7651666913152466 0
0.7902553689311249 -0.7642509531291173 0
0.7698036333756986 -0.7341070639626893 0
0.8084372947062468 -0.7326118257900639 0
0.7850755835186122 -0.7016050885123446 0
0.8249753613312536 -0.6986276084499484 0
0.8018665722664849 -0.6644935921218804 0
0.8455529723211275 -0.6616187143975572 0
0.8210186698621854 -0.6241533327582093 0
0.8673723767469551 -0.6242759404323477 0
0.771899531929028 -0.6294679355025879 0
0.5677784450199578 -0.6564722310557892 0
0.5864949580056373 -0.6793427638043219 0
0.7943189001358437 -0.5877039052722545 0
0.7505285945217409 -0.589204545323383 0
0.7696752794495443 -0.5511306112131747 0
0.7242135878168164 -0.5537420632176193 0
0.5024749418542585 -0.5706703788527503 0
0.7447641086722215 -0.5158796817322416 0
0.7897111572298501 -0.5098929709283953 0
0.7021016850685303 -0.5157101865479605 0
0.7207740998784422 -0.4796534997557767 0
0.6794960404566868 -0.4841903222567372 0
0.6960925496550523 -0.4470665838293054 0
0.6512455235039599 -0.454205733525678 0
0.4379250999553957 -0.4851166276579236 0
0.8689965062616239 -0.700208051434854 0
0.6720102277345842 -0.4131088285095082 0
0.6310276200028545 -0.418724130191815 0
0.715875801244676 -0.4080656602119397 0
0.6120136020303614 -0.4493324173602085 0
0.5939685270352514 -0.4216491788749692 0
0.3708852635536402 -0.4008122561284071 0
0.3890562772553181 -0.4217582649972582 0
0.6081971929415061 -0.3884611694629537 0
0.5738031000647434 -0.3938495862691694 0
0.5861207279984624 -0.3601958245846182 0
0.5485921121440777 -0.3690507631437132 0
0.5634125488048034 -0.3316258604623608 0
0.529074344102089 -0.3380676407251382 0
0.540184639381375 -0.3009420645963634 0
0.5037952877660328 -0.3126551176349681 0
0.3004996457916039 -0.3168714677497422 0
0.5181616183306326 -0.2765124701005311 0
0.4844082746562169 -0.2826195829194595 0
0.4979891617278671 -0.2496553761182672 0
0.4635518588281154 -0.253769760099147 0
0.4752052115568329 -0.2228569507874743 0
0.4423413622701936 -0.2284846825958812 0
0.2340633431168347 -0.2446890140109589 0
0.7593150775431634 -0.8744801750606531 0
0.4308135958051516 -0.2577120367559862 0
0.4065038363497357 -0.2355723063240246 0
0.4206070325974149 -0.2046720561153688 0
0.3907221402273656 -0.2101352181590241 0
0.4006907477686928 -0.1811018855871367 0
0.3697913050990458 -0.1908871956059849 0
0.3802552736690555 -0.1584756628375609 0
0.1680408541551139 -0.1721073533511457 0
0.3499979833690669 -0.1643029123255722 0
0.3596919038338569 -0.1352798983201018 0
0.3296593129299403 -0.1405506687869841 0
0.3394776997406975 -0.1118336893247252 0
0.3047892794229368 -0.1196887854420352 0
0.3184774408601035 -0.08881506994471818 0
0.2886724119602978 -0.09441910396846516 0
0.0893416668684727 -0.08412404890526526 0
0.1080279670408564 -0.106313571659967 0
0.2984574448539552 -0.06542397190146435 0
0.2675038461456007 -0.07516339019675065 0
0.2780806241191516 -0.04252667191969008 0
0.247473418302661 -0.04827079087152235 0
0.2576109739452437 -0.01856651690519089 0
0.2268179883685088 -0.02411251857899981 0
0.2370117658478646 0.005257222999332435 0
0.2023971694198584 -0.003431349468187809 0
0.2159626676525943 0.02862013322646019 0
0.1847047325624971 0.02248720965616907 0
0.1944538099699483 0.05444759756274446 0
0.1635585793561582 0.04629750705021409 0
0.6602472669874287 -0.5220005490270123 0
0.5620624885884959 -0.4261525605619747 0
0.5153734918914213 -0.3667661140736359 0
0.8064123968443903 -0.7934303404028025 0
0.4739463035239718 -0.3126452136430037 0
0.5990087734817786 -0.3194531565488968 0
0.2375674655219502 -0.0759780267454345 0
0.3013060647173177 -0.1479680924919272 0
0.3401899715012396 -0.1916297824135381 0
0.4015812020538938 -0.2635463345568751 0
0.1982024077776359 -0.03218447000699681 0
0.7165702004592142 -0.5918395154976172 0
0.1513708323502076 0.01529910786048439 0
0.1340480250969567 0.03922143735358607 0
0.1422196670158858 0.0683187871926962 0
0.1134810826020552 0.0607790190043728 0
0.1208214081781227 0.09024084628025589 0
0.08781841214079911 0.07916664426505628 0
0.09821665913336325 0.1136978642395174 0
0.7434738332413855 -0.7051417396507296 0
0.4123699725984603 -0.1505072404952054 0
0.6848673783980572 -0.8967090140576026 0
0.06492212585082301 0.1049476811712076 0
0.07459338315763936 0.1398589741433834 0
0.2883384644415394 -0.01034722095122646 0
0.5467992168899724 -0.8057068827718296 0
0.02364298980813663 -0.1522141907346442 0
0.02363807508887373 -0.1707754793496548 0
-0.1656432654803058 -0.3211570538020875 0
0.3040177624243582 -0.6881006405385538 0
-0.1509047146318773 0.05325523204811031 0
-0.8904840961842154 1.046354217110803 0
1.149887607335377 -0.1279808521292189 0
0.5414658722903102 1.318564991154161 0
-2.509610499571644 -1.391562886666402 0
3.278974311979804 1.787493484191235 0
3.553663677374316 1.695724550698617 0
0.5202829632782078 -0.7628702645138016 0
0.512963434428821 -0.7435408674861883 0
0.2676016737459281 -0.532863636233333 0
0.264849271364766 -0.5115474991706651 0
0.2839300706566849 -0.5185861043145291 0
0.3495184470336533 -0.4555353565861828 0
0.2811191643757694 -0.4990167458098137 0
0.2994795438470513 -0.5059451429231038 0
0.2630315891959171 -0.4914177043976864 0
0.3022772342166901 -0.5245823948569067 0
0.2784394336725775 -0.4800947153005149 0
0.2623933031521491 -0.4725191234293494 0
0.1821102553649019 -0.5742168287958725 0
0.2762985152395618 -0.462799303383777 0
0.2611195636941722 -0.4550901786636131 0
-0.4964807069472314 -1.129652458732283 0
0.04069004873036836 -0.1601613202012489 0
0.03952501211845394 -0.1787242574440489 0
-4.219013286098997 0.6077935825221064 0
3.723249949459712 2.182101677762839 0
-0.5110926692812947 -1.027402243663593 0
0.9209464307839048 0.1732810050839916 0
0.1040575756509104 0.03318553452328139 0
0.03585027516582108 -0.02707647519390176 0
0.3855316685476702 -0.5864091263330569 0
0.368630653840227 -0.5810186980466817 0
0.131493241461391 0.1224729171611445 0
-3.043702718499601 -0.1520510435742806 0
-0.09173187258334164 -0.4050372751184845 0
0.4084087285998755 -0.6086453521529387 0
0.4139492557512003 -0.6263517915005944 0
0.4945541946934636 -0.6153247761600431 0
-0.960283528869765 2.559244369629342 0
0.008397557703552385 -0.1237110079955243 0
-0.00609279503618251 -0.1139787313023334 0
4.279754597920939 -0.01914577692278643 0
4.223460831852769 0.2660285736929854 0
3.946661971100569 0.358857546650465 0
4.164523532847544 0.551130041821243 0
4.334497663170149 -0.3097654437287187 0
1.934365736829925 -4.023586458267077 0
2.109659356340014 -3.806565017571675 0
2.016526972941457 -3.547379605759235 0
0.3166532014653138 -0.5131342286347558 0
0.351331694315215 -0.08377418538004171 0
-2.913077254266597 -2.147551730876137 0
-2.815225560560434 -2.404094350017364 0
-3.089908802156158 -2.338316509651257 0
-2.998241836312818 -2.59829537377282 0
-3.277762282912719 -2.535704735464709 0
-3.192398561859687 -2.801133016480327 0
-2.904263116291574 -2.862733986046623 0
-3.103911922574852 -3.06974683782536 0
-2.815070420065095 -3.130063727061853 0
-3.473430258335012 -2.740099329926841 0
-3.56004150741539 -2.46598269402203 0
0.8600647158130018 -1.265028010979612 0
0.9372953510697737 -1.291684251030096 0
0.8703617510323969 -1.349165026362694 0
0.9568474034188643 -1.376372686824418 0
0.8835825698526514 -1.438088970160809 0
0.9732458424442687 -1.46893605603548 0
0.0737029804694707 4.32143216326445 0
0.3657764241453225 4.241265853031149 0
0.0398125518717841 0.1302357567343847 0
0.04851257332253107 0.1681368558318714 0
-0.2109742023137158 4.400424263228844 0
-0.4251638062670945 4.189225403866678 0
-0.3981050502556376 0.4078088821321207 0
-2.244704304684711 1.515663800910523 0
-2.410998082599971 1.346312854379744 0
-2.639107366234873 1.393806189407233 0
-2.573983859744925 1.172734520330539 0
3.489065206674783 -0.987001221351834 0
3.735676696517246 -1.073441718553535 0
3.530816255012235 -1.244337544099358 0
3.782592124147214 -1.34150248230223 0
3.99495981046323 -1.166376465939889 0
4.041488969966798 -1.44501448839688 0
1.046993609348766 -1.404355426064104 0
1.065335005339297 -1.502398356973986 0
1.14330170090236 -1.432491999814283 0
1.162885308942567 -1.537175876013018 0
1.2460746336955 -1.462758113932877 0
-0.06829582679949221 0.05998015242891751 0
-1.358739896843922 -1.400388390303199 0
3.329082165629257 1.51151730576275 0
-0.1191712735120689 0.1040182453369218 0
2.395675468927553 -2.545683430281879 0
1.720621272317104 -0.870498889802102 0
0.001882220966042976 2.701841511369133 0
3.660233825859849 2.480156998889159 0
0.9010132017351857 -1.531430705809935 0
0.8086741986918375 -1.497483750764049 0
0.1878753875632957 -0.2583236749448657 0
0.2123298245337364 -0.288521822796616 0
0.056375679366022 -0.08663748648914335 0
0.1515212382390085 -0.2101422752518225 0
0.278131711976632 -0.3733193259083107 0
0.4219829280500187 -0.535263443292863 0
2.042629560873183 -1.344859622810724 0
1.88007951096228 -1.279609755662176 0
0.3135637920638654 -0.4194320574157393 0
0.4615422577390856 -0.5794207576358438 0
0.5679946145600181 -0.6957173139005418 0
-0.5914132886512418 -1.088039102907011 0
2.739312509276668 0.7924705972912198 0
-0.4855390856120506 -1.232250600890664 0
3.571250151221983 -1.503303381028312 0
-0.08623224328371563 0.1176471699035519 0
0.07615172450828482 -0.06968544705444434 0
0.1546596548726001 -0.1577517542758431 0
0.1796804325230873 -0.1875971857765337 0
1.398499478079866 -2.457588026216667 0
-0.6024727733881809 -0.9853491570464634 0
0.2204232035027575 -0.2298663240784012 0
0.2470176587962156 -0.2583511288297426 0
0.3132903298708729 -0.331787006802625 0
0.2868466789221762 -0.3025796171777384 0
0.3585698728411899 -0.3839819832387037 0
-4.17139653828812 1.381501435463202 0
-3.966730390133123 1.592432918110535 0
0.4918817348511015 -0.8458283636034163 0
0.4484620743281915 -0.5008095599549911 0
0.4605607270483837 -0.5162601238437761 0
0.4241578343245057 -0.4694294392249292 0
3.029962215783844 2.933207784307799 0
-1.92144363695143 0.591656630004551 0
-0.5214545374400995 -0.6666565605726462 0
0.4901348225510801 -0.5557432261598183 0
0.5149500643400751 -0.5858389875734786 0
-0.3136010376468139 -1.20578217097623 0
-0.08640964597849904 2.167129365202051 0
0.556476389498979 -0.6405400270272763 0
-1.465683704540028 -2.799098744668232 0
2.314836845955552 -1.136259041965575 0
2.34105240645695 -1.314559758509393 0
-0.00179952630767908 -0.4069721720077583 0
-0.8040340467820234 -0.409467383507193 0
-0.7978485592511061 -0.3195736230530888 0
-0.7941599071055463 -0.5008241515846272 0
-1.399242334605358 3.327182991914857 0
-1.643626699794742 3.398758167272149 0
-1.462582420987604 3.592043943824367 0
-1.728296368842992 3.664964536256344 0
-1.508404908771701 3.877548375807816 0
-1.800447882446457 3.948425707711311 0
-2.006917656079172 3.736041431726662 0
2.280125348410318 -3.59058148481574 0
4.25949497709184 -1.274746208498685 0
3.057145661849181 1.613811804355203 0
-2.090105145299673 4.0257764515857 0
-2.305648142069343 3.80435259291565 0
0.03270534398889254 0.09168597048457598 0
0.1545739601060244 -0.5623947424958216 0
0.1578976359787898 -0.5934368793538228 0
0.1264464259003563 -0.5794022359465738 0
0.1301969368628338 -0.6146262588535261 0
0.09746031358233481 -0.6012338957281372 0
0.1021031206319716 -0.638821132742931 0
0.143414745522904 -0.6523665720023727 0
4.44574139783253 0.4637321394806975 0
4.387148008012042 0.7579470310661185 0
1.752055612357423 -4.242454843391703 0
-1.553978089258487 0.9468371702274532 0
0.260115575582246 0.4682411576830485 0
-0.2208641156270012 -2.045047287156887 0
-1.566011194447104 4.171923802488852 0
-0.1476362172870013 -0.1674448919278816 0
0.8361078070470414 -2.254578676438435 0
-1.547665813587185 -0.6917253681107104 0
0.05434894954581549 -0.170644400552464 0
0.05416247022146452 -0.1870713991779515 0
-2.877763946917974 2.115671345241401 0
-1.669026566328229 -0.1230748237438312 0
-1.098610525424381 1.375141042947936 0
0.77313162268878 1.728025765713148 0
0.274906834404144 -0.6807435530706658 0
0.2822744511422127 -0.7109186369597391 0
1.016446934580431 0.2142437437770509 0
0.9285686009560077 0.2809948789952963 0
1.032008272624211 0.3247469117590844 0
0.9383510306902507 0.3950477573776678 0
1.911809374813239 -1.444685333746434 0
0.5348768269878522 -0.2422522136340505 0
0.3092606750260502 -2.156126810389345 0
1.3012943341231 0.1385576590950309 0
1.400688229693439 0.05446090109804345 0
-0.4693407042025269 0.3735499736166077 0
-0.4648861499019909 0.4553643428010818 0
-0.5442072816065041 0.4167104567157574 0
-0.5371574187149498 0.5069503335446602 0
-0.6219142278151805 0.4650071273324338 0
-0.6139603333300903 0.5616640856113231 0
-0.5249848589113857 0.6022901715487838 0
-0.7020990299771152 0.519170313346915 0
-0.7071647639541341 0.4193655718914022 0
-0.7926210756635587 0.4740467932267056 0
-0.797473618935261 0.3701824873315447 0
-0.607132591934096 0.6604385493057174 0
-0.5096968705964213 0.704297976559309 0
0.3189528863812466 -0.5294961943443681 0
0.3324132893179341 -0.5184102253730506 0
0.5313146718049284 -0.7457809921428966 0
0.523475551638689 -0.729252618846148 0
0.2506046374055628 -0.7020428070059146 0
0.2591276137560066 -0.7366327405152729 0
0.223933783605318 -0.7264160227620359 0
0.8271027358337555 -1.053490431020128 0
0.2924691167590817 -0.7429418693178973 0
0.2913061903675204 -0.4708261413285491 0
0.1971775779827022 -1.016424813834795 0
0.4049147961412793 -1.097795804125687 0
-3.012263304199867 -3.347706628920606 0
-2.722781744127954 -3.40361109637623 0
1.272097152675043 -1.564603546992522 0
1.355163246081588 -1.493363264534341 0
0.06769213573763491 -0.1783696189455049 0
0.06816944634484726 -0.1944836444589473 0
0.05441652867399652 -0.2034303008241641 0
0.06947464811149445 -0.2118750227911332 0
0.05445786330667333 -0.2208723746339141 0
0.07044698299596394 -0.2296846217414329 0
0.05455534825078309 -0.239089970298598 0
0.07097647721015529 -0.2476188440487059 0
0.08644335221234548 -0.2382163926827398 0
0.08727411109997285 -0.2557979858909655 0
0.1020137212856667 -0.2463909221088706 0
0.1033641007767369 -0.2638979146650012 0
0.05456464898828831 -0.2577271158329572 0
0.08810652877197789 -0.2737418554652019 0
0.1045475185261047 -0.2813445732412532 0
0.11919429392047 -0.2716297327391329 0
0.120701348908441 -0.2886267402784515 0
0.1342688943573104 -0.2788561990512782 0
0.136123512632673 -0.2953660293211928 0
0.1224432239072859 -0.305769647844665 0
0.1383386095494971 -0.3124054419246999 0
0.1520290783925847 -0.3020525302845729 0
0.1541037525081711 -0.3186643217737272 0
0.08195843867525579 -0.201274717869816 0
3.349202719348971 -1.404192613604907 0
-0.8855703455162631 0.4270391668962609 0
-0.8910899242907417 0.3194360973724315 0
-0.7995306498305705 0.2637261353577267 0
-0.8922939947646675 0.2143300914124553 0
-0.8059615952834803 0.1584260440954959 0
-0.8944962100571416 0.1114221504810749 0
-0.8082409929170742 0.06057902525387492 0
-0.8947914562786724 0.01213595221804784 0
-0.9850826478681679 0.2679836056462412 0
-0.08173298171355627 9.107695390820326e-05 0
0.0940663395141718 -0.5640091893901376 0
0.381349799777432 -0.5696568661616472 0
2.031931225849601 0.4391293998082058 0
-0.5026281196614945 4.481209440931733 0
-0.44936564071556 -0.2860852510160504 0
1.944793868350551 1.779945644847271 0
-0.1568179609221508 -0.02784044463869383 0
-4.254152609435335 1.674781484079504 0
-4.043731696361397 1.891261232435841 0
0.06376331208297648 -0.5861792090298863 0
1.049753540956654 0.4423541767445732 0
0.9522331714738513 0.5124249528968238 0
0.84201683490488 0.4645670220321023 0
0.8534067393728361 0.5811015547190436 0
0.9639920287657006 0.6347905817805127 0
0.7477651396150979 0.5317354138115463 0
0.7574000618362353 0.648355016794516 0
0.6530094689704526 0.599194508044432 0
0.6622969967135761 0.7151416163351556 0
0.5586521464221049 0.6636624452233002 0
0.5673591036848808 0.7814602550535565 0
0.4536603107326944 0.7138166543178893 0
0.4706227788218547 0.8452833114258708 0
0.3643626711835797 0.7968865176409028 0
0.3731758201012639 0.9112605808463321 0
0.2684517982756292 0.8662894977944695 0
3.96225565433128 2.392421004816658 0
4.007097520996618 2.095038027647798 0
0.6284904788243487 -0.7336901570977827 0
2.385975461692003 -3.849247860961394 0
1.725429610101442 1.843254869523348 0
-0.1226589014252731 0.5097401332771236 0
0.2756731945856724 -0.444554986877254 0
0.2588676027766476 -0.4376593884220347 0
0.2466233779853382 -0.4490165366421592 0
0.2440989105716211 -0.4311227923161332 0
0.7242731032009571 -0.7702564201552066 0
0.6708613091157583 -0.8272941868320512 0
2.163072468571304 1.714450852551109 0
-0.6909986490051919 -1.044631978352321 0
-0.6896965947154668 -0.9393100771533845 0
0.09244939491303766 0.1787482585927897 0
0.05943500602274231 0.2085040881878638 0
0.01673713303162106 0.1979255352854599 0
0.2501630471778147 0.03997797801100306 0
-0.1492217048228052 -0.2007752452918957 0
0.1670724132490854 -0.3090530437726424 0
0.1691390236233583 -0.3243512465499317 0
0.03738192529889456 -0.1425739930235883 0
0.5465276008153523 -0.9015797233116505 0
0.604504578476932 -0.8986650396616989 0
-4.379098483391929 1.172976915395165 0
-0.8849526224822553 -0.3646619646048825 0
0.009498038483328414 -0.107129332172509 0
-0.004378596260042982 -0.09744896521774711 0
4.309709983246506 -1.552910700634132 0
4.092739988507296 -1.732817285170591 0
0.132998907088769 -0.2627921026065871 0
0.4254518860111814 -0.6135569175073745 0
0.4303039596468269 -0.6288925804411949 0
0.3298730457131978 -0.5029324432723804 0
-3.585225676620927 1.245766635003861 0
-2.084677884943047 1.684424979053734 0
0.6170965492238301 -0.8296942748496439 0
0.8264371152143918 -1.595144462578362 0
0.732658052001662 -1.55888652043456 0
4.561528398429651 -0.1149039892314144 0
4.616587509154356 -0.4159586971538768 0
2.487340113669727 -1.200531005247199 0
2.514798964905804 -1.389760321409049 0
1.330183190761807 -1.381893110478571 0
3.887340893620623 0.6409403818602204 0
0.2569598934413783 -0.4213433744712605 0
0.2428776751684584 -0.4147520230824412 0
0.2288651871558051 -0.4236433559590756 0
0.2282623502670535 -0.4066100782651745 0
-1.972165250101078 0.7678532544741682 0
-2.102779749551366 0.6225607843219438 0
0.01445381081584494 4.613749267769692 0
0.536998036653606 0.2504381284655538 0
1.765383181203203 -0.5139526173446837 0
0.05937501019758318 -0.5470761103660103 0
-0.1154322836681722 0.1419939087261063 0
-0.1525079028489798 0.1257169965275668 0
-0.0196121720247173 -0.1043031483622237 0
-0.01804632189154595 -0.08718682655855743 0
1.402734559517566 -0.430214656655408 0
1.309044072845603 -0.4862084581734357 0
1.490571268581348 -0.345776364513274 0
-3.763991756813173 -2.677589488539639 0
-3.851454813587676 -2.391767759364312 0
-0.4876029425076474 -3.183860637346994 0
2.176558255491044 -3.342038909357194 0
1.929084617522519 -3.301246554333392 0
-0.7780845478932665 0.5620848724318946 0
0.1077830095175612 -0.6793359578018043 0
2.559037352523565 -3.626254937376465 0
1.443079767275218 -1.417916778751803 0
1.468618833772713 -1.529482143737907 0
3.030201432747735 -2.065970884940068 0
0.3967744647981034 -0.5765349373795641 0
0.2136936896115932 -0.4156488519833019 0
0.2133583871675924 -0.3985498883628905 0
0.2280268469239924 -0.389365634228747 0
0.2125022932501084 -0.3814080959768454 0
0.1985493855836034 -0.3901443320141766 0
-0.2930558518827525 -0.1553821392409617 0
-2.022900205468019 1.46659759707308 0
-1.870647100362011 1.62321270086443 0
0.1985554336839737 -0.3733130845822773 0
0.7649194508069361 0.7608784475874301 0
0.1245274850828874 -0.3233696253800737 0
0.2116881894982929 -0.3656601522541104 0
0.3649517076011851 -0.5644415984911069 0
0.3787139514811722 -0.5564911577381326 0
-2.692508437217287 -0.7154897375202843 0
-2.478093154677611 -0.769781775927159 0
-2.537398893416796 -0.562223034819415 0
-2.338885026604734 -0.6074908797360112 0
-2.392049125735728 -0.4144099108894981 0
-2.290579118873544 -0.8003525291747661 0
0.7428656776268447 -0.904091490870842 0
0.7806455287374964 -0.904067508312594 0
-0.7168511142783319 -0.2794081372079814 0
0.2773710315692641 0.9813895458216988 0
0.1722516314878176 0.9344991643628495 0
0.1580478225055402 -0.3346915063690621 0
1.053089971141953 -0.1648387179047626 0
1.129427848762932 -0.228548299962783 0
1.035463181940946 -0.2607615824207805 0
-0.0857242310919778 -0.2668220674367292 0
-3.064913431216683 1.922027551490333 0
-3.141514819746836 2.186808847158993 0
4.679350420758735 0.6655393276740073 0
4.616993999213122 0.9697417913299149 0
-0.6017633241857623 0.765572917735261 0
-0.5011773817701362 0.8113416169560932 0
-0.4107776394810895 0.7474634867282002 0
-0.4013357130181581 0.8549439861791441 0
-0.3096969779691887 0.7903603169319099 0
-0.2999379815136478 0.9010273385399917 0
-0.2065976563764522 0.8343093889394364 0
-0.1974908235752185 0.9465232381050489 0
-0.2913048398690435 1.018082170869052 0
-0.1808139122425008 1.066901813176567 0
-2.197794882397675 -0.4560050986086294 0
-2.2494177313697 -0.2673978344026566 0
-0.2815424052755033 1.142136308871703 0
0.1811093425456533 -0.3150316279765901 0
0.2332948745333532 -0.7643673093645266 0
-2.531378115538668 -3.185657483750944 0
-2.43670060759703 -3.453199079300913 0
-2.626257905271967 -3.679923252930858 0
-2.333909170506477 -3.72818518597803 0
-2.256613083988892 -3.233628431160399 0
-2.524456708878509 -3.963263275686883 0
-2.226394649283291 -4.011366797194182 0
0.344519234136005 -0.5079964309509726 0
-1.374493265269374 -1.956726136964812 0
-0.0008413749603189193 -0.08027659412260328 0
-0.01617857613923927 -0.07037671601956715 0
3.533077841255768 -0.01566269092249134 0
0.1467895876173803 -0.2694704907543521 0
-0.9633288466073612 -2.206491486027317 0
1.230378017692242 1.101724928354558 0
4.320835648706358 1.050670486978372 0
4.550757041833219 1.276268725425756 0
-0.4533785505639759 -0.6253390035443447 0
-3.306422218167241 -3.290568594721874 0
2.040021704478375 -4.296915368737105 0
0.5403159983205958 -0.7309246465479082 0
0.547863559220092 -0.7457401511083344 0
2.67117637827303 -1.268524267394788 0
3.892301158142552 2.70406892938833 0
-2.802176254060188 1.217485614499437 0
-2.725963613816068 0.9860591079167565 0
-0.4499665810421661 -0.7063843875539207 0
-4.338505125785123 1.976948448714829 0
-4.113348816364496 2.198140539503573 0
0.06796602319478572 -0.1634405502972152 0
-0.9859526173759848 0.06327789661430613 0
-0.9862505459124408 -0.04191706095157324 0
-0.2685431819031053 3.640467418793623 0
0.351968494930591 -0.575921145658874 0
0.5794933816360348 0.8999361868063792 0
-1.252361261257119 3.751019062583651 0
4.357895163628881 -1.845165283261205 0
1.107921639543223 -0.3218072651183105 0
1.022249649320593 -0.3507677618162153 0
1.088186189615236 -0.4088969217565978 0
1.009652414530537 -0.4355673302908351 0
1.071617947153502 -0.4913826357103583 0
0.947124581357742 -0.3824480518961798 0
-2.443990716916965 -0.2214498501035928 0
-2.296957306270378 -0.07842938000595137 0
-2.494951880652577 -0.02709194728097013 0
4.132438266156543 -2.029985559343654 0
0.02776869364763366 0.2425983895933049 0
0.183254817903962 -0.3814631997482073 0
0.5328053318837194 -0.7159769809739664 0
0.5167610440885184 -0.7139965103769295 0
2.231296814309065 1.478437675383371 0
1.078338430441027 -1.60183707934891 0
0.02776973595411993 -0.5701436797081675 0
0.02374925023982277 -0.530364829842164 0
0.08926114088654072 -0.2923369845406089 0
2.671805292982787 -3.892666015154442 0
-3.645070697407559 -2.180595603505584 0
-3.935625082166152 -2.10476532907881 0
-3.723966184739002 -1.880692826574715 0
-4.017836349161194 -1.817015544405071 0
-4.231311399676088 -2.034788401539463 0
-4.314372385897526 -1.738885882553295 0
-4.097247564619193 -1.520108413634459 0
-4.395369859780312 -1.441756960202642 0
-4.180458248419004 -1.233106519972894 0
-4.474942480189795 -1.146672961039923 0
-4.259681426863541 -0.9364136997681909 0
-4.555140230205578 -0.848991685737258 0
1.415321372707259 0.1890593406309724 0
1.523973118232219 0.09510050612609075 0
0.1834419194292404 -0.3299736932638568 0
-2.38834936993869 4.104552136051709 0
-2.60593748908434 3.879718632100841 0
-2.521183583596522 3.579746611790853 0
-2.821051863614505 3.652836305846804 0
-2.733546011614872 3.355375240135514 0
-3.034203968760554 3.428020047739955 0
-2.944350746540314 3.134458337100167 0
-3.245656832352457 3.203370853495057 0
-0.03197434495773514 -0.0778378560932565 0
-0.02950288725388617 -0.05965078044462451 0
1.416083105487981 -1.299060683997955 0
4.403324332094184 -2.144734226072048 0
0.4409034443722838 -0.6169079014088295 0
0.4459111107924403 -0.6318064431971637 0
0.435644492516562 -0.6440279178698864 0
0.4513777586776136 -0.6467727618624581 0
-0.591128345972472 2.142128914288342 0
-0.3115278973516717 0.1189571158591122 0
0.5259046477206255 -0.7013024212364987 0
0.5102287073616931 -0.7001524820393425 0
-0.7237830120330704 0.1048886900409035 0
-0.7290258855447751 0.01663845938342561 0
-0.6794778448145582 -1.154779609764727 0
4.541063536997231 -1.363089026275008 0
1.89201114485979 2.001406898062813 0
-4.339635617660321 -0.6318337133964885 0
-4.638871658866874 -0.5512572463787496 0
-4.418426237489587 -0.330946102105704 0
-4.724417118061596 -0.2564987431506092 0
0.2560582219628136 -0.4064119820846617 0
-2.036335811191799 -3.781112624165115 0
-1.924745769920444 -4.059269951634927 0
2.078567021782973 -3.108829133075832 0
2.318465178559087 -3.14127798045377 0
-2.337354667721622 0.1166751985347903 0
-2.53891715832449 0.1713817877121453 0
-0.6242280118422309 -1.584855244285755 0
0.1821375707262161 1.055097833899747 0
2.05797162266125 -1.504047369484853 0
1.932820337394065 -1.606857048886283 0
2.723337082381185 -1.48573264290902 0
1.844034475349869 -3.072706581887377 0
-3.212977527317255 -3.578319868280501 0
-3.424076001169664 -1.1799349475237 0
-0.5921487561582821 0.8781780235025624 0
-0.1792058002668106 -0.1815108967816278 0
-0.1816365466917023 -0.217034159227891 0
0.4187348804851612 -0.2832847594478606 0
0.3933500025179941 -0.286721458551475 0
0.4068521821682406 -0.30527860778765 0
0.3736554053292965 -0.2712218420801227 0
0.3848963305358607 -0.3083240157293107 0
0.397001837506288 -0.3250335804095813 0
0.3773533783234054 -0.326791442111608 0
0.3660173691046659 -0.3120997762344533 0
0.3863673137467651 -0.3437181860506703 0
0.4074888483949097 -0.3415076704655855 0
0.3988819228613122 -0.3579736433581052 0
0.4177369229101679 -0.3570546701773108 0
0.4073461421597028 -0.3745198405452463 0
0.4275777237748969 -0.3724884884579869 0
0.4194222253462934 -0.3884997651459648 0
0.4378719313619956 -0.3876215861797744 0
0.427759761733308 -0.4046117657953608 0
0.4474775247522834 -0.4026567263052157 0
0.4395171003154187 -0.4182867108245732 0
0.4575288743195517 -0.4174365712203106 0
0.4476247705331584 -0.4341287702089356 0
0.4670790397129677 -0.4322270661117846 0
0.4592167082731164 -0.4470395548480786 0
0.4773537005070957 -0.4461290288963338 0
0.486012209733495 -0.4300897657047128 0
0.4964651228411862 -0.4467102319202032 0
0.4847622476672688 -0.4631833068199543 0
0.5063161192350369 -0.4622104188533441 0
0.4969170378364495 -0.4798274655910156 0
0.5167105611243406 -0.478741967043838 0
0.5064003734903156 -0.4978069278925426 0
0.5258867356510663 -0.4962364573622247 0
0.5165997798157913 -0.5127675115963753 0
0.5354151019783854 -0.5123511512327175 0
0.5263196514087998 -0.5281883907601195 0
0.5452381233225841 -0.5285975402117042 0
0.5547552697664581 -0.5121580448289675 0
0.5652567846999609 -0.5292476957051377 0
0.555495508927444 -0.5450657682614235 0
0.5749817155027317 -0.5470170371144876 0
0.562242814061407 -0.5637714641445326 0
0.5835924263176399 -0.5649672736546317 0
0.5732773029539541 -0.5818531249149137 0
0.592886138544894 -0.5824634698064628 0
0.581600243392516 -0.5977300905039475 0
0.5996793801723861 -0.6025995029088009 0
0.6130987933050587 -0.5830248344621087 0
0.6223860280126894 -0.6022221821788861 0
0.6108171083456964 -0.6204268348698215 0
0.6316513336518896 -0.6212639310201886 0
0.6197417659484017 -0.6378170388951991 0
0.6401919380793567 -0.6398989293488668 0
0.625941971020294 -0.6571350107565499 0
0.6483538983421531 -0.6584963181385529 0
0.6366573494754617 -0.6743237989313005 0
0.6566134102147607 -0.6766104311566232 0
0.6664165361226604 -0.6616221277481563 0
0.4461459402818965 -0.3713125035795453 0
0.586513760636864 -0.529724496363934 0
1.847282519012526 -4.527461640466428 0
0.1947517474011473 -0.320955799539918 0
0.08023545940024807 -0.1703563347576164 0
0.6893533088197579 -0.3716601547047005 0
0.7369317094475412 -0.3654298012125983 0
0.7081040426707614 -0.3240319839337215 0
0.7613696313477517 -0.3178833906945313 0
0.7300536898893999 -0.2706158420795252 0
-0.7853962064270755 -1.107769401757603 0
0.4618348871271382 -0.6353341710348053 0
0.4673137348045299 -0.6496264753210952 0
0.4570820035130796 -0.6617380766407971 0
0.4728471960892425 -0.6636850746002202 0
-1.812836596648557 1.418493964763097 0
-1.666888630318977 1.569609176058429 0
0.5552876006048855 -0.581910025087879 0
0.7592108047855215 -0.9381982870616132 0
0.347284938867842 -0.5230029768162944 0
-0.01390829287037726 -0.05443012928477421 0
-0.02639892305788955 -0.04356421674149865 0
4.280639309147976 2.291502250568255 0
0.5256383403202181 -0.6023016151671808 0
-2.118082394468977 -4.296258587005041 0
-1.814620797062576 -4.339745221704352 0
0.436534436137477 -0.6025711956420869 0
2.456609668347448 -1.013574359535656 0
2.690702351553917 1.022260847779475 0
2.921301577152447 0.9494794168675282 0
-0.07600403531436699 -0.9862163108348483 0
0.6428064993901622 -0.6931321928533108 0
0.6648240416932768 -0.694527864720947 0
0.6166567028111075 -0.7180348038763402 0
2.38714500116072 1.646743718458297 0
2.336518062783932 1.87976375377221 0
0.737122944179903 0.4202069196771057 0
4.853487784032108 -0.2120434342803806 0
-4.677507548687379 -1.358358831794535 0
0.2141758024035254 -0.4336898228050741 0
3.613822576225039 1.422198229008036 0
-0.7905049971529421 -0.2292978435405183 0
0.343933020710277 -0.4930486837162791 0
0.328288923302717 -0.4878596476380883 0
-0.003229247725973561 -0.2865043882837909 0
4.910693340707002 -0.5227449116934311 0
0.4638869378679765 -0.6769264040322711 0
0.6354942159867462 -0.5831627084997064 0
2.536085373986547 -1.59437031501235 0
1.227665626972095 -0.2116966931757925 0
0.7175325533954314 -1.46280593065357 0
0.6429151984074188 -1.521933319147884 0
-2.168272826714457 4.329176840742764 0
0.17790417500939 -0.3009889758714878 0
0.7976153451515359 -0.9419811902932765 0
0.8224601123459256 -0.9005807063663115 0
0.843214109894952 -0.9441035853203094 0
0.8693346300268679 -0.8974474640922636 0
-0.5216308269793969 -0.750253425251506 0
0.3599461473438349 -0.3290790530847909 0
0.3491444810307049 -0.3160674389960233 0
0.3252803228799278 -0.3475059881320934 0
0.4823766168413746 -0.6520141111933223 0
0.4880210261595865 -0.6654127249084631 0
-1.625184301399324 -4.103306639409347 0
-1.513759520759484 -4.380910602873241 0
-0.3827064006768718 -0.6644506241958605 0
0.5386470218605236 -0.4768987542830286 0
0.02249687643973194 -0.1148902133415166 0
0.02375602609647769 -0.1005173709460041 0
0.5155835475566757 -0.9000244173823352 0
0.5293301192219061 -0.9314627126085273 0
0.6297517776001356 -1.429067435797395 0
0.5564111374358244 -1.485671877901433 0
0.5440512589984611 -1.396422270860232 0
0.4745600176768345 -1.451704030053442 0
0.4601327294091004 -1.364400161747583 0
0.3946347294432834 -1.424258467468074 0
0.3800919348879329 -1.334732396336061 0
0.3135134191467672 -1.393752420413489 0
0.3003000393126767 -1.304011867937412 0
0.2327443747442914 -1.356476729744511 0
0.2204554347041348 -1.271874276440856 0
0.152778802137571 -1.323145085648903 0
0.1403247983165213 -1.239406249746545 0
0.07195258247858673 -1.291764410460529 0
0.08327806327662693 -1.38086330073415 0
-0.003069361735604669 -1.347305712572892 0
0.2469107911268489 -1.442928814419062 0
0.06068105688625595 -1.206268204516024 0
0.01023740817519972 -1.443643314833621 0
-0.08198592089314152 -1.406681724579785 0
0.4837744597719169 -1.542192808817404 0
-0.06894167807152077 -1.508928832665936 0
0.5543807793120135 0.5484954795794521 0
-0.01919319769707327 0.2271862747389922 0
0.1459064634938816 -0.2529448669185183 0
0.3585368809347836 -0.5130051732755552 0
2.850643055730179 -3.661959750255136 0
1.534334253219141 -1.336129195613982 0
1.506431711883911 -1.212438411926572 0
0.03540368592395773 -0.1073784253462447 0
-4.060706969555534 -2.616828947206586 0
-3.975114133254561 -2.903525613945555 0
0.1665377458818875 0.813908425193057 0
1.142361664705768 0.3726935832496577 0
1.165672360158335 0.4955746539659096 0
2.956898670292198 -3.931191205595795 0
1.670229608968897 2.061859377767834 0
-3.338655957879294 3.504363175968895 0
-3.555768827373247 3.271629849942313 0
-3.464520046717776 2.974013589106608 0
-3.773794698826173 3.03835176954055 0
0.1011998210289698 -0.2298027288727785 0
0.9368326495082192 -0.4590816970562469 0
-0.08965251877146466 -1.310856434909869 0
-0.1745233401504469 -1.368541902579386 0
0.00565714327191379 0.1198219261704995 0
0.1150427593418842 -0.2366657817598192 0
0.1145577748508173 -0.221971034184952 0
0.1267052925720319 -0.2276927422594555 0
-2.154852006381503 0.8154359357202164 0
-2.292207020510074 0.6750475844121332 0
-2.021060063958783 0.9491762836990632 0
0.2688963210084701 -0.4123549523227439 0
4.16512877025239 -2.334820928041059 0
3.852760734025972 -2.190074704286381 0
-0.7093191016622474 -0.1926854230187068 0
-0.6375401285860796 -0.2458465750681427 0
0.5559426144676962 -0.7316629584364118 0
0.563668381571938 -0.7452348742397584 0
0.4640372736296097 -0.4033028236489458 0
-2.964244336767282 1.049693333032675 0
0.4791502059370645 -0.4811809131875033 0
-0.4467421737317284 -0.7903088739306876 0
0.5190117323277055 -0.6873902906578655 0
-0.6985134227378401 0.8277826999769626 0
0.5562693334513436 -0.759025423928028 0
0.5720374082793336 -0.7584816210701073 0
0.03703763633672794 -0.2485845291927218 0
-1.720222661347333 1.771828942083128 0
-1.520702072822607 1.717583307158891 0
-3.044602893842966 1.268819727322743 0
0.06796110754381718 -0.6635847501868586 0
0.07347321463182627 -0.707022700548993 0
-0.7159029062686342 4.264110628191974 0
-0.8010366258574907 4.561616174050378 0
-0.5781650537922802 4.785835380732483 0
-4.561223505675194 1.751841549240128 0
-4.64881744023188 2.065143688904838 0
0.7466803001993867 -1.659827629105725 0
0.2475824817333333 -0.4816412676498561 0
-2.100510465170585 -0.1228066070627006 0
0.1583953422859193 -0.2607159278557235 0
0.7704093674025236 -0.4086141401206402 0
-0.319318641988095 0.6843599259513338 0
-0.1113906945749596 0.8829286726923807 0
0.3415637722138861 0.6888608623644654 0
0.6008625791560457 -0.6365893036752911 0
0.8461052281020944 -1.697386810325465 0
-0.1492588039059653 0.1681654017015876 0
-0.1904315905680417 0.1492356431682669 0
0.3818042840817117 -0.3603499679899876 0
-0.007611580076064516 -0.5538560479415304 0
-0.01274385557058098 -0.5128787246893094 0
0.1983141166000866 -0.4253257590529918 0
0.4235479645572729 -0.4213103055061491 0
0.4027638391461263 -0.3907244132096404 0
0.3541008654304712 -0.2997642187362931 0
0.337675569076992 -0.3031205821396206 0
0.3427317363425905 -0.2876153293561075 0
0.326466979098082 -0.2906442999708087 0
0.3316862313947166 -0.2751299027975955 0
0.3157333547483252 -0.2786249975754021 0
0.320660744981259 -0.2628430746220785 0
0.3050000398843177 -0.2667988667141787 0
0.3094203964886426 -0.2506849445896646 0
0.2920334255895146 -0.2561627301914937 0
0.2983054253259572 -0.2386515664724256 0
0.282263079350976 -0.2418056908130585 0
0.2874684066936218 -0.2260329058987045 0
0.2712359158986836 -0.2291163296176437 0
0.2764465680483377 -0.2135788806097015 0
0.2605090275771573 -0.2170695506538507 0
0.2654348126734823 -0.201275257210669 0
0.2495270076413577 -0.2047802841622174 0
0.2544048864643343 -0.1889757673453681 0
0.2380180215747678 -0.1924923504690182 0
0.2429204948109608 -0.1770136228760034 0
0.2269736476013169 -0.1798541090277151 0
0.2318077063668107 -0.1646756327412323 0
0.2158653476232222 -0.1674751596661008 0
0.2210949056019316 -0.1519399231451319 0
0.2396510873562838 -0.1482858433284095 0
0.2047894504187309 -0.1550291863659362 0
0.2100450562665463 -0.1394423799327192 0
0.193998863483382 -0.1429595586688598 0
0.1993103226461559 -0.1259289579152945 0
0.1828177781661013 -0.1304570280806343 0
0.1877674088260112 -0.1141559377547204 0
0.1717698278854895 -0.1180480046087845 0
0.1764823032207902 -0.1022981980524703 0
0.1615742288350406 -0.1057810392734109 0
0.1653585533469395 -0.08988981242602069 0
0.1488523590831752 -0.09527892403259243 0
0.1542991024366828 -0.07761185622146492 0
0.1377661200892206 -0.08081651456039814 0
0.1431264887490007 -0.06473025494708284 0
0.1264700253964713 -0.06785525505890348 0
0.1318632027175347 -0.05190985317028091 0
0.1150398592178002 -0.05507644566656668 0
0.1204888317847164 -0.03906350552538242 0
0.1035107955265279 -0.0422373888421439 0
0.1421003149286443 -0.1419467779209869 0
0.1795959140124723 -0.08782638489158581 0
0.3245945618686387 -0.2479672470341301 0
0.1090532020433993 -0.02605351985551191 0
0.09227622148873112 -0.0296531919005308 0
0.2803818375082374 -0.1999121176982365 0
0.1378839641547944 -0.03519499699869693 0
0.2178765374794432 -0.1207588637806568 0
-4.948504619334684 -0.4758141120981252 0
-2.478275279187118 4.413360309140256 0
0.4467285116013727 -0.6759244579410179 0
-4.133732329384603 0.3273451468917359 0
-4.417221441297121 0.3975533819979731 0
-0.8875898745689632 4.87027406087065 0
-3.330464363334335 1.980397827143132 0
-3.416589378901696 2.241569122088358 0
0.3096264406495532 1.111125083042105 0
1.507376696692354 1.903907154054671 0
1.448993176371048 2.110257587581443 0
-1.308803940417088 -1.566709767668241 0
-1.473583360186946 -1.5313148898468 0
2.777517581946537 -4.177806004785255 0
0.6248349410259587 -0.5622005383147283 0
-4.53626585060206 -1.961619078445721 0
2.950963841475629 -1.857970081520087 0
0.02442897782676675 -0.1879751026705145 0
-2.010197523087028 -4.584328514455557 0
-2.913466081838596 3.955352097999065 0
0.3479079847986137 -0.5598277937086832 0
0.3344520823027211 -0.5708308439403791 0
0.1599754357736353 -0.2741934865469084 0
0.5006562266972582 -0.7119581134641118 0
-1.414089750988541 0.3036548917426572 0
1.499435314427161 -0.02732186775240916 0
1.63709151751744 0.007536017329203981 0
1.647525682674735 0.1642800302333351 0
1.781951784560586 0.05455496437209918 0
1.748226257221208 -0.08613405852879165 0
4.22141873211022 1.360741891196495 0
4.463200358840218 1.600550049972989 0
4.788862163835826 1.495592074615506 0
-0.8117682122553276 -1.416337359278423 0
0.5093597716352499 -0.5293914700940237 0
0.5176385493829698 -0.5422518062333472 0
2.103694587655399 0.9686923176175429 0
0.1951765764334728 -0.7525609084820573 0
0.788372878516135 -0.2645188189548174 0
0.3069641221979316 -0.5442446033348343 0
0.2168114722469925 -0.6907992924527868 0
3.186580011348547 -1.882497753643869 0
0.1970896634031266 -0.3347261754566782 0
4.210273262045694 -1.025651164887905 0
-0.04283330276084877 -0.04920843953193166 0
-0.03918906162319524 -0.032244731577842 0
-0.1628641967519787 1.195981925000321 0
-0.2681648054453399 1.274439088062665 0
-0.0006506232285713245 0.08696038242119056 0
0.01911977618310311 0.06451760966182959 0
-0.004591251480232149 0.05523367506893958 0
0.0151475929523807 0.04084801460715897 0
0.03468052368840122 0.04584360114065807 0
-0.01228674330120458 0.03427012287826795 0
4.449983898473872 -2.451262720913073 0
0.5060311294522319 -0.4285947276460423 0
-0.390476996992417 1.087937709891164 0
-0.1173241888594493 0.7699957503939447 0
0.6521299934053484 -0.709117364785077 0
0.670611065624577 -0.7149586333247591 0
0.6858032182004506 -0.695813498879841 0
0.6947252313383145 -0.7162768030063323 0
0.6812427341847787 -0.734420749171524 0
2.265628812084663 0.1144860450176691 0
1.281058326431857 0.4073784148721457 0
0.1863466819241074 -0.3461144061111379 0
-4.046322972538922 -0.7325087177178921 0
0.6528494820646964 -0.6230761882629683 0
0.05515553654195741 -0.5078916818336051 0
0.2577752057805859 -0.1731054415345 0
-1.571152486701256 1.917624907517201 0
-1.37364796398148 1.863797578548896 0
-1.425121920289443 2.064437165278162 0
-1.226967664325667 2.008331807009557 0
-1.176900598975266 1.813549595935792 0
-1.034700461417862 1.952629690920978 0
-1.277456860327929 2.212073348615262 0
0.09733296563724694 -0.01315336982584827 0
0.08077883783931933 -0.01793567438724185 0
-2.652463971434305 3.064586634381107 0
0.2078368089289369 -0.326534732011846 0
0.08017097537568044 -0.1566088484305306 0
0.06866608641413217 -0.1497432251750146 0
0.6186320486600539 -0.6738193778229042 0
-3.517447720000634 -3.519921898093022 0
-1.113195733172761 4.639307870814726 0
-0.1499971313399788 -0.2367943870390752 0
1.986345031802657 -2.892240687954832 0
0.4944172171383296 -0.6967220888012741 0
3.387381832944835 1.228466636940175 0
4.936727484194275 0.8727739256381357 0
4.980351865078593 0.5668074085428548 0
3.674312858276155 0.4524773755767508 0
-0.384630895993592 -0.5761161935017522 0
2.031678600151465 -1.954101337014576 0
0.5261425983283214 -1.311846048211323 0
0.2858353198218536 -1.222060836352698 0
-1.079686891391893 0.01212425212937286 0
0.3013738049982058 -0.2240213559174778 0
0.4268120894847714 -0.3399215188370322 0
0.02711483485356631 0.0241499824381274 0
0.04781440714172058 0.03010258123856955 0
0.04247941186203835 0.01177773189548538 0
0.06070707873029933 0.0165599960887979 0
-2.902346644966612 0.8525400845254035 0
2.728566053572313 -3.35627835090172 0
0.2051179081097784 -0.7921067446021184 0
0.2442620948797599 -0.8032966842550755 0
0.578352888368338 -0.7445263151027781 0
0.5888157441655785 -0.7559263693701987 0
0.5806029012588293 -0.7711614846859233 0
0.596219854595391 -0.7703021319104876 0
0.5888288894361834 -0.7844346534932145 0
0.6052928320648808 -0.7838630073623141 0
0.2680213020518755 -0.398580957604846 0
0.2557252614741444 -0.3925944940833199 0
0.0371126142449083 -0.2685608789012852 0
0.1580785964712423 -0.06361920634137221 0
1.692303855065484 -3.255025879369056 0
1.614413639556914 -3.035483262961617 0
0.2111680335441178 -0.1841531633053688 0
-0.1091040151377083 0.1857692331982899 0
-0.6383207723615184 3.977071176834916 0
0.8358550841358727 0.2303504038094424 0
-1.470206589839961 1.52198113934002 0
-5.03134963317359 -0.1622146440946492 0
1.494919414346301 -0.8684557188175741 0
1.792016899759609 -1.55003760860578 0
1.807154974271324 -1.702475526698126 0
0.2058522222385518 -0.3131440446729065 0
1.30037079907121 -1.267376862622384 0
0.4504186166232374 -0.6057762281943957 0
1.299282678996734 -0.3994626877973669 0
-0.6474890949495723 0.05688092298576346 0
-0.6571523409626706 -0.03380633002950743 0
-0.6441795269875252 0.1435187193042544 0
0.5412649781817174 -0.7037037587281247 0
2.868385074551673 -1.338337423587528 0
0.2758886517145198 -0.2558006820075717 0
-1.082833145774816 -0.09893509166468822 0
-0.9740467623588968 -0.1573276463959282 0
1.29180245439562 1.962800914386603 0
1.23456260623854 2.1640568845058 0
1.080875594900156 2.020783329737697 0
1.026753886218345 2.226524294052937 0
0.8772931125006639 2.076938177572777 0
0.8206136516814894 2.281677044414698 0
0.6736145883968787 2.134052010215282 0
0.6174301332047579 2.336526878040831 0
0.4692075912373471 2.18995348078611 0
0.414041973552551 2.39087651493805 0
0.7667365941651332 2.488952890688514 0
-0.04740547016065762 -0.5401126035167605 0
-0.05156815183875966 -0.4946298664033343 0
0.08739838083666171 -0.0449525614397868 0
0.4419145059519896 -0.4492320466452824 0
0.4538223621239437 -0.4614645143700896 0
0.1682326317010282 -0.134023993143038 0
-2.850689654016517 2.854227839235549 0
0.1331981297674628 -0.09626862616252718 0
0.3616281401443294 -0.5266062490495262 0
0.3728776514700742 -0.5158258827337114 0
2.570375829268765 1.809796637503578 0
-0.182538529390867 -0.2539851813759931 0
0.339506332834908 -0.4792423545819933 0
0.3264683723237509 -0.4737792693015513 0
0.1265171751159759 -1.156470638208002 0
0.04971935230675213 -1.124310642471558 0
0.8267311027662272 -0.3168096633548397 0
0.8460478477169515 -0.2556957035440823 0
0.7507213798491226 -1.775881348444267 0
-0.01636161702370083 -1.173022605948591 0
1.118378450791387 -1.3370939423357 0
-0.004041456049466541 -0.6046139976484229 0
4.636883523454562 -1.955473599463225 0
2.149897718939468 -4.581932863259604 0
-0.7856560059903793 -0.1260612310742294 0
0.8963691086440382 -0.9422467278077165 0
0.9216488203825313 -0.8954125298562587 0
0.8921733331426158 -0.8507827366361802 0
0.9475111529281046 -0.8473835487837049 0
0.9164319978841968 -0.8020712911969028 0
0.9733087955735398 -0.7964622041038055 0
1.004421366403942 -0.8439286782949342 0
1.034211562486081 -0.7909787463949591 0
0.9985261727539242 -0.7396744198857839 0
1.063658641670789 -0.7328933472105549 0
1.023057553478562 -0.6804043934025259 0
1.089094547786822 -0.6733857877612933 0
0.2324791698889369 -0.2086583651472078 0
-3.443534483840093 -3.818500084177567 0
1.835938479667116 2.22453518736175 0
4.698189056738488 1.834230942804343 0
-1.330882932738702 -4.14518020137682 0
-1.211024773835941 -4.421259038777876 0
-1.400362341361829 -4.664999107249021 0
-1.094028946359913 -4.704137350597355 0
-0.9065972515769614 -4.458901042872481 0
-0.7875045813699588 -4.738949953272344 0
-0.605804398671388 -4.494875649976125 0
-0.4834995190717432 -4.775328721689365 0
-0.3063379061511812 -4.529750404354821 0
-0.179666300984904 -4.80940766302825 0
-0.001645520748165444 -4.565255866424488 0
0.1230917780097284 -4.84657251760733 0
0.308058682367975 -4.602187822783539 0
0.4217524989417177 -4.879168521100509 0
0.6134280018399237 -4.635694492921017 0
-1.282962933722288 -4.958617404171287 0
0.7312378498255302 -4.970223380688438 0
0.920638802050173 -4.681100592170876 0
1.047206690389273 -4.958721643337502 0
0.2364309871740785 -5.125382724120605 0
1.278671022509035 -4.663236993547501 0
-0.3676956110153803 -5.062270341903774 0
3.123812865401867 -0.1533411488855884 0
0.1153970530855124 -0.006249464878341307 0
2.470385286849339 1.078293756882704 0
2.625251270032885 1.298631500204334 0
-2.347392463041464 -2.974237799731863 0
-2.083452086479985 -3.027329698714813 0
-1.982337596232587 -3.28575224075562 0
-0.02143292977475326 -0.02639993686623863 0
-0.03566389100751506 -0.0155827249835267 0
0.1146155106035597 -0.7225583483909908 0
0.1104859158218467 1.922967692439503 0
-3.649953094007547 3.580379729232258 0
0.4966945592300545 -0.6537130789869076 0
0.491012401053695 -0.6410489534426986 0
-3.177990783118516 -2.063868299694319 0
0.3111592492283838 -0.2930239256833382 0
-0.7251094774776817 -4.215957975261185 0
-0.02928122995401768 0.1830646165812646 0
0.07310451286486278 0.2556168187749467 0
0.03944164830555598 0.2931887374329615 0
-2.757509455878314 -0.4870644760871075 0
0.6682564535622643 -0.2836185067726166 0
0.6969564050968159 -0.2219425243893076 0
0.6383387872804743 -0.232887673986987 0
0.3154820035565888 -0.4823211599811912 0
1.905325116250751 -0.05386292053061845 0
1.839526008070764 -0.2093023129834264 0
0.5018737444008956 -0.6666607817470644 0
1.539316298486161 0.4652408979437341 0
3.62183320612744 0.7219792950941972 0
3.41249309906711 0.5357064405990243 0
3.813674576315737 0.9133151684927709 0
0.5976248185699179 -0.7990458680406651 0
0.07814218903255224 -0.752256279696496 0
-1.522999793717778 -1.357219004031728 0
-1.643346855574756 -1.480462070570816 0
-1.691861056323907 -1.305240912784507 0
-1.818276681429894 -1.435977220055058 0
-1.867636862222236 -1.252935834714393 0
-1.604574615612973 -1.675820879993902 0
-1.999964003513187 -1.391451126044618 0
-2.049966430992643 -1.207024171243082 0
-1.913463477938538 -1.073229685119344 0
-1.952712168165859 -1.571776604079864 0
-2.137764500140931 -1.531325931761666 0
-0.3918354591192988 0.4861164145797585 0
0.3681434492899912 -0.5031245700601974 0
3.312199016946376 2.848130522069561 0
3.24416639976089 3.143970571119064 0
2.954717441880399 3.233063802435904 0
3.177212906355416 3.44772317977875 0
2.874937566085254 3.540962152750418 0
3.105349100877291 3.759286958659654 0
2.796904589803767 3.847887983436126 0
3.462368948971987 3.359045465910219 0
2.568652293966176 3.630140355451825 0
2.488536285112946 3.93367370665542 0
2.262074097784605 3.714394344663717 0
2.179774906117105 4.020084288158376 0
2.408827115500966 4.242713107450676 0
2.099187984530924 4.330204090029609 0
1.869997443712988 4.1039580172203 0
1.787578454895583 4.411741082008007 0
1.561782417876628 4.185433060481991 0
1.478314010555486 4.493451613764878 0
1.253192252091074 4.267246878922295 0
1.164560892233572 4.57486140404739 0
1.395656719536711 4.807347582850807 0
1.078036363856182 4.888644686559242 0
2.022176236212156 4.657451423991997 0
0.8480555497582316 4.654122234879882 0
0.7586200612440812 4.968638527895794 0
1.345405010532748 3.965666318118235 0
1.039515062540485 4.043855351675032 0
-2.235576753383615 0.4797646905155725 0
-2.434906851723529 0.5288901265972837 0
-0.3327517299131656 3.212255407102181 0
0.07509948081710377 1.003349849631412 0
0.07478364681391628 1.130548246739991 0
-3.247280795949138 1.726911977849206 0
0.8040716552590347 -4.385360383547351 0
0.788973890759917 -1.320866916469511 0
0.1263982178222345 -0.2145246778423882 0
0.1146782680943743 -0.2081481777268391 0
-0.5491936008610041 0.3345557698006769 0
-2.823861615111992 -3.912506112912124 0
-2.720674810987887 -4.191255090986924 0
0.10855379032285 -0.07162316108822064 0
0.1858545615224722 -0.6075730988366544 0
-4.449440293258014 -2.263055016081341 0
-2.350376096370526 -4.553240171003892 0
5.264224867672489 0.7697328098642571 0
0.1872824303055264 -0.1590241133151118 0
2.961541911516018 0.7101500473440023 0
-4.509578125630233 0.6852734171504662 0
-4.711260128224299 0.4789464058255864 0
-4.816090594302812 0.768988966100222 0
0.2538481163806518 -0.2329203131894152 0
-4.761909464991104 -2.194043879001983 0
0.3387060777215877 -0.5888633850518223 0
3.030385222596584 4.076177399033174 0
5.034048198430583 1.723567210868195 0
-3.682673366663489 2.730290524245676 0
-3.989103869760998 2.778496771431453 0
-4.08953604052988 3.104750654676619 0
3.149551992343218 -3.703748846798579 0
2.058213577731696 2.156495977078842 0
1.629150202961953 -1.250655917248435 0
1.606341457788983 -1.122736005832833 0
1.94657510517162 0.1305729799649036 0
-0.2129239858600168 -0.1946876911667184 0
-0.2127080693244211 -0.1566615176717487 0
0.7626521422790287 -1.022583854330948 0
-1.079587215041939 -0.2114847178784061 0
2.140401968768459 -1.814961840763757 0
0.6144080169312738 -0.7976941701804885 0
-3.228726997388459 2.453707981830934 0
0.05486915504474607 0.0008848395742683439 0
-0.05538625178570311 -0.0366966332765916 0
0.06937423006880533 0.03725848016416292 0
0.8819200217508796 -0.4142458120592301 0
0.03134046478186946 -1.559262211828977 0
-1.726178494994298 -2.587007509751061 0
1.150303581495139 -0.4661797054083645 0
2.312341844414454 -1.838034691678195 0
-1.203520291321214 4.952005636236855 0
-1.42591526566703 4.71080151346229 0
-1.827024615448916 -3.078607303792023 0
-1.732351255037281 -3.318139009858545 0
0.2101034347033369 -0.3394629531264582 0
0.2210938245916874 -0.3299376355712507 0
0.222329209130473 -0.3449837513909206 0
2.516035491098965 2.055092837967597 0
3.348651149954293 3.982816219058176 0
4.677062931115146 -0.7242352988140932 0
4.968268882951651 -0.8366735490479648 0
0.3319740624336556 -0.3195387410749321 0
-2.207725363594517 1.007847359376924 0
0.03601258672549441 -0.09420530325614504 0
0.02528190020597775 -0.08682504637110307 0
0.1835384592511378 -0.399409329861352 0
0.1668944154464614 -0.3915977661657696 0
0.1673071228019654 -0.3717605855285349 0
-3.683287901278274 -1.122360516090985 0
-3.598996139055199 -1.381919970845173 0
0.3198230449329304 -0.5831370411254662 0
3.279535340004382 -2.112201140960283 0
3.434143098510066 -1.918861760295406 0
0.4837654757821859 -0.7100242110307768 0
-3.401762257415286 3.800480566813242 0
0.2671791966129298 2.246472641873407 0
-1.078401318907652 0.123153108972849 0
0.07186284232137485 -0.2844016157234582 0
0.07278957894611582 -0.3038486129792116 0
0.0909313117301441 -0.3117683917316366 0
-0.02119845689190015 -0.009059278130811799 0
-0.03215186957079173 6.457828015535641e-05 0
0.0913214894801179 -0.1634539846437742 0
0.09203955903874492 -0.1764216409790575 0
0.5654262059000678 -0.9315940670907212 0
0.5467072162822978 -0.9643676289690658 0
2.833713672515846 -1.134016828045606 0
1.606971470398477 -0.3755673564743923 0
0.5084516451031467 -0.6558467596316205 0
-2.607966702562438 -0.1633920167507275 0
-0.650139811896133 5.097143912484849 0
-0.3362350300386331 5.011503873645994 0
-0.5146998278620435 -0.3651164804624067 0
-5.061848824203236 0.4960245023277206 0
0.009721173278275121 0.02331244668374893 0
0.5067843647683578 -0.9638569770532696 0
-0.1439546645847634 0.215775903421096 0
-0.1024733026150829 0.2365466480602303 0
-0.5226789916739375 -0.8378664987809632 0
-0.6118673930722264 -0.7946083554012554 0
-0.443546673347551 -0.8786161913508944 0
3.147043578460198 0.858069736381352 0
-0.319866700843387 -0.622700151132119 0
-0.316825794411521 -0.6983809395905292 0
-0.01641028166998299 -0.4655089668106379 0
-0.02705989676514527 0.04939794162457145 0
0.08414920095672093 -0.0003105162259468181 0
-0.1896066452532524 0.1003739366588639 0
1.694399198400536 0.4180305096892513 0
0.4456973289683868 -0.5924983419968626 0
0.4330650604485099 -0.5890827940280762 0
0.4410757313348118 -0.5802097401561904 0
0.4299516001646024 -0.5761431845373678 0
0.4207230797649988 -0.5849916988421811 0
1.209064522570586 2.355564995703658 0
-4.281714984833997 -2.845603204300826 0
-4.199369970340475 -3.15570164570412 0
-0.4957687836320069 -0.198211701374867 0
0.03952513350257692 -0.212428981883982 0
-0.6876107331317647 0.9457132238760971 0
0.5803318342345289 -0.8002204822473914 0
0.5898629414617526 -0.8160727003592347 0
0.1700182041741616 -0.2662953081208954 0
0.1699708424635827 -0.2527631166208313 0
-4.326446245653135 2.825173231328906 0
3.25910763116663 -4.01695138422359 0
0.1037914412235646 -0.1677521290362314 0
0.1037740286015737 -0.1802640900719713 0
0.1721879527865526 -0.2788402822560457 0
0.1740107542775149 -4.335047203145639 0
1.128891381633826 -0.5430610848440378 0
0.6219984754521024 -0.7820985407962808 0
0.6306692224166295 -0.7959703502984646 0
0.5332707565824885 4.735669101166849 0
0.4576735394378366 5.047864404696126 0
-0.02463389039342791 0.8218109935162301 0
0.03777072740721339 -0.004741496456513008 0
-0.05807351039452058 -1.616028114652319 0
-0.1550059410953248 -1.575665714218434 0
-0.6188302908501315 -0.1643388525232201 0
3.863883125288573 1.61963940756338 0
-1.432743565498179 -3.880412903616566 0
1.942700461124413 -4.819301949966805 0
1.584596470692404 -0.2556443603032519 0
-0.02765562276552593 0.1091105859109758 0
3.035648508158638 -1.21160240670474 0
2.420397004286682 -0.702640715983288 0
0.430413729908876 -0.3042436185518994 0
0.491506886738451 -0.7260220934491107 0
0.0800597705561556 -0.1439718707077625 0
0.06924499572230478 -0.1370242012634521 0
0.3139286235053643 -0.4682942012779642 0
0.3247175508962408 -0.4602199911863686 0
0.3129577149188434 -0.4547927715445995 0
0.587008888740241 -0.9653639943024427 0
0.7216263264133516 -0.9362079096822575 0
0.3750906559199466 -0.5305737582794531 0
0.3849782692400897 -0.5218888210840222 0
0.3894182939858185 -0.5357030526642742 0
-0.5813959729919865 0.9944841528216217 0
0.04610186875388481 -0.1012905648592026 0
0.04626198998741016 -0.1132417316292407 0
0.9538074386667281 -0.6865718946522277 0
0.98367881664208 -0.6279170017312419 0
-3.034344564804019 -4.158270481661797 0
-2.906546563536976 -4.476351492056953 0
0.3501940674852396 -0.4827717690597909 0
-2.250791417142731 4.63666375791807 0
-2.569264979622146 4.731370605554641 0
-3.206421296810592 1.086850118046784 0
5.144391504919626 -0.3167639294795107 0
5.093558406888158 0.004493833890144627 0
-1.591134324566517 -4.90588880342378 0
0.1986138313894752 -0.4441021127445062 0
0.2161192425281813 -0.4538375192934934 0
0.03744642598059 -0.08099493559616454 0
0.9669444381126253 -0.1961312886276426 0
-3.528906028097965 1.779489906936595 0
2.247152206473602 -1.680595529443209 0
0.02982779747870761 -0.6863895954885801 0
0.4182017402389942 -0.5720965602391204 0
-2.09647962197338 -1.715087784563794 0
1.475599327899615 -0.2303534763911413 0
-1.952870132324927 1.267446266043451 0
-1.723980715535806 1.206967928956527 0
-1.935670083156926 4.555031980116899 0
0.5142617585676683 -0.6671909531864224 0
0.2794122815938705 -0.404653001435833 0
0.2811342660980468 -0.4174747594272386 0
0.2788530201349779 -0.3914175008094071 0
1.651817622640854 -1.637362016150858 0
1.67569487178095 -1.786751542491726 0
1.537394756502345 -1.735842482433982 0
0.02658509748147919 -0.074848147874162 0
0.6043889881094958 -0.7577749716042332 0
0.4939710539279072 -0.4105316337932579 0
0.5180526592131443 -0.4084907377396242 0
1.473954187079308 -1.085919020371022 0
0.7047256750640996 -0.7359635293199787 0
0.6890047133390255 -0.7538915897583223 0
0.670232008470626 -0.7510749438432143 0
0.6760970826103809 -0.7677221775720771 0
0.4541919936525562 -0.6929990921615196 0
0.1815904288512451 -0.4332465672322807 0
0.8652134228890083 -0.4807495767072695 0
0.914544272753073 -0.5263542525290602 0
0.05300666763733354 -0.2964923675424386 0
-4.407497212084472 3.168508311389903 0
-2.483759356925767 0.7276941559230381 0
-2.632071203542563 0.5747719186829243 0
1.469793406439694 -3.198051856839089 0
1.393352185106423 -2.994363929836667 0
1.531933626935517 -2.833122188012241 0
1.32634572461349 -2.79776322688094 0
1.191983008520013 -2.95289540781029 0
1.128051195116243 -2.761716279855334 0
0.9974090719387553 -2.904436562005081 0
0.9357718965238058 -2.72440259752391 0
0.8085169086191933 -2.86088602558109 0
0.7480205873629618 -2.687599138772097 0
0.6217192578718788 -2.827031728434328 0
0.5617123159537146 -2.652015675668131 0
0.4390174419659013 -2.790661928144533 0
0.3815550527886423 -2.617389989181711 0
0.258986249008335 -2.753894391866933 0
0.2022019111748614 -2.581783854439922 0
0.08012493009118747 -2.717496341752721 0
0.02207978723915373 -2.545488493566434 0
-0.09865905661798464 -2.681290964390658 0
-0.1579353496001167 -2.508670581532744 0
-0.2828017321543804 -2.650531461842528 0
-0.3382497117217957 -2.472531953387785 0
0.5017503930240752 -2.972846390316024 0
-0.4548234067779969 -2.610143923791069 0
-0.5106839880369856 -2.434163915706856 0
-0.2162990103453069 -2.842284638186709 0
0.1427046947287711 -2.419487493669467 0
0.1365210681119326 -2.893536918226674 0
-0.3947875715161865 -2.303411398791486 0
-0.5682200681775155 -2.267641964846134 0
-0.6824008777412476 -2.402487847304798 0
1.044548479461984 -3.085227501691492 0
0.6839838869618771 -2.525865734579398 0
1.381639437943301 -4.997217197720021 0
1.730965339671376 -1.166076626679728 0
-5.121847168981614 0.8506941729768334 0
-4.901966526199569 1.06813697523597 0
4.192242771466404 -2.633286885179841 0
0.09459779972641039 0.3035704286911154 0
0.05461589416202674 0.3486483806243791 0
-1.773943665496562 1.974848242409095 0
3.091704438802464 -1.673735634076461 0
-0.1364151891347236 0.2610499636861478 0
0.1377718246480637 -0.2213043972795811 0
0.1379233500833198 -0.234849078401124 0
0.1505228946995653 -0.2272414717915917 0
0.213691504739174 -0.8311390736827409 0
-0.02822075164705851 -1.095623065594254 0
-0.2313693752706546 0.1271299766369724 0
-0.2334939485395841 0.07362064224873682 0
-0.2269956427263097 0.1753296163741189 0
0.6349063150365257 -0.7107226547624974 0
0.6547860424867484 -0.5564332714542165 0
0.6619161018179068 -0.5860127399597795 0
-0.02959174084964037 0.02965030131832491 0
-4.830686802538517 -1.864688021335549 0
-0.08714754246724746 -0.5192235942538942 0
-0.09141356725331781 -0.4749295643925355 0
0.6478576719313207 -1.713171205086107 0
1.069735325847285 -0.8464151398499808 0
1.808855003076867 -1.836683473248582 0
0.1092994814343373 -1.083274101642364 0
-0.4141210352335897 1.469447451876041 0
2.739489886055103 -1.83923773546324 0
-0.0187389127733037 0.005231550873181407 0
0.8586116089681959 -0.5417811924456799 0
1.286762575834692 0.5549840181563013 0
1.180908109561888 0.6303501047210116 0
0.2134592331314219 2.442939920985131 0
0.3606494697379978 2.597552049197112 0
1.349840743456418 1.749270377823831 0
0.8676836211203736 -0.9868789109405225 0
0.9257811633758173 -0.9882545676883002 0
0.8584757105256986 -1.801703467943691 0
0.9438966032733764 -1.721552296776626 0
-3.610182391266183 -3.221462209951544 0
-3.808950483827097 -3.481983504788705 0
-1.178303920905609 -0.04229946798936 0
-4.316908905147639 0.1177087613106477 0
-4.042799520310278 0.05824201626946585 0
1.556710407166258 -1.870585612338699 0
1.427846938317772 -1.806882918572937 0
2.341908805624781 -4.340759563715523 0
2.451402291297503 -4.654827255413545 0
0.01762411887356353 -0.2576721924333215 0
3.451649028542616 -3.747094013113902 0
0.6252555743446815 -0.6873947024399355 0
-1.580727361470706 -3.152737670461518 0
0.3484915440313658 -0.271303165727699 0
-1.472065960784421 2.274009477049193 0
-1.334064595434961 2.436622350104278 0
-2.087465597060523 -1.020921353609084 0
-1.954957632971019 -0.8914213875668594 0
-1.785153987546624 -0.9380874769278558 0
-1.830217400863473 -0.7670162340198059 0
-1.997632391124622 -0.7095365513450198 0
-1.8722903919513 -0.5931091427631683 0
-2.228550370333235 -1.12791037058883 0
-0.5777381105902593 0.09706094796320643 0
-0.5720336886405145 0.1749053082957351 0
-0.635409297327602 0.2266846227528359 0
0.6119552191249009 -0.6854604330244239 0
0.6037259819313456 -0.6736884839012054 0
0.1824117934091758 -0.2703259109302266 0
-3.338569303596088 -1.408013998270343 0
-0.1717315389658234 -1.269664183565863 0
-0.2723024563042998 -1.306640013270441 0
-0.2592567216402705 -1.42892777196206 0
-0.3634733266739928 -1.383904162401626 0
-0.04200371523882225 0.713072304229062 0
-0.138548551687353 0.6738300311294976 0
0.4266196825471951 -0.5641105861507666 0
0.41521862985387 -0.5595820099665011 0
-0.08491605731690491 -0.02976358436556773 0
0.2319036609859216 -0.3361572257224165 0
0.2343436947601626 -0.3497947889950775 0
3.553117348249886 -2.162478127906187 0
-0.9116606236053768 4.052606857322521 0
-0.8244123452380441 3.771687809904879 0
-0.1705157859168125 -0.1204361282654314 0
-0.1986651968414082 -0.1022439430273164 0
-0.195625024527439 -0.06773816933139568 0
-0.2294631627229092 -0.08223673360756845 0
-0.2257771008688336 -0.04230895676447398 0
-0.2631168041997704 -0.05851040755620604 0
-0.257406291848521 -0.0140818719830762 0
-0.2148869918989537 0.0003429986087596093 0
1.053821172358866 -2.592606848102201 0
1.653536952099713 -1.374235281486463 0
0.3496935995378259 -0.4716086621660641 0
0.6077432776008159 -0.6509697297530255 0
0.5919034752948846 -0.6493934886213988 0
0.5839639434130472 -0.6365467489931478 0
0.2005834094950899 -0.4641237201302658 0
0.2184493197968682 -0.4742461301942186 0
0.4246336968394345 -0.5520548329948965 0
0.4125266727025659 -0.5484149438290762 0
0.4034890687638183 -0.5555219559923297 0
0.7094723277774116 -0.696998214796084 0
0.6986845385179199 -0.6739259928643713 0
0.7280546475759433 -0.6742215380523936 0
0.7161041156110822 -0.6477708113387186 0
0.5016770408788488 -0.5424558586232237 0
0.4949560385971224 -0.5308878104204073 0
0.510608719444636 -0.5539548979487688 0
0.523503615337632 -0.5554607021286859 0
3.668926086225681 -1.976153756719794 0
0.04940947936156313 -0.01589189706877841 0
-0.04939697420461391 -0.004597920602405978 0
0.1837763012451315 -0.2812464357455747 0
0.331498403781766 -0.5526817227679941 0
3.666357512773985 -2.408158994912696 0
-4.864636913250763 1.835309436062915 0
-4.94624561734723 2.162665825081297 0
-4.726735759936628 2.394554649311666 0
0.5693201610150045 -0.8155785462292453 0
0.7266639530196457 -0.152073536132397 0
-2.269774600732933 -1.672002394069811 0
1.306997967033239 0.7028374952226688 0
1.194392878083843 0.7758855647300071 0
1.319783960518093 0.8458558998306225 0
-3.840490895327778 2.094252175159074 0
0.1505791528033308 -0.2385592674218642 0
-0.06024535435359762 -0.05588967411066663 0
0.4592620663618957 -0.5952079558408077 0
0.4619182705597848 -0.6077504558233781 0
-1.48634193568172 -5.230349871821623 0
0.8955967318518337 -1.035195585283923 0
9.289715214971447e-06 0.3284926259100831 0
0.05850116600546046 0.0746845850595179 0
0.1505838459892217 -0.3803345479125535 0
0.150003748874062 -0.3624981086710529 0
0.12524876600367 -0.2015829654528454 0
0.1151265842641572 -0.1957520093957571 0
0.1251846875340238 -0.1904120635245125 0
0.1038150800983786 -0.2011763107089952 0
0.639792167246229 -0.4914289391810097 0
0.6084422143385693 -0.4883450484267466 0
0.6318786476825036 -0.5220143203956441 0
0.6778445709106409 -0.5696938876130696 0
-0.7649102561574096 -1.226656274623736 0
-0.6598076223301375 -1.248058142584839 0
-0.8830602342823277 -1.175445016427446 0
-0.9001399221437123 -1.049677586966242 0
0.6375746078962693 -0.7838196264375095 0
0.6467378710470046 -0.7958304119817599 0
0.6402370860047395 -0.8095260946015423 0
0.6510116800959334 -0.7824512084232673 0
0.6620188683863502 -0.7928355578392692 0
-1.897361972165797 -2.810513994500758 0
0.1721218630876979 -1.11203438044452 0
0.696293953808183 -0.7750403480507697 0
0.4108452583847112 -0.401574576357149 0
0.3962180476681249 -0.4033802407135523 0
0.3888987831943536 -0.3921968273522219 0
0.4053220660300139 -0.417769435217776 0
0.07270131285666703 -0.3262749986580147 0
0.09433033404954895 -0.3307556076894897 0
0.4310553970084322 -0.4312861392058061 0
0.4267286226053963 -0.4475211370406971 0
0.4175203800895133 -0.4331773617371792 0
0.4026869046901378 -0.4321173721233674 0
-0.9841904719140423 -0.2629225655649942 0
-1.054921971377956 -0.313915832141468 0
-0.360232094966199 -0.8237516994588968 0
0.09679776870328444 -0.05886428628303389 0
0.6629545147376055 -0.7355119931379215 0
-0.6768203983463021 1.074677141053181 0
0.3899390283495102 -0.3718815396041149 0
0.3753369064897558 -0.3719215674490451 0
0.3674117586952506 -0.3622900360056278 0
0.4972421371276352 -0.3440413958023456 0
0.488815185547096 -0.3679043560112095 0
0.4691381185466196 -0.3468885825096847 0
0.3202038643198037 -0.3065764237632924 0
0.02745906727640066 0.007268096362364333 0
0.1201747854902488 -0.08467135551550604 0
0.1065316820059435 -0.08520459661618826 0
0.368196326795529 -0.3418232940572919 0
0.3533995130097997 -0.3429175822349984 0
0.3425818323491706 -0.3323919410557186 0
0.05835595917873249 -0.1425540421572659 0
0.05851537139665354 -0.1304019767887334 0
0.07046002048987271 -0.1238173719480739 0
-2.823904279202891 4.509136513000766 0
0.2444699725810775 -0.2195433222942147 0
0.1782208036750876 -0.1454619514853335 0
0.1983947481562611 -0.1718563607681604 0
0.19693392660612 -0.1867413574749147 0
0.2149000960269487 -0.05547759412856201 0
0.2117185982233917 -0.08469036420361922 0
0.1897219182863918 -0.05588636935231334 0
0.1727914049182705 -0.03712633090154315 0
0.3178620327302126 -0.1713423858484787 0
0.3135105995633654 -0.1945086866918157 0
0.264673681019883 -0.2454575474128053 0
0.2631194687342787 -0.2598577849362902 0
0.2234266060948586 -0.1954217000597562 0
0.2183170274295808 -0.2090065289207062 0
0.2932480137428811 -0.1717422290458956 0
-0.2656857794195252 -0.1002162732072892 0
-0.3005590970682236 -0.07457956613521805 0
-1.148150238743709 -5.261334912405557 0
-0.1479297862658821 -0.2781305164669565 0
0.1704647415404363 -0.003971668643320158 0
1.578803533609828 -1.015525981303443 0
4.51301847878556 -2.817078624458999 0
4.767036308660984 -2.545249543167948 0
0.3289468479953522 -0.214401395666916 0
0.3533024804153534 -0.2136643744650837 0
0.373935843410703 -0.2355290741709669 0
2.072828387169118 0.0001245164593474532 0
-3.302579616367036 1.293697750029606 0
-0.7933693064595335 0.888303508681935 0
-0.8083404213067287 0.7750444466552706 0
-0.9006945317789176 0.8380007949609256 0
-0.920906392286879 0.7157951398128426 0
-0.07194914897496209 0.02809686996858161 0
-5.324923498655393 -0.4197909073625308 0
-5.162828878904172 -0.7472240405704558 0
0.185011026271456 -0.171694377072634 0
0.01548152598911095 -0.07883375885091561 0
0.01808945709373274 -0.06743408958506224 0
0.3177996427182547 2.031534126285208 0
-4.719621348412672 -2.555988489267948 0
2.623178672336696 1.565980063818506 0
0.3524188228134895 -0.5362838649075696 0
-4.782969134185637 1.524067374165045 0
0.8680585156006742 -0.8069435075905838 0
4.322726740226327 1.942720892280362 0
4.610029307616228 2.167220660979961 0
4.545455579463322 2.5004708249453 0
0.7120268094319325 -1.066484664968738 0
0.7036128105686418 -1.011096842967662 0
-0.7703061823505621 -2.212109964533148 0
0.5640771661744197 -0.59668442392527 0
0.5700598058888537 -0.6110440679292921 0
0.5474613389668008 -0.596042670763721 0
0.5393397739994923 -0.5829154997148849 0
0.5551690566230979 -0.6108507811756539 0
0.5622892818949832 -0.6211940200543217 0
0.5453058292555246 -0.5692994539421808 0
0.2029615216621457 -0.1976354668582768 0
0.01694778887960048 -0.2353167068581251 0
-2.047195980077321 4.929479034575064 0
0.6611337590514149 -1.036887408918391 0
0.6589742806083401 -0.9901136529294623 0
0.2272589433726457 -0.1005837146580404 0
0.2510168612459434 -0.09827500973587396 0
0.2719522343631234 -0.1201065906803272 0
0.7109857908028101 -1.376198540381121 0
0.4881290578723816 -0.4955534673093496 0
0.4724876899759838 -0.4950426276595963 0
0.4791840974396305 -0.5093854400682994 0
0.4642604661321278 -0.4830347044895973 0
0.4945654992053806 -0.508984130906563 0
0.4679161181631269 -0.4696787214389788 0
1.548637650815952 -4.468260960482131 0
0.9637049262467924 -0.0942120341535935 0
0.6585183422844688 -0.1735308326908061 0
0.6125113210761094 -0.1335046923741017 0
0.6191159272505597 -0.06441366579243579 0
0.5652202221375268 -0.09603886308665462 0
0.5591184254372379 -0.1533957978735985 0
0.5159868419531568 -0.1228085129336684 0
0.5183928164022549 -0.07042123958013165 0
0.4737624987593697 -0.09390547867607436 0
0.4752152951196715 -0.04563152016070302 0
0.4333224600583823 -0.06731850875391157 0
0.4339726615534477 -0.02031690514838337 0
0.47362865029254 -0.1446721442064216 0
0.3948015806507357 -0.04007329043813904 0
0.39433040019812 0.004832745220886342 0
0.3521787980895617 -0.02068147623790191 0
0.3557155695155529 0.02896051492757628 0
0.3974246257655407 0.05227775089739679 0
0.3554561855070195 0.07688151770481863 0
0.3138140880839857 0.04993414148352236 0
0.3126241089119814 0.1040202716492337 0
0.09565173730885718 -0.07193350066586311 0
0.5486134394997907 -0.7177553765202451 0
0.5621933730943385 -0.7181517599142296 0
0.5546257705174235 -0.7061731048926109 0
0.4047660721508762 -0.5915467956082259 0
-0.0901000253123716 -0.08428150459509351 0
-0.06929035568113785 -0.09960977574643977 0
-0.06891217474613442 -0.1232080990186633 0
-0.04839304100529945 -0.1112803388529796 0
-0.04867419684962412 -0.1333592180404678 0
0.6427958592968628 -0.7233487671063666 0
0.5715076646541887 -0.7301975765118391 0
0.5853719963042399 -0.7327180284647152 0
0.5924592022439965 -0.7418632415143082 0
1.201615502721846 0.2120638639938847 0
3.893712121057685 1.324239279329832 0
0.9502673909770314 -0.2908119461708822 0
0.3242222058690036 -0.4460541930682581 0
0.3115313635214818 -0.4421492614568856 0
0.3012220222232834 -0.4491895256693911 0
0.3012777527572504 -0.436830259060718 0
0.3343792203971681 -0.4529624920410929 0
0.3373704162434532 -0.4655404391412503 0
0.3995783709765614 0.1022463895726199 0
0.4760754902666562 -0.6915264176240635 0
0.4641724988017413 -0.7082225006070857 0
0.276601607414034 -0.1532986559755832 0
0.2166552557990147 -0.317505358042759 0
0.2156866357522565 -0.3070713608611648 0
0.2061804597957611 -0.2990620848492312 0
0.2098289110139853 -1.188303230386494 0
0.2705325651717634 -1.152927058737549 0
0.3391967176392937 -1.180213145750372 0
0.1188039826066098 -0.2526124690673365 0
-0.9859844870893923 1.767122623270817 0
-1.095134588518108 1.631313709311641 0
-0.8504794942127877 1.901487858399813 0
-0.8927340625878187 2.08637444658862 0
-0.096114518012967 -1.134149752653463 0
5.11704911999237 1.388198796320728 0
-0.2815488587712118 0.2467617289646156 0
0.1466130291876011 -0.4032232284972426 0
0.1640486056072265 -0.2952281363459046 0
-0.250406336394469 0.0264931649851093 0
0.2215917640953466 0.2564583363875564 0
0.1698540249169897 0.2340909846836134 0
0.2103885123412681 0.1992383635042964 0
0.1697386647323265 0.1791971835602336 0
0.2060994134622917 0.1473416707928754 0
0.2546496154999808 0.1688166777557676 0
0.2397906515602536 0.1153032333564204 0
0.1941342122698544 0.0995470956088598 0
1.311051373113762 5.127401976355747 0
1.585974803193499 0.3163626044964681 0
-0.3463968677035758 -1.499853125540144 0
-0.4463071005350342 -1.44866730231455 0
-4.801682905898121 0.0556322162426679 0
1.453530166622546 -2.639626928527282 0
0.5359610821425674 -0.6893676626491225 0
0.5298353157796452 -0.677273047113522 0
1.276084200586699 -0.7113916141932181 0
1.341427248288782 -0.6396274389652936 0
1.240505846856366 -0.622756645979069 0
0.2919055575142588 -0.4085572091497881 0
0.2931664093710094 -0.4220709624789409 0
0.3028594737153382 -0.4147315740733161 0
0.1188970901428904 -0.09682288600170079 0
0.1258246530365866 -0.1080226296797545 0
0.1392948180567894 -0.1073604926609901 0
0.3010217939632931 -0.2821201544992935 0
0.2907749552254034 -0.2725072088918239 0
0.2869834686212703 -0.2856347558673381 0
-0.007671293880442068 -0.1991062292106766 0
0.08647036115121837 -0.218978453323713 0
-0.4025868399331402 -0.5054482341097438 0
0.6118106645707497 -0.7699440530592774 0
5.358852206733978 0.4435521232926198 0
0.4772843667460671 -0.6386160400391511 0
0.4726640247025198 -0.6257296111356309 0
0.4859772325160627 -0.6295861710342828 0
0.4973202427347316 -0.631515065013561 0
0.07697933187094025 -0.03358661199854823 0
0.07400311631099363 -0.04705114702564778 0
0.0652542115231011 -0.02386428670329179 0
0.1336150942769541 -0.2476442057712857 0
-1.045101891410677 -1.063239027426216 0
0.762371506786455 -0.6703338004262186 0
0.1564036694409379 -0.1218068446523141 0
0.6606524976197632 -0.7624963615422843 0
0.5637395407506087 -0.03703850243112368 0
0.2978466894590983 -0.4874652353147004 0
2.371734753287564 3.403649831687236 0
2.037418042844722 3.481956713514199 0
3.260356542436749 4.323868873494618 0
0.4401571344526271 -0.4623238509811458 0
1.56084273156023 -2.018110993916087 0
0.2317283314541579 -0.3261510951887596 0
0.02665625384170706 -0.6422625692993396 0
0.2836541021310801 -0.4308500746158007 0
0.3302071184657138 -0.3323778648437375 0
0.8842767436278749 -0.7525977693506321 0
1.169772179180021 -5.259295500652225 0
0.7076824713976113 -1.88934734139926 0
2.025831456231466 -0.4172909097688281 0
1.057189274155209 -0.5601071728420267 0
-5.115522734917931 0.1565040183385624 0
0.1465149391763171 -0.01073222179647057 0
0.3352122185943389 -0.6261689821164856 0
2.408441849502354 2.332111308824071 0
0.4008920856003553 -0.5433178236979495 0
0.5923976034691367 -0.6224878990549361 0
0.165542694628928 -0.1471423620728207 0
0.1722140353039027 -0.1588040461281179 0
5.408006236447584 -0.1015155524167122 0
0.38913317323039 -0.6606073834720858 0
0.4112385090792572 -0.6670027096449946 0
0.4180347148011066 -0.6893409354991806 0
0.0247200987267113 -0.1318440577934695 0
0.03849691759281142 -0.1305460689882304 0
0.6460424227371733 0.4868127090178561 0
0.540342781933724 0.4326708973883058 0
0.4610541174798882 0.500338607992324 0
0.636335364164145 0.3799116711439121 0
0.7131051650771214 0.3191411722966598 0
0.4661165651977788 0.5989629565561586 0
0.3742992748439912 0.5465870154574716 0
0.3829469957624806 0.4585916324955957 0
0.5505558503560603 0.3306901908339426 0
0.617492222465707 0.2846905137967493 0
0.07619245710996359 -0.3627629764035905 0
0.1003191863024872 -0.3762459813556798 0
0.1213267253214337 -0.3637831663252125 0
0.09236612264718655 -0.1500365978830019 0
-0.518457255943974 0.1302756571921987 0
-2.214055370199781 -4.893937042225518 0
-3.8651727000149 2.43021869875566 0
0.2518730466733582 -0.2459428808265762 0
-5.016498533882491 -2.427518907296328 0
0.08166570217171706 -0.058042730172487 0
0.08882675383238461 -0.1377592254203851 0
3.590718742981075 4.197887634512753 0
0.6182197187145162 -1.339135494642364 0
0.2696490610192143 -0.2694703274461232 0
0.2240758642093077 -0.5153700251858602 0
0.06252850546925626 0.7459974190685855 0
0.4432259941425887 -0.4734469429461582 0
2.01321220102053 2.400298786289804 0
-1.212344969061685 0.7053849846923722 0
-1.176708287642185 0.5593105735498798 0
-1.268876707024407 0.4568359269172749 0
-1.140918097953039 0.4187348684452882 0
-1.054660889021971 0.5216760411160263 0
-1.222689895752546 0.3317481112811402 0
-1.062958892711616 0.6718524854285589 0
-0.3254507805364833 0.0557214333744879 0
1.255033878916056 -1.989101574764574 0
1.536080192069718 -3.425873311173426 0
-0.1667599620238198 -0.4664102878651311 0
0.3189251315698544 -0.3189967401909385 0
-0.1438610810705924 1.33429699760071 0
-0.03789059482978493 1.222331935088265 0
0.4385471261074139 -1.835393471092829 0
0.3982235897380466 -1.72040511846985 0
0.2847981564195254 -1.692563857253705 0
0.377229920391962 -1.599181457724753 0
0.264074680663101 -1.587271870097535 0
0.1707862825960362 -1.666409357320312 0
0.5354863699479856 -1.75193390050955 0
-0.008234369257174332 -0.249597638212622 0
-0.3606508898829788 -0.9208048592460649 0
-0.2820243575798483 -0.7996996252591925 0
-0.2974686603145148 -0.2602160879578823 0
-0.2978883694645218 -0.3162853754934695 0
-0.2543773373398562 -0.2886411668065056 0
-0.2511345874190185 -0.3369731920513963 0
1.115484622705916 -1.964773741226301 0
1.197947591223284 -1.861173785705288 0
1.0761545771356 -1.840838466491558 0
1.154395481638298 -1.753659396579037 0
1.282190236483124 -1.751232046618979 0
-0.2220873357784307 0.7289233669867043 0
-0.2376061257397145 0.634564558978 0
-0.3214580198424956 0.5946317073872514 0
0.01042285917449677 -0.2134674100333886 0
0.2726611986741092 -0.5563823250504516 0
0.2954141068358113 -0.5601681583639598 0
0.5406883920001371 -0.678220098432085 0
2.322559822087636 -0.1125711532527867 0
0.2334877357999665 -0.2215400793897402 0
0.06951037750287339 1.467865837867097 0
0.9203980380479109 1.873206908310499 0
0.7120198062795473 -0.7957278731718437 0
0.6915008723297309 -0.7953102979372674 0
0.6976903284109207 -0.8172959894286107 0
0.3565892565001071 -0.4998331777488244 0
0.3664905014545136 -0.4909846070853848 0
0.1988709904673889 -0.3580229716846609 0
3.46981814692655 0.2678410667438294 0
3.212343480339992 0.3589566563365596 0
0.06320431751328351 -0.03842423198342373 0
1.219040803286915 -0.5331378875782369 0
0.662739584427336 5.293119393823264 0
-1.512794886130911 5.037231952640681 0
-0.5617403227597046 1.124998165026198 0
-0.5060739468762061 1.250157808869013 0
0.2722986718722987 0.07705824324487941 0
0.3867986947371101 1.372641168005037 0
0.4208410738920561 1.217055242699315 0
0.5646217390149423 1.165323484385559 0
0.4543160443945965 1.083190979005995 0
0.6963701208486932 1.263882291240233 0
0.7066517313200007 1.101913071298149 0
0.8610045847992593 1.038360798799945 0
0.9911009813589781 1.109544110693333 0
0.990375791771394 0.9513904639494919 0
0.7363291165614549 0.9518709857866759 0
0.5153338623857751 -0.1718329038419247 0
0.02479355531979486 -0.3271451341564383 0
-0.004052433271322051 -0.3137420352879852 0
0.01819025865036421 -0.2998632178229697 0
0.1628432065173366 -0.7817715123612774 0
0.8698138275325322 -2.566204641013123 0
-0.8665176239905844 -0.178082239875893 0
-1.250850750872587 -0.3782090542422517 0
-3.776289105474865 -0.8281466568715843 0
0.1380168137690404 -0.2076791987476664 0
-3.484831424311573 -1.651253958055704 0
0.8411052340354372 -0.8520288866284041 0
0.2764701850239077 1.267446887678305 0
0.133927334145059 1.32148051301834 0
1.712870223858681 -0.2986383492153659 0
0.1544743930138871 -0.1390916469926542 0
0.1448134829826601 -0.1303614162365062 0
0.3826873201053412 -0.9446129565495736 0
0.4217383243197033 -0.9158491657940906 0
0.3806216663738061 -0.897328124468592 0
0.4162009772944817 -0.8732387813408039 0
0.380600624862348 -0.8552459859969872 0
0.4129988780738643 -0.8346300563675901 0
0.3793243845592986 -0.8174811613470248 0
0.3467491220467674 -0.8370553636294134 0
0.3457892492102162 -0.7996210007981347 0
0.3810826034026156 -0.7793361702088921 0
0.3469461092366598 -0.7648538690906483 0
0.4500197546507779 -0.8877001203288193 0
0.3099152036148454 -0.8215944018831577 0
0.4468328265731791 -0.8490586288830543 0
0.4424745016342261 -0.8111540878385837 0
0.3338419728747323 -0.9222599766134504 0
0.4101695726476333 -0.7992118814136845 0
0.4468283448552665 -1.269267109817975 0
0.361163968786572 -1.250098897309279 0
0.4131535318928615 -1.191920499342096 0
0.5146488450852436 -1.231657713374675 0
0.5782139731908388 -1.261795918380966 0
0.3418613515633398 -0.3473656461805746 0
0.5293727207477082 -0.5705111664067085 0
3.254684123915386 0.07089125707593895 0
0.4930019375136975 -0.6808654025679591 0
3.123221082995917 1.095368108159843 0
4.710768042014147 -1.087694339055678 0
5.019855783932847 -1.154471217310032 0
5.303875537936317 -0.9506374397576298 0
-0.3201375361743423 -0.5553415162529307 0
0.5344489881374535 -0.7817586387426206 0
0.5555855150548927 -0.785381392162196 0
-0.6439654125392803 -0.3261911194593118 0
-0.5735182392183413 -0.3028286711480893 0
-0.4196915483170386 0.6328381467929616 0
1.245290394538597 -2.594483869693718 0
0.7282361893012439 1.928171260130057 0
-0.5586264877284932 3.702903884153963 0
-0.770568378229283 3.523459684280093 0
-1.012696537525895 3.631835490271133 0
-0.5834839142993898 0.01306214220388363 0
-0.5690177917934662 -0.05602225521853896 0
1.847307571282955 -0.3794302596510661 0
1.756260463951984 -2.834895897076103 0
1.934406898610006 -2.69843457131367 0
2.126786082726032 -2.737704778629184 0
0.266655312892729 -0.3861362103351179 0
0.255453839298926 -0.3793730852875161 0
0.2432543615480704 -0.3854462602484212 0
0.2442286867268204 -0.3726003867843428 0
0.2555560689302436 -0.3662739083712107 0
0.2449010122062293 -0.3595073000115032 0
0.2335809444769645 -0.3656477702824855 0
0.3289707834560627 -1.503674272570536 0
-0.2155708871262697 -0.8402366011031546 0
-0.2094861473273442 -0.7702036121285004 0
0.5793427268867385 -0.4501882001369986 0
0.5512285545571431 -0.453692859002209 0
0.5650714054624588 -0.4776639532604102 0
0.261027594490946 0.7516147618770597 0
0.2487954141098117 0.6446028236536891 0
0.1637568572559761 0.705827536679783 0
0.09453513813930967 -0.1916831413426165 0
-1.126336715087745 -0.7950948664869618 0
-0.9994178964879428 -0.8270116178564906 0
-1.03320320189699 -0.7073557737001774 0
-0.9149067574132463 -0.739885220463564 0
-0.8841880315840915 -0.8474099490452277 0
-0.803786982553556 -0.7626563484383198 0
-0.9461025747438487 -0.6298904352766925 0
-1.055121688765688 -0.5916889150367107 0
-0.9719754679567322 -0.5210815375607715 0
0.9908911284303621 -0.5180906871308922 0
-4.189432811632796 2.506565561835232 0
0.01999324023907671 -0.4889923782129793 0
0.02193940855692426 -0.4527043841445694 0
0.05283159069316117 -0.4715141785977946 0
0.08332755929751559 -0.4894961377189371 0
0.08851468495003927 -0.5240648810763668 0
0.122271315984188 -0.539342702301411 0
0.1158348119491906 -0.5016853965655194 0
-1.294836139456383 1.646125734449851 0
-1.278687175264566 1.448953736473645 0
-1.41101889384771 1.34178137691778 0
-1.119107376942219 2.374926246363612 0
1.918848739043771 -2.092426429780455 0
0.448531396678525 0.07836305706405036 0
-0.2605272402381594 -0.6506252109653385 0
-0.8365828285360447 -0.663318600385967 0
-0.7349983212583702 -0.6994507040131062 0
0.2465077141024262 -0.3475563324518262 0
-0.3399961449395215 -0.1287528399060708 0
0.1544342391397082 -1.560244142716597 0
-0.7643960966760661 -1.54750981400229 0
-0.6525129989417172 -1.446461756105845 0
0.4579313578816294 -0.6196231151710272 0
0.8207316123327275 -0.4363626591118351 0
-2.584522236352832 2.771031389930001 0
-2.373271330766093 2.986344995338607 0
0.4890476295725855 -0.5400451463776519 0
1.097386653102164 -4.425364576915939 0
-0.2552083238685732 -3.221391460015536 0
-0.08574375126490102 -3.027040040957615 0
0.5140115899709855 -0.566902710561464 0
-1.300304115638294 -0.09559925599610983 0
1.406864835556518 -1.695941523146606 0
0.7320015227720066 -0.740757567689426 0
-0.6654581400324064 1.847804983143372 0
-0.6982079227218059 -0.1080828274533571 0
0.5497201907648206 -0.6932386238011859 0
-1.666094156177336 -0.809842495868248 0
-1.596119650711433 -0.9902053540867936 0
0.4045174518123703 -0.6449681450405869 0
1.385236985342035 -1.184456533921668 0
1.26304559836567 -1.153220739564682 0
1.197491205248557 -1.246148718254328 0
2.593169729705062 -2.012393917977529 0
-0.3034640207235881 0.1831828938189994 0
-5.115701490102876 1.594316700769002 0
-0.2823882170935058 1.568672850907218 0
2.932856574738541 4.408927527530526 0
2.795878212676421 4.730921870308284 0
0.1924402003111788 -0.3050812516650434 0
0.1963925625136153 -0.2936583696584506 0
-0.04340765354598113 1.077449664372553 0
-2.621209439745835 -2.922448216210027 0
-2.440861402507797 -2.739281108975013 0
-2.71697678981934 -2.668120107198634 0
0.5023062709165352 -2.489151659626251 0
0.3272272920240887 -2.450426735142297 0
-4.510495802931246 -3.078969962713588 0
-4.46415890838631 -3.45789301330769 0
0.2393669682585964 -0.1191890321781892 0
-1.602816217408539 1.375552954155296 0
-1.515512289248887 1.203253165778182 0
0.2379564798890211 -0.2323750385469108 0
0.2984924310580032 0.2055614729230684 0
-2.57338517870638 -1.164372177644605 0
-2.407335623615959 -0.9934064958393718 0
0.01514204214728103 -0.7698344212435612 0
-0.2118413697585919 -0.3095558091960523 0
5.408593705698284 1.630397556342039 0
1.57637614891172 1.687586871199869 0
0.3974858163377353 -0.5248343216082967 0
0.393079222785832 -0.5151689764839974 0
1.854685327012706 -0.9410485879433669 0
1.631010145752744 5.074654401843667 0
5.586194717099211 0.6905328741848256 0
-0.4940063168077527 -1.624070757292362 0
-0.04800221242329875 0.04118011989847958 0
-1.342287316313406 4.400284287585951 0
0.8228037018361576 0.3382523594429125 0
0.2675354677546731 -0.8428262543774061 0
-0.717612258550407 -3.145975409940473 0
-0.5712739788069733 -2.934572801207052 0
-0.8121139621631395 -2.924178198162645 0
-0.7066537061594065 -2.740966911337708 0
0.2664419628310403 -0.3728697679172385 0
0.4889600831155339 -4.318009209135236 0
-1.078488456848765 -0.4819178669639155 0
-0.04595468601164315 0.01649884467366267 0
-0.3488539007114563 -3.005798675721612 0
0.3826885023792615 -0.4031996334258278 0
0.1675632820763418 -0.3520878436711322 0
2.523991842066716 -1.807728885309309 0
-0.124237534325017 -0.3078222436938788 0
0.9505183078578959 -3.431012908346048 0
0.5032993112806139 -0.6422424567510602 0
0.882051287104278 2.865884041357423 0
0.3853632887379357 -0.5103127630046068 0
-2.146972406600731 1.919293606307367 0
0.4606040674590623 -0.9236960942535327 0
0.4393662073353011 -2.323774103051204 0
-0.03910624084092601 -2.380536929829914 0
-0.218346676066955 -2.344878918342597 0
-0.102060631053076 -2.202852980653741 0
-1.553573422317401 2.491820748457677 0
0.600497011436453 -0.1889810922889396 0
0.579982548101094 -0.2418649927773796 0
0.6155190387412762 -0.2780803685935388 0
0.3136887996333222 -0.858477945545297 0
-0.8077662752787409 -0.02938824174629176 0
-3.443968265759821 -1.958709113264012 0
0.08837137661558946 0.6320101109768136 0
-2.987422758526582 -0.4059872533382927 0
0.2059071917199933 -0.1076953504310648 0
-3.791587297529677 -1.587802860827978 0
-1.735451493517028 -3.834448416142115 0
-1.550150155547506 -3.608133297476431 0
-0.5037462338445451 -0.01528159435243535 0
-2.171883125713826 -2.770281854339766 0
0.2206881596850723 -3.307725566051992 0
0.4563655064943387 -3.337692554466212 0
0.5892248600633525 -3.167935594262578 0
0.8383343847367546 -3.18851094935223 0
-0.43222054540954 -4.267091889990112 0
-0.5289206877146279 -3.998790547781831 0
-0.1298439533807049 -4.307875551900092 0
0.01915937263763767 -4.075838087199847 0
0.1233722042269026 0.01519335794420245 0
0.3768144349183443 -0.4955760109494254 0
-0.03170092115975097 0.07889463948988709 0
-0.05735784319726343 0.09128616670190863 0
-1.705630039647783 -0.6497700809905538 0
3.280389868326315 -1.155854765569279 0
1.388281568245838 0.9982349191936467 0
2.899020177465563 -2.888277501978915 0
2.65270031301709 -2.822061428918149 0
2.962441117609613 -3.153599249311442 0
2.700370279963809 -3.057679329479431 0
3.029138328053837 -3.427313543476669 0
3.012134309821227 1.893426263578246 0
-0.05535898061041502 -0.4517735942013992 0
0.08828856120462725 0.05080393694501734 0
0.5322315914658562 -0.431626487944127 0
-2.181674199078348 1.267691372978357 0
0.3889239751297718 3.018073093210806 0
-1.035853588547355 -4.189115549415875 0
-3.10186361767833 0.09437347653173241 0
-2.938211951172661 0.2679244549632136 0
-3.004750109773444 0.4987210482089526 0
-2.89033750401752 0.03529561134094274 0
-2.381485633648959 0.3234563183955569 0
-2.187339119658394 0.2447888941558642 0
-2.044097939863767 0.3936605440022332 0
-1.99718419762766 0.2060768515022305 0
0.3522681770230927 -0.6090151798842464 0
1.386486335118569 2.712188683773541 0
1.448365087955829 2.459006220394028 0
0.1508952650068577 -0.2856158801248525 0
-0.9094753871303884 1.593769193778504 0
-0.4232802977031366 5.343493562319102 0
-0.1097582724131661 5.270114903978222 0
0.138500180409482 5.510390279813265 0
2.371484246932751 1.28081185986635 0
2.182060629673656 1.250882557534168 0
2.842497764855322 1.458636606114431 0
0.8882713253207608 -0.3456304085035601 0
-1.735889041061535 -1.110830916453671 0
0.1319099077668196 0.2054016576616899 0
3.917511183367659 -2.805531936442089 0
2.217453955521969 0.3235112518364402 0
0.8072771422125812 -0.9933264589428792 0
1.641272251081393 3.886793578100549 0
1.417758714139683 3.671723823154828 0
1.947374549841794 3.799839572067835 0
-1.184055239423552 2.611627682164968 0
-0.8876852103603911 2.313399403595906 0
1.844500697272984 0.5259883658909691 0
-1.282280468124626 5.283421554353899 0
-0.7020448047863105 0.3056007509048213 0
0.4837688898819206 -0.6180643601297486 0
0.6465738880646628 -0.3807841246386348 0
0.661060110160949 -0.3377240892391218 0
-1.0039157184331 0.3904324308417577 0
-0.3798050734725499 -0.7399482331444039 0
-2.131249037094484 0.06505946630813478 0
-1.943107695594183 0.02654354989197639 0
-1.919539664778348 -0.1654013275573138 0
-2.054058233695489 -0.3032050127814538 0
-1.894060063931394 -0.3371686009693338 0
-3.239491902403704 0.5839609874649903 0
-0.2520429062431354 -0.1765815441306469 0
-0.02854684988229402 -0.140185128246022 0
0.03830707837037945 -1.036326407650694 0
-1.419756817145391 0.4601170413572273 0
-2.446011870042569 3.287596239399854 0
-2.230680637177849 3.515670618027589 0
-0.04918698256472517 -0.08944556982784296 0
0.3096081840970003 -0.7785422700608807 0
3.068333159276695 -1.427925489102361 0
-1.385282830894584 0.1617162224073902 0
-1.273439808844629 0.1244567507747757 0
3.020877173748133 0.2173754152522619 0
-5.095118465596606 2.505152098375679 0
0.5210821062523399 -0.6564941755266733 0
-0.00225959998690299 -0.06400205913067622 0
0.001621886032456808 -0.04893058783838709 0
-0.0107211988550553 -0.03922677326897892 0
0.002820857102898394 -0.0355179225581637 0
-0.006698818780783716 -0.02659040896147378 0
0.08166991990089588 -0.4557133386279431 0
0.0485147684727537 -0.3193759886319342 0
0.08024179816398003 -2.255563285080151 0
-0.1010962554308225 -1.057225206852305 0
0.6135669953155922 4.43623941196192 0
-0.2527117643073929 -0.2443370508006071 0
0.4518547305746032 -0.1987414666729963 0
2.432823259041147 -3.373797083927857 0
0.4312556115997784 -0.1160210964442635 0
0.3911061737122705 -0.08640491348153861 0
3.733987769767561 0.1730752434321075 0
-4.136559627385443 -0.428497683299166 0
-3.838437966967617 -0.4959209658017901 0
1.870083266014672 -1.09909693599949 0
0.06927477372786522 -0.05954126011064938 0
-0.05436178687856993 -0.6236427853304395 0
4.214352178978065 2.610611746331667 0
4.123368349295462 2.933850637300502 0
3.790856318821727 3.011013075627457 0
3.978187023307282 3.308164346262219 0
4.510371283318117 2.88004907845125 0
4.780666565623854 2.67031742934847 0
0.8916212227622125 -0.146666601690902 0
0.0526866224935101 -0.02949465776654071 0
-1.163085901568331 -0.6661506407591945 0
-0.6176286308387389 -2.107065872799743 0
-0.7787601920734852 -2.052263191022315 0
0.520040528269342 -1.000413110754068 0
-2.148240937843616 -3.50938877365173 0
0.9388153991908263 4.349397592220837 0
0.6653051732237633 4.115586099672604 0
0.8176030098578292 3.829272579155734 0
0.5306980194247163 3.870260384872459 0
3.242092179552847 -0.8882831352152047 0
0.2971545482993611 -0.2956874539854987 0
0.3054407611489119 -0.3056310455525744 0
1.955965269502898 -1.790927135178243 0
0.6486619762750169 -0.8294028045795886 0
4.497197605193869 -3.449629456175416 0
-1.10064599080986 0.3067516582288027 0
-0.1233210948276852 -0.4402998194256603 0
1.861645745615446 0.3429202827179761 0
0.4499243673913684 -0.2813012088714496 0
-1.702320596326186 -2.030576146145912 0
-1.741567122219928 -1.816743525279454 0
-1.556138852880815 -1.886740614610499 0
-1.400777529577822 -1.744265680011911 0
-1.24427856199924 -1.697973052650736 0
-1.933485123919564 3.460693343355175 0
-0.9903080161810995 -2.531746231982607 0
0.1672419427712476 -0.4160278284924531 0
0.07149331016172317 0.878978890996459 0
-0.5003441672100168 3.427460505722292 0
-0.06041284931781106 -0.3812565067615537 0
-3.153371693621936 2.916567975045697 0
-1.976907968932771 2.098404777048113 0
0.5962479335014856 -0.7317603829628675 0
-0.1186550767634502 -0.255236030848841 0
-0.1175622747940962 -0.2188526173970038 0
2.208645607766142 -2.91972322185653 0
2.329366711607144 -2.740457184189992 0
0.4559146373438153 0.4137305884832749 0
0.8309674401207244 0.1340205743600325 0
0.7429871855569695 0.1765293895920835 0
0.2135277630231498 2.821636580307263 0
0.1211501678567149 0.2536030268580556 0
1.38307437698591 -0.3218666819418099 0
0.254977269006651 -0.3543230772995932 0
0.183807765454446 -0.3641953502496392 0
-0.708416383015754 -0.7851314505581994 0
3.346990816749903 -1.665831426404111 0
0.2908228527740535 -0.441466226283289 0
0.1931616986062623 -0.1964437734146326 0
0.5673008456905805 -0.707522765052891 0
0.574781200389293 -0.7175031064853274 0
-0.1997859899697196 0.06143684775944872 0
-0.7425476969677901 2.513217672749442 0
1.125878473318577 1.821473140609264 0
-0.06667654976116069 -0.07598317731488304 0
-3.698261534692417 1.545331827115174 0
2.798611011787913 -0.6828934862636953 0
0.5379726861664852 1.976791141174228 0
-0.7531435527499706 -0.6014634417694541 0
0.1909277894722588 -1.779968054360537 0
0.6144050991731905 -2.369265286449262 0
2.852871958486279 -1.668897387787765 0
-2.014829031253331 -0.4801625487418165 0
1.438585553089286 0.3352850937712588 0
-0.9965292696202044 -0.406364928434631 0
-0.2116961903342924 -1.677297112253388 0
0.5361223891851467 -0.5451254705782477 0
-3.548732245439494 0.9408340567228405 0
2.347323412947931 -1.52096173551115 0
-1.851054891078703 -3.567788649473272 0
0.3723101403380019 -0.2918646799972316 0
1.140484530829065 -0.7373209017300515 0
0.05692875134624031 -0.1059482770404132 0
-5.470574230051384 1.515498722165201 0
4.163761708660067 1.663642824885785 0
-3.887902144132985 -1.315646391661693 0
-0.9644361183249927 -0.9428694189166557 0
0.940443642566366 -0.7478650335836982 0
4.35184938062804 -3.141669544880229 0
-1.011844786503834 4.336711387077029 0
0.6156800493902508 -0.6980536287117383 0
4.391211737654707 -0.6010070599692625 0
0.6150410588797015 -0.7578180341834944 0
1.91386384413061 -0.5377894575265521 0
1.591681931316981 2.262495130856934 0
-0.402869316235003 -2.794740734789359 0
-2.970208365338427 1.677034433726865 0
-0.1684431029130992 -1.175926342676906 0
1.711251521963276 -1.018071077023083 0
0.7939631434366279 -1.407456296860815 0
1.14359106222439 -0.8295357213610371 0
0.7359983173402844 -0.9749773576847833 0
-0.1682079472356088 2.556802512858311 0
-1.232838900725695 4.064434493520664 0
0.06699943364648947 2.297208537776866 0
0.5492143484347671 -0.2018131233489355 0
-1.137805226122943 -3.934748576119067 0
-0.5747850062348867 5.658652952540867 0
-0.8795637389115969 -2.377493642442242 0
0.7619357167498104 -0.2058612855684431 0
0.158128435233611 -0.2480466716548531 0
-0.2610748368839063 -0.5846892841493554 0
0.2597489942794875 -0.2692693990850323 0
0.2786277572986736 -0.2771315256699878 0
0.274680900278786 -0.2878788225541877 0
0.3115782726365575 -0.4308166394480173 0
-2.897902553532356 4.875414225945616 0
-3.095318490592489 4.260234018885003 0
-3.47725732995202 4.432452206761184 0
2.610964823329969 -2.587613222269353 0
-0.5413107889072243 -0.1688604184540713 0
0.6521374438243023 -1.616638578617736 0
2.592656004592475 -0.5907785664903218 0
2.586885731329274 -0.8356216604537582 0
2.798324809382386 -0.9129363896384232 0
-0.5209955491843449 -0.9307919142897001 0
0.2595811844880624 -2.306468497967748 0
-0.3070856268828628 -0.4939917010768872 0
1.701234574392108 3.597144980521566 0
1.148744652877792 3.748644574974988 0
1.197109851719613 -0.2940032795657431 0
0.1496164910009648 -3.096120434506831 0
0.3664103008312262 -3.133489478193979 0
0.9206324547876257 -0.6263042061688421 0
0.3615784882701858 -0.5490977152162624 0
1.22263333007847 -1.354627124573024 0
1.097708997900765 -1.237821600095614 0
1.024990123789904 -1.314274936632993 0
0.364655523377466 -0.7226741018349028 0
0.3375645243704501 -0.7179697700081193 0
0.3716632253549781 -0.7476621794093866 0
1.371594124767196 -0.06450231141849715 0
-0.3476052510707311 3.91207741009764 0
0.1327748938017346 -0.1175197198528901 0
0.4105881256080779 -0.5371926543368477 0
0.1220880134403287 -0.1202117151976889 0
0.7989466749870264 -0.8666937382039781 0
-0.4608050691749514 -1.343245000559247 0
3.520646706853341 -4.473943924089679 0
3.231746518807475 -4.345541880066712 0
2.931792914541473 -4.471815860424735 0
2.946951000075146 -4.858484241965348 0
2.597871771387489 -4.991307796224034 0
1.970629019376619 -5.350685826343865 0
1.714468807809185 -5.091674018531671 0
5.369839364183718 -1.891018951052397 0
5.141909156994397 -1.607960197088676 0
4.099799200405462 0.8336674534861059 0
-2.919123875350786 -0.6547626396056786 0
4.109944729636024 -0.4805704967952369 0
3.236728371046243 -3.21258719463004 0
-2.522059383497576 -2.481867608169963 0
-0.4946758242125098 -5.652585696748147 0
-0.5953458959573805 -5.321337833234953 0
0.2275039941701271 0.07128179537990276 0
0.4327088496508819 -0.7800038205777438 0
0.4713771157194387 -0.8052616124057888 0
0.5284849382141485 -0.4579151785966288 0
2.322190391829996 4.559159726189769 0
0.2449570412653698 -0.6710206926828217 0
0.2133335477938635 -0.6560401966335735 0
0.1825586166703486 -0.6768885663475069 0
0.1775567747877809 -0.6416772063637215 0
0.1478768862831379 -0.695965748350825 0
-2.219550736377199 -5.244691007710079 0
3.931360371337202 -2.52243862823331 0
0.2403572407583255 -0.6179081865183176 0
0.05002015395070915 -0.04086596282231509 0
0.03235887187929701 -0.05559680678246549 0
0.04420578102376804 -0.07116937051844412 0
0.1348864657483999 -0.1348260986645817 0
0.1097550123245193 -0.1569376879259486 0
0.1643183867326872 -0.2264233171096746 0
0.1758738841740322 -0.2422445217186771 0
0.207697152071856 -0.2151767069435601 0
0.2903484109604481 -0.3894318945379083 0
-1.736608863035451 -0.5004414927573714 0
-0.7209436664636661 0.1966854273051813 0
0.82879124543417 -0.3782733294613326 0
0.7712515023601531 -0.4602923133768433 0
0.4783943718666593 -0.5400792560135446 0
0.4353192330794159 -0.55001024549156 0
0.4485806964093434 -0.5646834430990217 0
0.4383702437590206 -0.5674725781932588 0
-2.94655195881076 2.385263818208486 0
0.4153380045245073 -0.4539502267007681 0
0.3620635209909233 -0.4704193371301725 0
0.3767501525823662 -0.4857556047947747 0
5.306436117172515 1.975039757359757 0
0.5216278624951519 -0.6450470137372936 0
0.5324820904797333 -0.6094819449069002 0
0.542848900691822 -0.6073515785849406 0
0.5441956032255959 -0.6252302796310707 0
0.2552422286306231 -0.1344699724343437 0
-2.717966546042594 1.625496591653115 0
0.5984978174558819 -0.6948673902259408 0
-0.4528346929747392 -2.146812220084603 0
1.160518689368164 -0.6578878213716125 0
0.009659991210651 0.1575849700320411 0
-0.009824570217431213 -1.258368571938742 0
3.831237857972395 -1.611516327343114 0
4.915713644812577 -2.862677680105061 0
0.459300490831084 -0.4961339255221101 0
0.4503305449575808 -0.4863494507752937 0
-0.9755749025579414 -4.98833140216282 0
2.19659212688167 -1.412033404356423 0
-1.073108605993648 2.157955823848989 0
4.791976841733648 0.09515491045034297 0
-4.053619214795136 3.99741150393851 0
2.260534849166254 4.88754182522649 0
2.684152387912819 2.26102062794318 0
-0.6962909203228206 -3.773006092011121 0
-5.663932633425568 -0.5753212966622551 0
0.8506261522358911 5.587419480875422 0
-1.975301116213514 5.32736267973644 0
2.667532535596292 3.316010118310723 0
3.553022393695964 0.9920579113299941 0
0.08029837058126067 -0.1177509321579783 0
0.1156337991256811 -0.164817521026917 0
0.5084007908710662 -0.6782134008766272 0
0.2415070734867302 -0.3283118055572122 0
0.1816671313714911 -0.250243604374435 0
0.8361706341395754 -1.923102711114987 0
0.1572152890931829 -0.218101211867673 0
-0.6570640559464415 2.323987837169758 0
3.671787962543591 3.870465695251361 0
3.973680547524402 3.685051748637609 0
2.227277031753641 5.231529170075111 0
0.2843469812353233 -0.381669581327041 0
-0.7056290559539803 0.7193895916237523 0
0.2182294663551846 -0.2967171841841647 0
-1.575312691002306 -1.180936767629894 0
0.3551722703964967 -0.462771931064842 0
0.5396168529498323 -0.6675397020422282 0
-2.577497463113874 0.3762035306601796 0
-0.6245550399178151 0.3729059164416264 0
0.5606107935978961 -0.6884034993110807 0
0.3909559885014864 -0.5499244509720633 0
0.01399762249604043 -0.03266783710341131 0
0.01192925322973163 -0.09247471884235135 0
-1.508334968497628 -0.836571526822721 0
0.4547592229217046 -0.5079270590976552 0
0.466081969696238 -0.5066263624689877 0
0.4665635917267813 -0.5240213276210217 0
0.476595780257099 -0.5224661028366828 0
2.263729613516197 -0.804738828144701 0
0.07429694085616231 -0.109988618947154 0
0.0754830187762436 -0.805199947343383 0
0.02619664372306892 -0.04795881482202465 0
0.01604554276949454 -0.0496059767045498 0
-0.08193174962846703 -0.2344003470650756 0
-0.06629516909773603 -0.01768071560575085 0
-1.182371184980896 -0.1591731471376172 0
0.2428898655250322 -0.4002078606646572 0
1.596171624329641 -0.8077932545171873 0
2.715804448600188 4.160947844932819 0
0.1009431924069234 -0.1006352726639983 0
-0.7969132918790263 -2.557596816793994 0
0.1160961224391287 -0.1833756739953329 0
-2.769053712457831 2.570381320297482 0
0.194078799124537 -0.26573341617162 0
0.2063691843606197 -0.2807279731579757 0
0.1472833211053022 -0.2018634003709375 0
-0.09255330894692888 -0.200775195604859 0
2.20778546390961 -2.459658727603391 0
-3.578665531390119 -0.6521351091037072 0
0.9818062601729591 5.21762313768385 0
1.543790782466495 5.42752446349192 0
0.05551195631313483 -0.1562369295218229 0
0.3628279244965293 -0.3731937628366053 0
0.3542589976923191 -0.363683315944378 0
0.2142206216573975 -0.2224041314817833 0
4.87777201300244 1.182773949922744 0
5.100024745034898 -2.541941376726126 0
-0.1500392220781432 -0.8087311094455458 0
-5.639091128526529 0.8399408252970337 0
-5.691377711325425 0.1390942752396781 0
0.5387329149080911 -0.7619762448411519 0
0.3220669581459119 -0.4273411082933101 0
0.08311945669911112 -0.0767681494168562 0
0.3359285884377174 -0.4423018414410399 0
-3.299993844321812 0.8689083699060581 0
1.770576765261469 -3.49242375650135 0
0.04967743077359806 -0.07912277564732967 0
0.06221402241275233 -0.09488339372262612 0
0.4814562185241778 -0.6009259919485773 0
0.3820230434058086 -0.4149405460883123 0
2.38889332729346 -2.00253633873767 0
-5.360724221835261 -0.05421861050904716 0
0.1758349535759185 -0.1787770134487595 0
0.4879512533238626 -0.6084534218998914 0
0.4679181734934098 -0.5865718683116521 0
0.455280975853578 -0.5722001952007272 0
0.1555287503950178 -0.7378104823136749 0
0.5266238526900208 -0.5832730676362269 0
0.2274610942206613 -0.2374308479449801 0
0.2408286152837359 -0.2509188043463376 0
-1.841796388545051 0.8999750913008151 0
-1.877700573944171 1.080666982441636 0
1.256908477795494 -3.144589657394953 0
2.212129369488331 3.163974364412705 0
0.4182246507562259 -0.4627780559537576 0
1.237757314086283 -2.397718634011659 0
0.1482341074665053 -0.1503328551530958 0
0.2940562146884451 -0.3087050053678856 0
1.618899983202402 -4.761192126785758 0
-3.117543075381214 3.721619521886129 0
2.880062379618409 1.197042944586532 0
-0.6047714164112147 -0.8914200548095881 0
-3.85764000625079 0.2732477142606987 0
0.7910299540711484 -1.235249567883395 0
3.774704915916638 1.903552192875011 0
-0.2730890470713078 4.703992335064403 0
-0.9505397844746289 5.193256071696327 0
0.9487205989617611 -0.5756413795970505 0
1.712867991530945 4.74668067474477 0
1.45427243051247 1.524315681095501 0
-0.04117979033226288 4.926826193631654 0
0.1020423583424741 -0.2150552377591992 0
0.3523830939397405 -0.376343471310441 0
0.3646696693086422 -0.3921214264203606 0
0.3759058745523483 -0.3916538213692349 0
0.7075953110465327 2.709956765866375 0
-2.988682726790962 -1.897244296379076 0
-3.867771111473949 3.341620252508481 0
-4.295159464396813 0.8879777971376301 0
-4.14738772934 -2.327681389270401 0
-0.2856966460654788 -2.183023474339603 0
-1.339655736625554 -3.234772120306124 0
0.2206728524492257 -5.689781747484472 0
0.57619684846765 -5.654592451635955 0
0.6777175077105945 -5.317529378983866 0
5.645577730942378 -0.858122725933964 0
5.572019064898212 -1.199133695031976 0
0.09751403269733813 -0.09162582444084216 0
4.586130026266927 -1.657909259961012 0
4.839078119059561 -1.450071707627524 0
0.9440648010151693 2.643958392802388 0
0.3080674365256951 4.527358879859843 0
-4.605907474990648 -1.656988089409865 0
-1.506631819144502 -2.087673992122485 0
0.6126076143020063 -0.7474859361868171 0
1.467039996209646 3.393991416012772 0
-4.408316260959243 2.278285231437348 0
0.006800843211218857 -0.02504992988240756 0
-0.00287796007344238 -0.008491693303199556 0
3.377626335006204 2.564154089066954 0
0.2456146033520721 -0.5031402614184108 0
0.2254861999119584 -0.4903439454948103 0
0.234862253825071 -0.4652250745256017 0
0.5922297850190078 -0.6873112008078027 0
0.5806237742321245 -0.6714797509819295 0
0.5912559403177229 -0.6703101080190893 0
1.209404848642138 3.47310162424097 0
-1.408327504681251 2.66821104364654 0
0.8352441315854311 -0.7690616880941489 0
-4.855376868375516 -0.7711919154282131 0
-5.0622446407003 -1.029934300956315 0
-1.779957001603254 0.1293709257048975 0
-1.867016522355354 4.247895479418623 0
-2.918989689782001 -3.629391307876403 0
-3.736030747238118 -4.302417542449304 0
-3.967427939025197 -4.01692771098624 0
-3.391144735682401 -4.155836365452185 0
-3.183844724347817 -4.710126216162857 0
-2.821091079208864 -4.875952107282605 0
-2.639484770846976 -4.64941214811935 0
-3.392356943477865 -3.010862171053454 0
-0.6984594791571488 3.108264526901356 0
4.483263043222024 3.515478181670549 0
-1.705593984306566 -4.624502675685393 0
-5.550734327783756 -1.283569830966952 0
-5.457469757048079 -1.625690943628354 0
-5.19698293435739 -1.366085663848287 0
0.3155199900147546 -0.4974052303292292 0
0.3350493556940665 -0.5358236040613478 0
0.7313562198115059 -0.6193960181747035 0
-2.344265322394464 2.651476185151182 0
1.637771240239259 -2.677188408408007 0
-0.433809288242054 -0.9737120854815482 0
0.5204792310295818 -0.5939573184851934 0
2.762668088304479 1.981062133916533 0
-3.365790389795027 -2.257196159266984 0
-0.1274562027466269 2.356499688707697 0
2.750324091308626 3.018367028777878 0
3.409780657114446 3.665467362927909 0
0.5500735345627437 -0.6330880755770694 0
0.5624892391052279 -0.6482935109609763 0
0.5685047412426566 -0.6387064746895936 0
-1.632475872857846 -2.930712611711414 0
1.345900993159054 -0.2031014947252508 0
5.195221695909597 -0.6233967995241498 0
0.3215902231465383 -0.3385899988749166 0
0.3329102223236685 -0.3532692539464795 0
0.1614531443539467 -0.1645914579833674 0
-0.6808141633537463 -5.022288899244517 0
-0.4579651409592757 -0.5450300511581548 0
2.892957047100686 -0.09980700989176433 0
-2.689850575923242 4.181933752508647 0
4.948695923673045 2.059845415928817 0
4.504340076583327 0.1778789783450556 0
2.109234542875536 1.934837581341692 0
-1.07053613006825 -2.351936119939422 0
-2.147246078585485 2.805734043513273 0
-0.8878752960170687 -0.08468157498972356 0
3.894071032387492 -0.6445273258264077 0
-4.460360219090863 1.457892487671768 0
-3.179527545583405 -1.223153929967411 0
0.3412851565940312 -0.2351747699655977 0
0.3588127814366565 -0.2526588728384521 0
0.1953292864292854 -0.2835403869211056 0
4.324880075444609 3.224431564968345 0
2.309269916556647 0.9141136218714889 0
-0.4905118582490296 0.9209423887123809 0
-2.111630616055835 -1.929719738438762 0
-2.418004728948528 -4.247811690543974 0
3.347127731735825 -0.2093665751873815 0
3.942705035203412 -0.9109160487623249 0
-1.153736302479103 -1.586216158245537 0
0.3072175090780653 -0.3238713264133024 0
-3.730108773196598 -3.762775798972044 0
2.217488469638205 -4.070150729584957 0
1.257421377028753 -0.1022130939211407 0
-1.678244429374085 0.8342348702954022 0
1.948423907729389 3.195388068971855 0
2.775909454887545 0.5660088216391064 0
0.5744463429049899 -0.6630193882918031 0
0.5869626861484986 1.027244804561538 0
-0.2761081311173628 -5.370813594560525 0
0.04304335494087869 -5.39206061581903 0
-0.06080363696396543 1.979799549611357 0
-0.08884431231310791 -0.2968389523838273 0
-3.968199813285453 -1.037776745402747 0
0.2652880059933919 1.843481924241747 0
3.140103091461675 -2.296126743012669 0
-0.4820423639657756 3.045195444719254 0
0.442460644603052 -0.4930472467440903 0
0.4304577851527955 -0.4775226203223669 0
-1.822564632557519 3.211113202430715 0
-1.010083981800976 -1.224330192504496 0
-1.92631642463675 1.828355435250471 0
-0.05919953313591934 -5.089171618866868 0
-1.708538914897806 1.007039487369859 0
-0.1501650660110622 3.389764139249588 0
0.9186774761840097 -1.624613147411262 0
0.4225447503289114 -0.598967473898055 0
0.5447073246123179 -0.4015965691782566 0
0.009503492772760812 0.002159081161736125 0
0.003227472349886896 0.01037021215333225 0
0.02266203010063999 -0.01254535908621589 0
-1.639978189102327 2.142838910136086 0
0.562342570908193 2.537716386436426 0
3.035729028751891 -1.014061722894551 0
0.5761912092440148 -0.6507007227358186 0
0.574365480319739 -0.6255013905010703 0
1.868910626715081 1.223234513548943 0
0.4787665175794318 -0.6756832047465955 0
0.4852143809667988 -1.643752823785673 0
0.1220927628727226 2.113963368254528 0
0.2243211015136163 -0.3573440970971695 0
0.1411246498593068 -0.3290207466285149 0
0.1256037436664382 -0.34355457721099 0
-1.230441277938558 1.28217562039092 0
-1.79458087329467 -0.06083141056879789 0
0.04259812512718675 -0.03420219809685811 0
0.02920700587515545 -0.01985562252793687 0
-1.519469491158595 -2.610394157412203 0
-0.7828687543134445 -0.9911418385111551 0
1.254099839352717 -1.045440856335212 0
0.4961802216869715 -0.5631909432760287 0
0.5089125117680433 -0.5779221306288113 0
1.569299558694775 -2.488850266961158 0
1.194491795458848 -0.3779518114600967 0
1.263934140763956 1.57242383385219 0
-1.585146940659932 -0.5468042757501375 0
-2.528911099370801 0.943945754866393 0
-1.643455814269427 4.471660858675464 0
0.9807944974757612 -4.138949078524637 0
0.715009528292158 -4.115850282864804 0
-1.154434815247134 3.24561073065913 0
0.2881414010545258 -0.5394712036923357 0
-1.403883666715569 -1.245549753478647 0
-0.3851591827007044 1.214675615530292 0
-0.06424843673636166 -0.5815807495899166 0
-1.640261088988746 -0.2713712382646764 0
-2.583633273718694 -0.3623485270940203 0
0.9497256102759497 1.680810646381534 0
-2.188727130555925 -1.328385200454879 0
0.6337350941465136 -0.7676754924086613 0
0.3302314118565333 -0.693499535266032 0
0.2702881370777701 -0.4261158626960582 0
-1.864254617198873 0.4232644260782028 0
0.3087169906570725 -2.940091590209162 0
-0.08087145896524768 -2.051767251198046 0
-0.5860679600838106 -0.3818056513308102 0
0.5656920120437958 -1.579973038921043 0
0.698860662768886 -2.238897960781273 0
-0.5932184330821502 -0.7055513275769236 0
0.007158079172614894 -0.181036398197871 0
0.1066501096706013 -0.2986676674063171 0
0.2262579301520491 -0.8786954705289391 0
0.5988022905930543 1.781845408414102 0
1.065345971074246 -0.9141742521481144 0
-0.03681116400501449 -2.832329780702875 0
0.08071818137502625 -0.1850606208571335 0
-1.438948025185092 1.050261953743567 0
4.688707852183095 -2.249781122478453 0
-0.5789098108634888 -1.193340240223593 0
-2.88311521843117 1.444530501586757 0
-2.697640375221149 2.304674006692129 0
0.07129173959665898 -0.2659306639908461 0
0.3567716201167431 -0.5906538082112404 0
0.182258614806731 -2.140301468346967 0
-0.02185955274634917 -0.1216347534280869 0
2.037201934039964 0.2719881516708278 0
0.6225353530361055 -0.725892044014437 0
0.6109155599138683 -0.7097157833830324 0
0.6211007271541232 -0.708397749776149 0
-0.3834850849749953 -1.273351772268569 0
0.4369326464751736 -2.180050073717012 0
1.32002348489957 0.2730393500493618 0
1.353349025285054 -1.079347025445009 0
0.5742655406078052 -0.290215133920262 0
-4.598765780467518 2.706950173148371 0
-1.926024294567657 -2.551096561582873 0
0.08268028564477627 0.01987088202673138 0
1.487559741207673 -4.17357245248676 0
-0.1647777387671703 -1.470201013950953 0
-3.705345557851384 3.89625169275872 0
0.2093780894478393 -0.582254831393669 0
-0.3532285479519979 -2.027791947598424 0
-0.6457944324593115 -1.959400078235599 0
0.5760022921402523 -0.5117405539437702 0
-0.9803127381618162 0.1637008105428369 0
0.0240020288226098 -0.4209017956287097 0
-1.778926931571915 -1.620809161995797 0
-0.03031013750918681 -0.3945892655547979 0
-0.02862421747512164 -0.4269418412745218 0
0.1761631850802828 -0.8560743738150857 0
1.910139399032579 1.030202050988787 0
0.03956500951470879 -0.1956244077824804 0
-2.168824749065114 3.237612104417591 0
2.020726939034942 -0.1608664918259657 0
-2.603915315053518 5.059013690988285 0
2.46457772023701 -2.94230640416604 0
2.639008395586285 -1.060867418385905 0
4.908031340584285 -2.065736815563695 0
0.8622539611291162 0.6972811822283058 0
0.9557755580875874 0.789732445856496 0
0.5994125614434488 -0.9305442234271102 0
0.6240694695866007 -0.9628614052474794 0
0.6366599465980159 -0.9249321041893509 0
0.18849541978784 -0.7143714212608152 0
0.966922818820952 -2.302519293539256 0
-0.4579265910771226 0.5394437047017941 0
0.2572499119110658 -0.1549820861803655 0
0.2699510023946983 -0.772038356391256 0
0.561409942452726 -1.192328371211171 0
-3.226175153790761 -1.804868988544675 0
-0.9965462925583679 0.933433227003359 0
-0.661680055534644 -0.5777380984557633 0
-0.6930537482293807 0.616376017844721 0
0.6717225581710203 0.8296066463837551 0
-0.7706351150224934 -0.8716548201413217 0
0.7742550319777118 -0.8424897939262754 0
3.598387161510868 2.773645859217371 0
-0.01989643458075063 -0.936843066634009 0
-0.8867194420588183 -0.2731457071328199 0
0.5045645740139821 -0.3893038718735894 0
0.3559173594296992 -1.083647415681822 0
-5.223743520686678 1.215405387734539 0
0.829443421502214 -0.2003770967643057 0
1.179726576535441 -1.092520128452352 0
0.1003538450453191 -1.474532471076948 0
-0.2274910774324117 -0.1191186788578992 0
1.404913746387214 -0.9274828248501927 0
0.06518905699115596 -0.6231784326351111 0
0.2300889001109601 -0.4413649984838983 0
0.1986587301575105 -0.4074569337591543 0
0.1522085273025573 -0.531872923068455 0
0.9958836186959354 2.430573334071347 0
0.65456330301814 -0.7497200211219854 0
-3.956532617103766 3.660331034216371 0
2.286899339390617 -0.9675883891725579 0
0.2489476456049229 -1.03754240846811 0
0.3032316558892568 -0.4050943568257347 0
0.5073580991603533 -0.7270865915651795 0
2.087693387650188 -1.657482410231572 0
2.811333387739278 1.72045225154775 0
1.58431255983749 -0.129094015747635 0
0.4455220853993417 -1.138411685253559 0
0.04614775740039962 -0.08873324388564974 0
-0.06932703538758432 0.1574609417914581 0
-0.3283161292222582 0.4363134412655929 0
-0.0829412910013156 -1.73012636693575 0
-0.09202131098408103 -1.220331315282239 0
1.557473476873038 -1.453395170659211 0
1.063878234521574 0.567906308984926 0
5.256242268945828 1.094068386206425 0
-0.215086724081952 -0.2312265062242682 0
1.100993641304784 0.1546206067201155 0
-0.8776780582662032 0.5297083195165505 0
-0.9623823517670944 0.6020432955016575 0
0.3734161921040312 0.379031892492198 0
-4.76054596893607 -1.069432348571033 0
4.862886456020331 2.381081136174324 0
1.700516554896589 -1.923444178805333 0
1.734817193598842 -1.296922077681059 0
2.244585732075647 -4.891263082744326 0
0.6940695700729098 -0.9690109946228822 0
0.6806292650432436 -0.9249985186873483 0
0.2699521249669584 -0.653176998597067 0
-0.442328848387693 -0.2288438390466781 0
0.3150944605060139 0.4244501362995231 0
-0.8867416185854445 -0.4622601743754522 0
1.204559303928261 0.9352184139207137 0
0.1448671946685428 -0.9946495404584397 0
-0.3892575702774286 0.9634778096131588 0
0.3988929898693276 -0.7525306772028415 0
0.1662304011225762 -1.406827519339266 0
0.4409162420291424 -0.6592384290274921 0
-0.2971843845898513 -0.0284797634628544 0
3.331223693582986 -3.481584444934096 0
-3.392105633833708 2.689282925714548 0
0.9897144902132156 -1.561732265203333 0
0.7186766829749992 -0.7190191834323537 0
-0.2582371513743853 1.417396109786557 0
0.3163816711155343 -0.5615125071124044 0
-0.1906065896849538 0.4893089100044365 0
0.7548238202274647 0.08697626980131659 0
0.168894351529722 0.07314571274832125 0
-0.4521616357585428 -0.3455095289491177 0
0.1683284510089097 0.130304930330694 0
0.2004371893048101 0.5142023011360405 0
0.2775103381823282 0.5520500003806835 0
0.8058516846858353 -0.8305993648347916 0
0.6698342324264159 3.614521218605971 0
0.07780761451713392 -1.640753688078709 0
0.12799713282764 -0.1804514448693855 0
-0.2482105311902401 0.547366306473387 0
-3.103637251173567 -1.441381539688202 0
0.9766591294337983 -0.8941170758246987 0
-0.8718608586305242 -3.977050966391533 0
0.8617556596242816 0.8987608684391768 0
0.32292855384927 0.007727267934193136 0
-2.157336951973673 -0.6328543596257421 0
0.7054086570523806 -1.28440098087459 0
-0.04673657027532559 -0.06800258288720087 0
0.06781973208880882 -0.008285466235103341 0
-0.2475877033108615 -1.139775541123666 0
0.299643431512993 -0.592509026160801 0
2.615282470202647 4.480608927753749 0
-0.3525641356721103 -0.4651633908530078 0
3.181036980228726 0.623031894008216 0
0.462939140333231 2.788335226393356 0
-0.008076979942921874 0.2775189845880103 0
-0.056297579183889 0.2627625568142512 0
0.4373494143763533 0.02601225517446864 0
-4.752974420338233 3.154368064499693 0
-0.05806147479630563 0.5456833735072276 0
0.4166649246539524 -0.4442063165779873 0
-3.137475436089627 -3.875470703393429 0
0.1781926013463851 -0.2591045806796556 0
1.188097690348632 -1.653310876837881 0
-5.378528808766992 0.6569895235464892 0
1.636462830584086 -0.4905660725690424 0
0.1011648808670116 0.008089403927346472 0
0.08571988689629718 -0.06792808035723005 0
0.3479046193171619 -0.8744000764125467 0
1.314715298750363 -5.533237238498401 0
-4.187584328056465 3.417672941180136 0
-2.352478601333752 -1.877771478428951 0
0.16006857381839 -0.2362938965110154 0
0.2425781923037681 4.826739010254325 0
-4.598130055737259 0.9661357904531508 0
0.4787464094081305 0.2897924261145869 0
0.03905268883212379 -0.2297693976644758 0
-2.786748988256006 0.4244111150320006 0
-0.4770348698943271 0.297163361480866 0
0.1665921583099735 -0.24326882614927 0
0.255623547743934 -0.3436323135798262 0
-0.1448257759008348 -0.1375874188733702 0
0.1122165919668094 -0.1737262212829203 0
-4.372459820882566 -2.567699471078062 0
0.345318064284821 -0.3696887140136281 0
0.3490238827653671 -0.3539820991083889 0
0.3970285528187177 -0.4143318247280674 0
0.5335533611682384 -0.5964748136084355 0
-1.251220138305742 -5.562308226930297 0
0.5928642673825015 -0.5498806900946888 0
-0.5845442577301797 -1.31878284133957 0
-1.888761318189625 -4.866566693705388 0
1.742574098458304 2.427998735738627 0
0.5102577371130952 -0.2153612383024327 0
-0.2805249726263567 0.06742276254248311 0
0.1194489400043385 -0.7703582757546072 0
0.3905868055925665 -0.1255610671588382 0
4.735312856009077 0.3738285705555141 0
0.4288376022553911 -0.5428510446172184 0
-0.1505876102636917 0.5750471167811377 0
-0.02009911937530809 0.9436796713769959 0
0.6223384638983668 -0.3496419990190712 0
0.2736178707663929 -0.3654876847622799 0
0.331524729240441 -0.05755881879639076 0
0.2957564889951453 -0.2081169850102035 0
0.1030224546739084 -0.3520830410184502 0
0.3119181024323198 -0.03146848197874673 0
0.4360351081532465 -0.3560224105916067 0
0.3375885033844446 -0.2575128388309255 0
1.054864762426867 -1.713164110755315 0
0.3768282546101319 -5.385687625293508 0
0.4149261157941881 -0.5281350075902842 0
-0.7815614577405425 1.152956806719805 0
-1.234627738749576 -3.68563933674246 0
0.3168454451624858 -0.2315674141025831 0
0.2262574950552134 -0.1362338010866161 0
1.95801856368475 5.003756621781404 0
0.2749766063899021 -0.1848238145845683 0
-0.02549418669002163 0.144524054296569 0
0.4307694407855432 -0.1753099884579366 0
0.8140674595094219 -0.5470763102657039 0
2.499285863504662 -4.117057735576829 0
-0.5481882353133198 0.2498477708154633 0
0.2354241084035586 -3.919706059285169 0
2.290971758636536 2.107039026624947 0
0.2798023461333891 -0.2959298330193404 0
0.4168456299035247 -0.3231876715328952 0
0.4751732119595812 -0.4163459058606551 0
-0.1858167684938651 0.1966634928883116 0
-0.113180290530688 -0.5555665651962682 0
-3.022907248270845 2.644054305622254 0
0.4556880275312432 -0.386640676479061 0
0.1735966471668624 -0.07152854920880347 0
-1.444716766859175 -0.9578301564811588 0
0.268366141212501 0.01236199679330281 0
1.329992624838687 -1.886250160132802 0
0.3284691747721139 -0.6035200109352542 0
-0.06153122071058988 0.6236761238678799 0
0.8097695393728859 -2.386225044000855 0
0.5444063685028486 -0.4962086759464348 0
0.6579299694912645 -0.8124687967895181 0
0.6438950219688413 -0.6040202505628987 0
0.4713636640594909 -0.9871148121893125 0
-3.679706085625531 -2.951909762610071 0
0.1533776321972878 -0.04754637714143123 0
-0.06427939332922591 0.2087983785307477 0
-2.365949400166579 1.127206803033135 0
0.6323315247387031 -0.8932276440906035 0
-5.13057396129503 -1.75298150403558 0
0.7051051106764127 -3.006685237736411 0
0.6070608387737824 -0.8143758574375006 0
-2.32709898241471 -1.460795010274309 0
-0.1516346262177112 0.01966789595202657 0
-1.402702917538774 -3.008720654658958 0
0.6032286615344644 -0.566184169917099 0
0.03584335693535896 -0.9599592796160157 0
-0.01417055523350938 -0.9908827048456774 0
0.9969598401765538 -1.236271648340423 0
0.5778933997538749 -0.9017979690351443 0
-3.781265238411491 0.01659760831953714 0
0.2112874495524941 -0.3519052554665644 0
0.1002290620422307 -0.1574059180022204 0
0.0538783546093495 0.05101446035848857 0
0.6237342440084261 -0.8120418052723258 0
-0.5408849623370681 1.965752310373881 0
-3.608306243042258 2.460066718376951 0
3.10323181464882 1.350807234319822 0
-2.338574727556708 0.8624005541745777 0
-5.379592931688836 0.3145403543215881 0
0.4832140457226303 -0.5309962420805985 0
0.4881360070530487 -0.5204848089827574 0
0.9482973151873361 -0.9407963814583211 0
-2.80631910139943 -0.2205631067268686 0
0.4699121922984878 -0.515539622011964 0
0.9868004353770742 -2.443696477232833 0
-0.1645088740266377 -0.05695028871375811 0
0.4750977326051846 0.9627437180884652 0
-0.2011144767676656 -0.6682055334200721 0
0.507460583150898 -0.6304938877254693 0
-0.6157731898680945 -2.578412053820268 0
0.02160419267691154 -0.05718361216729821 0
0.0278247941090774 2.496633140393626 0
0.6584456069467437 -0.8976317107252381 0
-1.729695589892973 4.799676206734352 0
0.4829323029524317 -0.741273813128968 0
0.1348500809191006 -0.1871951449251011 0
3.52487921455559 -4.002681944669411 0
3.377343175614337 0.7833873603768766 0
0.1267945015239648 -0.0197852932866238 0
0.1433084818664595 -0.1186153369401016 0
1.090336224611522 -0.7874287713093168 0
-4.518166764935739 3.488080443732984 0
1.4477110366871 0.7846592255989758 0
0.4219362847979584 -0.6400848271099872 0
0.06540893139146095 -0.114332624200829 0
-0.05321338626482219 0.1240057837208927 0
0.5363620762084919 -0.5590035073702645 0
0.5159988708154926 -0.019032913347524 0
0.5728177158443466 -0.7854103577960967 0
3.706315961116186 3.527844230971736 0
0.1501054890367633 0.0971175763270918 0
0.3432091949291947 -0.448993106877627 0
2.017546373188304 1.353893140759394 0
-0.7170340805551386 2.022576583672629 0
0.1442901134993538 -0.3456515387809971 0
-4.679516165148164 1.253923927558767 0
0.5967092019541357 0.2057281555896414 0
0.6599584481290928 -0.6421393892004742 0
0.6761369797273243 -0.6241312994559807 0
-4.218207410309953 -0.1597392950599107 0
0.1739098595517952 1.185440788648036 0
0.6762271172126415 -0.678462455733561 0
-1.165084526596222 -0.285231996513769 0
4.28226472368309 3.780712623150863 0
1.082839671389192 0.8571260267651436 0
0.634927676221095 -0.7411663197190141 0
0.6468558108270357 -0.7368784581323915 0
-0.1908970582312843 -0.03009762741488693 0
-0.1740962424067387 -0.002461305104863345 0
-3.962392550879392 -0.2129264256877421 0
0.367055250460078 5.343849291373088 0
0.2758373892520724 0.1263562106247839 0
0.4669054600254967 -0.3698641749928699 0
-1.498624669116998 -3.352523618749832 0
-2.048206066580149 1.114565652907886 0
0.4559110971038736 -0.4747948668040236 0
3.590684653741661 -1.739316556031779 0
0.5032886653601268 -0.8713739596117593 0
5.700180324511816 -0.178396407832714 0
0.1073398501170148 0.1419570621726914 0
0.5772775757428406 -1.661093909384022 0
-0.01641545442907317 -0.6539578297348336 0
0.8397189449222082 -0.5841046246319483 0
0.4952635213238856 -0.9284594213335191 0
1.792357904210321 0.1968346929086784 0
3.518597071280315 3.057824355590984 0
0.2344240884023028 -0.3770426479315585 0
-0.1479344232803134 0.08859801001796042 0
-0.323687485100065 0.5143781502050543 0
0.07931255041614017 -0.133059442945428 0
-0.1247387771850189 -0.491046763750803 0
3.506935380835202 4.532938645068169 0
0.3511510722369026 0.1289465363410751 0
4.015596496544685 1.100473563048473 0
-2.683337670887455 0.7843767033652007 0
-5.05636628117486 -2.101019031375272 0
0.5187741479033665 -0.5768896125613378 0
0.4444527804216384 3.648003223416748 0
0.6045182437530461 -0.5129946138570364 0
0.1084503261929296 -0.317101791659327 0
-0.8677535015278905 -0.5690730555011412 0
-0.03342964094339708 -0.09695634028595448 0
0.5018102777513469 -0.6223743766714847 0
-5.260896928722476 2.196973143110589 0
0.06029441619361581 -0.0558702369235157 0
-3.39957348710151 4.116170722572631 0
0.3699606250266024 -0.3824731237386303 0
0.2250726486661291 -0.3034743457849827 0
0.4713338025425451 -0.6139239562470038 0
5.610510846236369 0.9723923713404128 0
-0.7663701770683845 -1.916354407462481 0
4.429788330854361 -0.8881577126973079 0
0.01034859208215763 -0.059765007297364 0
0.5288657807547174 -0.6506220870721848 0
0.5269960989411664 -0.6668059695234774 0
-0.5093605340615103 -0.3030092953289052 0
0.5644533008040895 -0.7718173597379308 0
0.3109599360545433 -0.7154860365953719 0
-0.3389282914422634 -0.04885916158620887 0
3.394216287065583 -2.347545509812509 0
2.993397315421297 0.467979536897224 0
0.3196802662061072 -0.4362472991684234 0
0.4520866226070619 -0.5834765505985952 0
0.3022802803198533 -0.4626364518288111 0
0.7094050361127652 -0.9014183387797738 0
1.780353962298888 -1.414032807328492 0
0.1726612873826363 -0.3377444167829578 0
0.6230780152433447 -0.7698236362429474 0
-4.545153464476965 -2.796220043489819 0
-0.2484858858047527 -1.547039085302614 0
0.159093922696049 -0.02633874653703055 0
-0.2163919857219223 -0.2695334194358957 0
0.309785297682747 -0.3150796317308343 0
4.866287792020321 -1.768411952911052 0
0.5802076123461247 -0.7090179971390154 0
1.073631080068297 0.7092985054730161 0
-1.573916835163818 -5.537733306787114 0
0.3941750412094608 -0.431606893773289 0
0.02879498951709907 -0.06477981734015431 0
0.03717572156308468 -0.725138940975408 0
0.2153491892187105 -0.6104625631772087 0
-3.780107744734745 1.813126139185879 0
0.3040006839953253 -0.4749768875417456 0
-0.1547424080260177 0.3072477670473833 0
-1.170450459210587 0.2005638649443245 0
0.5751271125883799 -0.701288361415231 0
0.5665123662680833 -0.9995735853436314 0
1.043903591453217 -1.178469052032937 0
-0.05899949015303238 -0.4168148472097788 0
-0.223645520404047 0.22697868580884 0
0.01065933979277905 -0.04136800114986938 0
0.4727457476492438 -0.004029298564180049 0
0.1143494866977922 -0.1137631371746078 0
0.2896005092516574 -0.4552454392285119 0
0.2368000277108058 -0.318829570725335 0
-0.2553714185794524 -0.7230181942072802 0
0.1219993267882904 0.3494156616333854 0
5.099298703851334 2.592366198261628 0
0.03510248162125004 -0.6057651379954223 0
0.4098484468806435 -0.7737993203072433 0
-0.2076961537967555 -0.3505576906000368 0
-2.67609256430878 0.02720856358315295 0
-2.734634271532221 0.2170708438819391 0
1.111032653199068 -3.283205713716777 0
0.04831781169249805 -0.1363739351423353 0
-2.113384233942849 -0.8324028786698029 0
2.620554276477114 -4.40746109713233 0
-0.5370528340470887 -1.414034688655156 0
0.4252662642628327 -0.6561837006976733 0
0.4296142464438568 -0.6737824493901541 0
-0.4906042855322006 -0.08123172359121952 0
5.047074501072739 0.274624148828201 0
-0.00791947946806857 -0.7105335329055262 0
0.3823425176621145 -0.3821832095883242 0
1.234432586416648 -0.4525881100835001 0
0.446554379780188 -0.3393046512884089 0
-0.8570949786004906 -1.295422422884779 0
0.6581576998684083 -0.9545335921882041 0
0.6150762151992112 -1.005870027264913 0
-2.462384137605104 -1.606323228609145 0
4.162999021296948 -0.758471634823074 0
0.5131592859993046 -0.6472156927968918 0
-3.899780565711884 -3.202476477215994 0
0.9617422822079889 -1.830443014859702 0
-0.5519139720713007 -0.2336417982418882 0
-1.29209280431901 5.596668809243947 0
5.274452000666791 -1.303774889176217 0
-3.147156411152239 1.494739853942556 0
0.5854682250580426 -0.6608283393789931 0
0.3688418981419778 -0.1066775913743591 0
0.09830800906399946 -0.1399586080433841 0
-0.1829804244665765 0.03396090874973691 0
0.05402213460846501 -0.2768441110591773 0
0.9099154447429407 -0.7096706670205544 0
2.849153664349557 0.1061043520149923 0
0.4857589349844895 -0.821677737213439 0
0.564970888607749 -0.7984595322413517 0
0.4712549848999573 -0.6034748620486289 0
0.3241594130282785 -0.7432513068816725 0
3.630861219194574 -3.543010600904538 0
-0.01563225772575831 0.019645094392064 0
1.115000337484525 0.2603128727609978 0
0.4118339821480119 -1.504202207326842 0
0.5481347296588958 -0.6738878800573969 0
0.4094822434974955 -0.5785573342398304 0
-0.4645328772758046 -3.770551754693325 0
0.4835529627821057 -0.8945857939914086 0
0.4023996709697544 -0.513769217869352 0
-0.1825960639506454 -0.28867845741901 0
0.598412295839481 -0.6607974803909891 0
0.3581789395213825 -0.2850660889016657 0
-4.106672381285092 -3.474919625474282 0
0.3592629620818183 -0.4807798804386061 0
0.6633340311339208 -0.7766305485167437 0
0.6193124603181486 -1.215583989240165 0
1.202254949092809 2.580852122032999 0
-4.896620461221136 -1.543424417815628 0
-0.8220400910436472 0.6530189647362771 0
0.592309907339883 -0.7235509693980438 0
0.2871007941149694 -0.3981439466027996 0
0.4282602224303071 -0.458795849627687 0
1.668930830656787 -1.499462319976279 0
-0.7139482236073995 5.371269945037215 0
2.39996021923671 -1.700775703926017 0
0.2807638026760184 0.04026378675411652 0
0.1111868687331425 -0.3333729285916661 0
0.6820172374991442 0.2310622204233801 0
-1.930117794034806 -1.771090256694446 0
0.3612901975556772 -0.05244038501994344 0
0.172289682234834 5.140190341114096 0
-4.511022955184862 -0.07031871681319768 0
0.4725720446182413 -0.7238851469514249 0
-3.423068315195596 1.526643489334926 0
-1.097626613719456 -1.726896684183714 0
3.874952215622399 -1.887739195191029 0
-0.2912381333941673 0.0219487667463952 0
-0.05002018850052612 -0.02108874063368059 0
0.8943795322545001 -0.6681082456843971 0
-0.5410947438535615 -1.513016542956568 0
0.40623730442324 -0.567505291545378 0
0.7351122482643182 -0.4439142352207329 0
-1.237525896847355 -1.847585790994406 0
-0.7526692445426888 2.181755594828394 0
-3.603489441271914 -0.4220764519261345 0
0.7027942429069266 -0.6228507938959235 0
0.7419572043428029 -0.6482380206989243 0
1.326295243378679 -4.351878621852589 0
0.1858687355262455 -0.4162932836796464 0
0.1911856384851435 -0.2747678887906906 0
0.26017455627479 -1.093161175367302 0
-1.16912841076316 0.07270997395158874 0
0.2924644236738513 -4.13233523258863 0
-0.265633640395276 0.1072962653402024 0
0.3750083847452909 -0.4089341639387225 0
0.3608579508579191 -0.3528981592168568 0
0.2230296023356664 -0.372153188113796 0
-1.799696955961732 5.096113322749893 0
-0.5538658126271963 1.374113121773019 0
0.6478481705467962 -0.7594045603012409 0
0.478450683804988 -0.3919847775227983 0
-0.107453088507633 0.9953941358217578 0
-0.2600989420181775 -4.103480773644116 0
0.00816372004355588 -0.07006230179732427 0
0.2802543905481954 -0.8036595933935552 0
-3.5882352179515 2.025425628541783 0
1.403857443047034 0.4902306321929865 0
0.3106639316231117 -0.4112457495344828 0
0.3952515768096674 -0.5067765656241456 0
0.6736935770231727 -0.8047926796534032 0
0.04221058460807459 0.4045595029595191 0
-0.0723254374763839 -0.04293193802751907 0
-1.774796041857353 -0.2211309225781026 0
0.9637194789251526 -1.02769471640042 0
0.2236418255461249 -0.2189738874100019 0
0.2044661134159752 -0.4821294362564794 0
0.244896227781813 -0.6434444924488925 0
0.1078859190806884 -0.4551911053535621 0
-0.003683149130997728 1.344512506932504 0
-0.6625787634504339 -0.6591518751973012 0
0.2437139202687204 -0.2413692101840397 0
0.5147551427232043 -0.4450647701050809 0
0.3024781858277289 -0.4258642407219067 0
0.6118099013600492 -0.5407336936332859 0
1.103220564047728 1.019497699070268 0
0.4714311862268864 -0.8641326775526361 0
0.2084604371844361 0.5831167981055034 0
4.878365019270174 2.98123336882587 0
-0.149642075471985 -0.7470551165413779 0
0.7843296696456177 -0.3612591303654477 0
0.8787827910866201 -3.009149255273261 0
0.4373785985886006 -0.3233710477271892 0
0.4355012368894295 -0.6950044635305663 0
1.895963853408368 -2.536249193752365 0
0.452937255637801 -0.3075850940151499 0
-3.072857524786203 0.7339658922333325 0
-1.136511398678186 -0.4005785333504641 0
0.8422656215256455 -0.7306143226877053 0
-5.281947210737918 -2.269595981109753 0
1.108952176682788 -0.6095596922453188 0
2.51582300090163 4.770820783255502 0
0.8297177987784481 -0.5099284169717059 0
4.208455082636282 3.502767692937917 0
4.214669985819412 -2.908003876086587 0
-0.3976036557095702 1.333371532649598 0
1.713799055465481 -0.4116309310509101 0
0.6868291262274162 -0.6507784280479165 0
-0.009773863210571932 -0.001295414076270745 0
-0.01052538797627763 -0.01530975274085853 0
-1.754989853186531 -0.3668636172646583 0
0.163468696193538 2.612120640450453 0
1.41331321594653 -1.015388025824281 0
3.493067943520073 -2.573583885268662 0
0.3252485669094586 0.6081705675504224 0
0.1768993099784353 -0.1676470372138538 0
0.3933022628898136 -0.562643826581063 0
0.6262757840533119 -0.7167989728462455 0
-1.007912293669279 1.477434404902046 0
0.5472401399258616 -0.6166741524310475 0
-2.351903070660657 4.908981155887462 0
-5.343740590402162 -1.050983937509764 0
0.1925874535619418 -0.09492325397266661 0
-0.1806143887740638 0.2444957068559602 0
0.1628839154448143 -0.4410919433704225 0
2.680604832477203 -1.673601542663569 0
3.716159217778312 3.265558281142846 0
5.310929102846326 0.1630989427541003 0
-0.1753775762711779 -0.1492268621687012 0
0.4493255505478301 -0.7168835399012528 0
0.6009256870340264 -0.7476092688665157 0
-0.04779078626011456 -0.1523557592046659 0
0.7092597936368543 -0.7551818909947406 0
0.2764692052721168 -0.1700615600736909 0
0.02568228875452768 -0.003791706295441976 0
-2.388637032454834 -1.237574349912003 0
0.8916000428566365 -0.5797435993008213 0
0.5812526939186957 -0.7238701183280856 0
0.598706244955732 -0.8317918792190472 0
3.327491390950182 0.9934325629650824 0
0.03808959344060398 -0.01737846719374856 0
2.534187365690554 -3.186350840662256 0
0.2033779098373968 -0.2892418342466738 0
-0.04648334006899013 0.06414780402875285 0
-0.08632204583603542 -0.4400079544738839 0
0.322431078066768 0.4925195508642607 0
-3.19573306535131 -4.396873429278259 0
-4.742865426911326 -3.267407922361277 0
-2.313175312325022 -2.435315878185806 0
-4.589538042161638 0.2001574153517965 0
0.2409045661451262 -0.340368334503638 0
-0.4802180511318122 1.041956535356692 0
1.610223218768689 -0.9160956179596247 0
0.4998549536398474 -0.5540925470842847 0
0.3774193138520251 -0.5428434529794096 0
0.3991285504887175 -0.4397332246229994 0
-2.847018690368714 0.6447977936746356 0
0.8965196551182584 -0.2301460474794518 0
0.4807513626580596 -0.1871782972532157 0
0.3221463295284284 -0.3280522016866619 0
0.5003005810964294 -0.520189127583994 0
-0.855347857417338 -5.231923494192293 0
0.5503712228103441 0.0140844607640321 0
0.3997369397178772 -0.4240785207583169 0
1.882531923612634 -1.950428663241029 0
0.6859920743120992 -0.5971869597496943 0
0.1335432516665832 0.1596803349132072 0
0.1364579490572236 -0.3697993553349463 0
2.402904271374044 -0.8648327906579922 0
-1.216756804150815 3.492129418098334 0
0.02311160170364574 -3.84590226674708 0
-0.6255202312445389 -0.09441090281046283 0
0.20925760314412 -0.2063571109872843 0
-0.04376382049878622 0.3629814728174452 0
0.2618768383610159 -0.3495461986320787 0
2.251650935059199 1.092462286227569 0
-2.2367168991299 -0.9604746731718672 0
0.05644564082249809 -0.1194793952233545 0
2.039876237785522 1.157886829740548 0
1.281907364092093 -0.306986054903973 0
-1.062978630991616 0.2124306096670109 0
-0.9979076338784905 0.7907347682395042 0
-0.7757944835535127 1.011821469790258 0
0.4887934196524106 -5.135598326037385 0
0.5571713401081327 -0.8299951372186176 0
-0.2663973068010388 0.1527415226619558 0
0.677156397548623 -0.7853886015949216 0
-0.06248528993450116 0.006304412734405381 0
1.704409180949446 0.2848106679207552 0
0.297122283287677 -0.1886943291836184 0
0.07183203373044307 0.00606936177909213 0
0.2753704226759859 -0.3819658992810233 0
0.02625608102675842 -0.2190197802268386 0
0.09771430669552754 -0.08133791999743029 0
0.4682927166648868 -0.8328521845828194 0
0.4844949089760323 -0.5482244958282207 0
-4.958516899100463 1.334684756586984 0
3.694772764730335 1.184604092957769 0
-0.04862792886814833 0.310576040099565 0
-0.09754706715886427 0.2879792696502089 0
0.6330700907428423 -0.3112336296402021 0
-0.6118781956412104 0.2979189661430848 0
-4.918780310780456 -1.273447112597159 0
0.6279498330631488 -0.6995401857087261 0
1.569855619714815 -1.550676944713005 0
0.03510501588806988 -0.0710097922986761 0
0.09372692669202504 -0.2069404515488917 0
-3.662843297587533 -4.02788258963654 0
0.1936867712130014 -0.07505541929292507 0
2.21465475245938 2.452878494647698 0
0.6377494468945633 -0.5413918469363541 0
0.2527761656381679 -0.265138334664123 0
1.889551834733709 2.585694783891661 0
-0.7195644896640118 -1.335537650275696 0
0.2843315048004772 -0.1352942291511463 0
0.1098351346575209 -0.09455451943286609 0
0.4683319221824239 -1.197666656419544 0
0.621296387234348 -0.7523077198443946 0
0.5828785298946768 -0.4905882612221095 0
-0.9591673326894838 0.4843345663641869 0
0.5954611611166256 -0.678780522777926 0
-1.297767528110017 0.2421929593025936 0
-0.3534010069312095 -0.5192122071588643 0
0.7745331954915149 -0.9720778929348975 0
0.03629429486222616 -0.2879520243640786 0
0.9144522717260858 -5.210398308316754 0
0.6322010762721653 -0.724038488117599 0
1.042591068557904 -0.6224445738611109 0
-0.02841389338622745 0.01421807390747767 0
0.01592700328443227 0.01180948953820913 0
-0.002707913633078571 0.02100040584627615 0
-0.5555988111682286 3.218294760217641 0
-0.007270912498804268 0.009158641531430509 0
0.2813947701694651 -0.2662144948414 0
2.071010156776031 -2.576607574083468 0
0.1813157537869028 -1.481329240502325 0
0.3656270841999953 -0.5370810080864441 0
0.1828450538331476 -0.4529564243039538 0
0.1173235738649779 -0.1054810029271301 0
2.036040935650678 -5.078357861155606 0
-0.1127546387921486 -0.2820750277788519 0
0.383811272607474 -0.4907998267805888 0
0.6324080444041411 -0.8255179133207587 0
0.02516172203394468 -0.204155963789069 0
-0.2590934716680741 -0.138900229898607 0
3.722663653368895 -3.85056689375408 0
0.01157784094915742 -0.1969401863108485 0
0.3907203986773718 0.1492996720403383 0
2.90892233404179 4.989521051350255 0
0.163194068754156 -0.1560758294641563 0
1.30799638198325 -1.653147137729638 0
0.01783451377281968 -0.2776419936984431 0
-5.052765011203251 -2.713706414811793 0
-1.25314212185394 0.02088286735144479 0
0.05355361585585981 -0.09549859319940701 0
0.5782545906543296 -0.8285461415607103 0
0.1588399927523108 -0.62176161759603 0
0.8411186266882924 0.8014689118432514 0
0.1468505800072345 -0.2178729804573096 0
-1.871778470980331 -0.4634843210505352 0
0.5264289728161162 -0.3875143369282092 0
-0.7187994109069722 -0.5276140279695029 0
0.5495347629681174 -0.7715865102661663 0
0.4412503318603668 -0.1512231098623744 0
5.401210050792741 -0.4284042090526736 0
-1.772464219871023 -5.088681614545942 0
0.2878681110012564 -0.2947421356517274 0
1.386533464890597 2.270276163808372 0
0.1262300039585471 -0.2393246113941006 0
-3.181487787245116 3.972728706905176 0
1.17340432598405 -0.5944128020646238 0
4.935939488981672 -2.324541916556865 0
0.3489977590735664 -0.7392822454449459 0
2.189551793663137 -1.551341533639391 0
-0.5565732362784039 -0.1173382631924145 0
0.3857432938359031 -0.2503911395565168 0
0.0113820741126141 0.6571000581182757 0
1.002183853837944 -0.5782466448474722 0
-0.4651623741054502 0.1000444697140759 0
0.5597161878782174 -0.6317302374548301 0
0.3466417158611867 -0.4625006467583068 0
2.160633399153316 -0.1165401132568381 0
0.5586617958732932 -0.6966663453389891 0
-0.2450738633685358 -0.3752275092112339 0
2.721418201947729 -4.682500162878093 0
-0.462431897346649 0.1624213397610852 0
1.438391924659899 -5.25957492577766 0
4.039737135270155 1.49182390176118 0
-0.3214448470155339 -0.7565552273736006 0
1.493139237185528 -0.9693886129631042 0
0.1748090452812587 -0.28891175051657 0
0.1876797547669067 -0.1810646727155408 0
0.1854991516413871 -0.4762343682584822 0
0.04372681911773701 -0.02480873906396551 0
0.373376393267794 1.01316948108946 0
0.5461037516526374 -0.6844946298717999 0
0.8833144775127769 -1.090020936500193 0
0.131429018899049 -0.001418050665339621 0
0.5190667719048281 -0.6763342054424624 0
0.1417295950866269 -0.2432013138315721 0
0.6105133147474529 -0.6638047326105432 0
0.1949220589897443 -0.2033074713425638 0
0.4055262627748872 -0.5292360343913514 0
1.457452146784198 -1.915662900295656 0
-4.561528875727212 2.96547705487609 0
0.318408032589892 -1.120542355319704 0
0.2004117720018569 -0.3459576072460667 0
0.2031785541904654 -0.6304266126710674 0
-0.4897475557736142 -0.2499583770016778 0
-0.8691094696915714 -0.9440668420287562 0
-0.2347331678281795 -1.219557650322621 0
-0.6809171964331322 -0.860594326185762 0
-0.1931393544381323 -0.7200750850382867 0
-0.03186146987561436 -0.1121095150708021 0
-5.382895522985629 0.95864025992406 0
0.5836205026485262 -0.6118725901796094 0
0.1062668513965611 -0.1909993803342808 0
-0.2997278545170185 -0.1142633998958759 0
-0.2169282095896943 0.0377063204995873 0
0.1630317406671938 -0.2841442885697588 0
1.323831079724394 -3.341587982742718 0
0.6515586052670915 -0.7703209083494947 0
0.6928049984825778 0.1130918417007389 0
-3.411414342385293 1.110551212394364 0
0.2550678907033171 -0.2545299712611075 0
-0.9595965074094234 -1.1281729558311 0
0.1319358644965667 -0.1950551624282209 0
-0.7395902908447169 -0.05525243885839161 0
-0.3377784505678721 -0.08843411467002509 0
0.06441316469079801 -0.04928722122624848 0
0.1867632502989343 -0.1918410205020444 0
0.03455865119986994 -0.1193565009194702 0
-4.893082061939408 0.2883450910874899 0
1.977619569182423 -0.2853209684279721 0
0.1070381208639886 -1.027132721644354 0
0.7632389637358028 0.2578771320081105 0
0.5646227731533389 -0.4976718978403384 0
0.2505161960780128 -0.4646984361821159 0
-1.147888296192372 1.499417085992547 0
0.07983165223064487 -0.3433412334440322 0
-0.1969515411572463 -0.1295374259982194 0
0.7885314855808097 -1.847717542188451 0
4.449009542675967 -1.140557053116056 0
0.6638512482437058 -0.6063218953467165 0
0.504152202222623 -0.6895346069205941 0
-0.7310637806932245 3.304688644852956 0
-0.9673167562121592 3.394352965429004 0
0.64551182214502 -1.805694925952258 0
0.4936030858725703 -0.6240299862774061 0
0.1565916004510644 -1.049655268847438 0
0.6365455954951647 -1.272069279487691 0
0.3193084289215402 -0.8892531811567628 0
0.2458808812451414 -0.1636125253321021 0
1.223187495812703 0.3072384037245656 0
1.184083830055675 -1.163016331728483 0
0.03977703289504136 0.06554924534101401 0
3.031412663350862 -4.188661267019217 0
-0.530361299944484 0.05548961069396715 0
0.102834765674918 -0.4740499904287104 0
0.2951908344215194 0.01824475338711368 0
0.03615990898849449 -0.3061657465035719 0
-0.8844754325295 0.9370421586427288 0
0.6063442347352125 -0.6935348277615285 0
1.302270018778303 -0.5682038905567437 0
4.009525181734359 1.844911276632754 0
-5.432937356463008 -0.7245794189041611 0
-1.044082013816398 3.856211296737215 0
0.409227553933532 -0.4376122835870534 0
0.4207682984073798 -0.5439297074316038 0
0.1501470730282236 -0.1089926191508485 0
0.4797632870709627 -0.6092695589979986 0
-0.06950501689876376 -0.2086214523348893 0
0.002005283186354334 0.03350301864067287 0
0.1861214704250843 -0.292828009045278 0
1.502184807686688 -1.629812928352492 0
-0.5141508980423503 0.1892945340045664 0
0.4863698227140234 0.3584912326110729 0
0.4042124860712296 -0.4095739143585277 0
2.508308585055248 -2.728594843602151 0
0.6010888405240479 -0.6866629834087318 0
-0.4312054159046627 -1.544084125856412 0
0.1368567320275741 -0.1258503127724889 0
0.8748312416188242 -0.08435862318554979 0
0.2131952918353567 -0.1985137038853206 0
0.3046255245381909 0.1559365516679884 0
-0.04910274157816769 -1.03506845949282 0
2.237029837849131 -2.614338941243082 0
0.1656931751994625 0.6288059029995399 0
0.1568160395269543 -0.1496280648270952 0
-2.596830480004892 -4.415557255854366 0
1.107588345004713 -0.8780634327951203 0
-0.0001785176146499305 -0.4346058319732395 0
2.919949576220041 -1.512685887259344 0
0.4657740990337437 -0.2953850778617639 0
-2.024941907894602 -2.677776238981721 0
0.4688223824077306 -0.4563517416545432 0
0.3213003823550906 -0.5445011273897 0
3.205370644275635 -1.538912286148046 0
0.4336017070496481 -0.5583099894009493 0
1.125147690190311 -2.475295119873509 0
0.3448215879193439 -0.5468208469993172 0
0.134239095675982 -0.5195231659794142 0
0.9993268856671551 -1.643394798149022 0
0.2521275988476156 0.2174183702662148 0
3.741190634031283 -2.615021420049155 0
0.8315869439952832 -0.8119155708763371 0
-0.467094711554215 1.155746076053512 0
0.00804735161578558 0.3742399945255055 0
0.6209071727838814 -1.051813076835566 0
1.378591718662263 -3.524903097354346 0
0.379294628268195 4.014482409984356 0
0.5046260853193398 -0.5617622955446593 0
0.7828246818497699 -0.8161616607018881 0
0.0306823291156281 -0.01166253031197126 0
-0.5431638686139043 -2.725112907987185 0
0.01893511592328632 0.002439548532244167 0
0.6419186696084861 -0.7744895381196841 0
0.6902975620315249 -0.8351030013003921 0
0.3891286980284921 -0.4103795380089462 0
0.4103030561419949 -0.4261939233832577 0
0.1773325367113242 -0.8160496723668316 0
0.452910541210921 -0.3562668132162943 0
0.3612851783311468 -2.241604871281327 0
1.456087002665348 -0.1259508905880407 0
3.03672089577536 0.01772591202631137 0
0.4000604437806353 -0.5342700641706928 0
3.184667779466868 -1.315552300038132 0
1.380798821178875 -1.591787761578299 0
0.2288453614306677 -0.228656555866121 0
0.5531139673517499 -0.6231279243873322 0
1.115604535807696 1.159332116949396 0
0.4332517941005648 -0.4683037406204575 0
-0.895201352434386 -2.091139474677975 0
-0.3859936480144776 0.5545954618592771 0
0.04763541286318158 -0.1245305127513521 0
-1.648233907143313 -2.747545403608734 0
-3.980448714899034 -3.711439006150192 0
0.4254126845462272 -0.4396289844316399 0
-2.291757738746815 -2.613279202361452 0
-2.459344363195364 -4.829830400493057 0
0.4556509032342226 -0.1714250012905889 0
0.2227971766709428 -0.3112878833084096 0
0.8128905317013496 -0.4784610718553486 0
-0.1376759127668846 -1.012030632967635 0
0.2697863384287413 -0.09699102364535424 0
0.08610016314227982 0.03527970841479826 0
-0.9597375153694876 -0.328021049868602 0
0.3719379422881169 -0.2125539656002649 0
-4.433057611804531 2.528358500353951 0
3.449995205640192 -4.225980984760338 0
0.6871845349830689 -0.5475171640035044 0
0.2351412496345247 -1.515089668061211 0
0.0004178363311410711 -0.2661212398448647 0
5.105493284704147 -1.903205817556956 0
-0.9276679924671711 -0.2193814682531571 0
3.809343088454211 4.382147941223434 0
-0.1269292332063633 -1.649779327014973 0
-0.06521382378414763 -0.1420103244369575 0
0.621984746343938 -0.4729651390447753 0
1.206974890431454 -0.7041763309847571 0
-0.2597638931822117 0.2018002145835019 0
0.3940138883601171 -0.3829723780166985 0
0.8815674643798458 -0.2878187538105632 0
0.09469389299014827 -0.1314256720557963 0
0.3112866373429109 -0.2145231674777993 0
0.9735506171005637 -0.9852780171005404 0
0.223530307857454 -0.6330060068767739 0
0.4934602421847786 -0.548212874550833 0
0.4150893300895299 -0.4126324673562914 0
0.4348947899755906 -0.4413728626074419 0
0.3054069084602158 -0.5756950118897395 0
0.2239562341903251 -1.132781455789216 0
0.5940020170650172 -0.4715683967753754 0
-0.2441655599565795 -0.2090218276565284 0
-5.104346793412226 1.941852654737404 0
-1.588191606825216 1.082871941215118 0
-0.1481171221249063 -0.005047507533008099 0
0.771088917062724 0.8519955843214266 0
-2.002961043248741 -5.088570242139256 0
0.4601984964123139 -0.586487652071233 0
0.4470788539927631 -0.5736085014495587 0
0.26108091091333 -0.2765150418295073 0
0.3728572261892495 -0.352692627950456 0
0.169513239808011 -0.05514136658909268 0
0.07930861764799967 -0.1253040726431722 0
-0.1726947229610379 0.06944247163385717 0
0.54851046021061 -0.2698514087382801 0
2.113785067152814 0.1554709475717736 0
0.1419328641231783 5.784918551000743 0
-1.639254989013287 2.342335723547918 0
-1.940959221513568 0.319796728766686 0
-3.640897980021549 2.245433476791053 0
0.3324051784547264 -0.3419167821722534 0
-0.03590871366797124 -0.1244735632125557 0
5.730019371951719 0.4703773368282008 0
0.04862087661955518 -0.1477117000228294 0
0.4784429752541038 -0.9538204202225603 0
0.6377448834273425 -0.7322093607642137 0
0.5044665584019792 -0.5099369244948686 0
1.392017249224356 0.6303374815312666 0
1.782476461212741 -2.648977212765669 0
5.45064089690919 -0.676780236532983 0
-1.684219551434662 0.007699864129824563 0
0.7018903456472425 -0.5691530887905765 0
0.2263706479102152 -0.3187748728687085 0
0.2096045658092125 -1.070975956535209 0
0.3146438121893917 -0.5983964056597311 0
0.06772500806488935 1.236886617920943 0
-3.240398164241135 -1.594861043161531 0
0.09560979788483544 0.2203747700150692 0
-1.795074083349677 2.127503936647893 0
-2.208436432037014 -1.802388447292972 0
0.3924329917916065 0.6273323438568128 0
0.481178076041433 -0.3312069610676183 0
0.5476902832894814 -0.5568731065195056 0
0.00304268381898249 -1.667555786224121 0
5.064204968818581 -1.384666688330951 0
0.3777392491890514 -0.5042894195670989 0
0.6545985824478744 -0.7226739656086661 0
1.210654694979852 1.691043493162717 0
0.2942798605722244 -0.4314163526321311 0
0.2404625818526754 -0.1340523387877094 0
0.07075655905040396 0.05899021662711748 0
1.024548943869535 -0.8894980208478481 0
0.3560357979399077 -0.4897594303998699 0
0.4985944364525149 -0.7389816698415547 0
1.522924973659463 0.2159223439549158 0
-0.6583996868042564 -0.7312234845519073 0
-3.10719539110569 0.9295542802540744 0
0.1347980903761447 -0.3565101564165548 0
0.3811379565047645 -1.140426312215221 0
0.1813627611600502 -0.02127130525827976 0
0.4601830453559522 -0.3266288044000377 0
-1.325014537643942 0.3657197191905201 0
2.452905481400496 1.464910613175138 0
-0.03192694152449537 -0.5769823282389044 0
-0.07799543497373866 -0.5491208781392098 0
0.8421152949521395 -1.013869912007114 0
-0.120859370725953 -0.5221173899594582 0
2.206719083539106 2.277841217947263 0
0.342003812379095 -0.4570893901529785 0
0.6305268855719042 -0.7756444538007466 0
1.688899164331975 -0.187522209999488 0
$EndNodes
$Elements
105 9832 1 9832
1 1 1 1
1 1 2 
1 2 1 1
2 2 3 
1 3 1 1
3 3 4 
1 4 1 1
4 4 5 
1 5 1 1
5 5 6 
1 6 1 1
6 6 7 
1 7 1 1
7 7 8 
1 8 1 1
8 8 9 
1 9 1 1
9 9 10 
1 10 1 1
10 10 11 
1 11 1 1
11 11 12 
1 12 1 1
12 12 13 
1 13 1 1
13 13 14 
1 14 1 1
14 14 15 
1 15 1 1
15 15 16 
1 16 1 1
16 16 17 
1 17 1 1
17 17 18 
1 18 1 1
18 18 19 
1 19 1 1
19 19 20 
1 20 1 1
20 20 21 
1 21 1 1
21 21 22 
1 22 1 1
22 22 23 
1 23 1 1
23 23 24 
1 24 1 1
24 24 25 
1 25 1 1
25 25 26 
1 26 1 1
26 26 27 
1 27 1 1
27 27 28 
1 28 1 1
28 28 29 
1 29 1 1
29 29 30 
1 30 1 1
30 30 31 
1 31 1 1
31 31 32 
1 32 1 1
32 32 33 
1 33 1 1
33 33 34 
1 34 1 1
34 34 35 
1 35 1 1
35 35 36 
1 36 1 1
36 36 37 
1 37 1 1
37 37 38 
1 38 1 1
38 38 39 
1 39 1 1
39 39 40 
1 40 1 1
40 40 41 
1 41 1 1
41 41 42 
1 42 1 1
42 42 43 
1 43 1 1
43 43 44 
1 44 1 1
44 44 45 
1 45 1 1
45 45 46 
1 46 1 1
46 46 47 
1 47 1 1
47 47 48 
1 48 1 1
48 48 49 
1 49 1 1
49 49 50 
1 50 1 1
50 50 51 
1 51 1 1
51 51 52 
1 52 1 1
52 52 53 
1 53 1 1
53 53 54 
1 54 1 1
54 54 55 
1 55 1 1
55 55 56 
1 56 1 1
56 56 57 
1 57 1 1
57 57 58 
1 58 1 1
58 58 59 
1 59 1 1
59 59 60 
1 60 1 1
60 60 61 
1 61 1 1
61 61 62 
1 62 1 1
62 62 63 
1 63 1 1
63 63 64 
1 64 1 1
64 64 65 
1 65 1 1
65 65 66 
1 66 1 1
66 66 67 
1 67 1 1
67 67 68 
1 68 1 1
68 68 69 
1 69 1 1
69 69 70 
1 70 1 1
70 70 71 
1 71 1 1
71 71 72 
1 72 1 1
72 72 73 
1 73 1 1
73 73 74 
1 74 1 1
74 74 75 
1 75 1 1
75 75 76 
1 76 1 1
76 76 77 
1 77 1 1
77 77 78 
1 78 1 1
78 78 79 
1 79 1 1
79 79 80 
1 80 1 1
80 80 81 
1 81 1 1
81 81 82 
1 82 1 1
82 82 83 
1 83 1 1
83 83 84 
1 84 1 1
84 84 85 
1 85 1 1
85 85 86 
1 86 1 1
86 86 87 
1 87 1 1
87 87 88 
1 88 1 1
88 88 89 
1 89 1 1
89 89 90 
1 90 1 1
90 90 91 
1 91 1 1
91 91 92 
1 92 1 1
92 92 93 
1 93 1 1
93 93 94 
1 94 1 1
94 94 95 
1 95 1 1
95 95 96 
1 96 1 1
96 96 97 
1 97 1 1
97 97 98 
1 98 1 1
98 98 99 
1 99 1 1
99 99 100 
1 100 1 1
100 100 1 
1 101 1 51
101 101 105 
102 105 106 
103 106 107 
104 107 108 
105 108 109 
106 109 110 
107 110 111 
108 111 112 
109 112 113 
110 113 114 
111 114 115 
112 115 116 
113 116 117 
114 117 118 
115 118 119 
116 119 120 
117 120 121 
118 121 122 
119 122 123 
120 123 124 
121 124 125 
122 125 126 
123 126 127 
124 127 128 
125 128 129 
126 129 130 
127 130 131 
128 131 132 
129 132 133 
130 133 134 
131 134 135 
132 135 136 
133 136 137 
134 137 138 
135 138 139 
136 139 140 
137 140 141 
138 141 142 
139 142 143 
140 143 144 
141 144 145 
142 145 146 
143 146 147 
144 147 148 
145 148 149 
146 149 150 
147 150 151 
148 151 152 
149 152 153 
150 153 154 
151 154 102 
1 102 1 51
152 102 155 
153 155 156 
154 156 157 
155 157 158 
156 158 159 
157 159 160 
158 160 161 
159 161 162 
160 162 163 
161 163 164 
162 164 165 
163 165 166 
164 166 167 
165 167 168 
166 168 169 
167 169 170 
168 170 171 
169 171 172 
170 172 173 
171 173 174 
172 174 175 
173 175 176 
174 176 177 
175 177 178 
176 178 179 
177 179 180 
178 180 181 
179 181 182 
180 182 183 
181 183 184 
182 184 185 
183 185 186 
184 186 187 
185 187 188 
186 188 189 
187 189 190 
188 190 191 
189 191 192 
190 192 193 
191 193 194 
192 194 195 
193 195 196 
194 196 197 
195 197 198 
196 198 199 
197 199 200 
198 200 201 
199 201 202 
200 202 203 
201 203 204 
202 204 103 
1 103 1 51
203 103 205 
204 205 206 
205 206 207 
206 207 208 
207 208 209 
208 209 210 
209 210 211 
210 211 212 
211 212 213 
212 213 214 
213 214 215 
214 215 216 
215 216 217 
216 217 218 
217 218 219 
218 219 220 
219 220 221 
220 221 222 
221 222 223 
222 223 224 
223 224 225 
224 225 226 
225 226 227 
226 227 228 
227 228 229 
228 229 230 
229 230 231 
230 231 232 
231 232 233 
232 233 234 
233 234 235 
234 235 236 
235 236 237 
236 237 238 
237 238 239 
238 239 240 
239 240 241 
240 241 242 
241 242 243 
242 243 244 
243 244 245 
244 245 246 
245 246 247 
246 247 248 
247 248 249 
248 249 250 
249 250 251 
250 251 252 
251 252 253 
252 253 254 
253 254 104 
1 104 1 51
254 104 255 
255 255 256 
256 256 257 
257 257 258 
258 258 259 
259 259 260 
260 260 261 
261 261 262 
262 262 263 
263 263 264 
264 264 265 
265 265 266 
266 266 267 
267 267 268 
268 268 269 
269 269 270 
270 270 271 
271 271 272 
272 272 273 
273 273 274 
274 274 275 
275 275 276 
276 276 277 
277 277 278 
278 278 279 
279 279 280 
280 280 281 
281 281 282 
282 282 283 
283 283 284 
284 284 285 
285 285 286 
286 286 287 
287 287 288 
288 288 289 
289 289 290 
290 290 291 
291 291 292 
292 292 293 
293 293 294 
294 294 295 
295 295 296 
296 296 297 
297 297 298 
298 298 299 
299 299 300 
300 300 301 
301 301 302 
302 302 303 
303 303 304 
304 304 101 
2 1 2 9528
305 4028 4027 4393 
306 1558 3080 4444 
307 3132 3273 3301 
308 1055 2732 4373 
309 2744 2745 4274 
310 2602 1370 3415 
311 2188 2795 2796 
312 2297 3749 3984 
313 2257 2805 2806 
314 397 399 3728 
315 2206 2803 2804 
316 2316 3260 3673 
317 2948 671 4737 
318 3191 528 3426 
319 1238 2797 2798 
320 2656 1793 3835 
321 1240 2801 2802 
322 2738 1052 2928 
323 2392 3443 4260 
324 2772 973 3057 
325 1703 3454 3869 
326 907 887 3904 
327 865 3309 4139 
328 3346 3378 3784 
329 1190 1237 3948 
330 3273 3132 4439 
331 2746 2744 4274 
332 2595 3223 3547 
333 2780 2781 4248 
334 4198 2447 4337 
335 3378 1999 3379 
336 3014 1600 3015 
337 2946 3073 3659 
338 1258 1569 3004 
339 2503 3325 3878 
340 914 2979 3544 
341 3539 1874 3971 
342 1204 2818 4649 
343 3597 2484 3644 
344 3460 3459 3676 
345 764 766 3310 
346 2307 2977 3800 
347 1215 2857 4588 
348 3396 3615 4357 
349 2471 2891 3871 
350 1363 2671 3686 
351 3404 3542 3938 
352 2783 2168 4603 
353 1086 1111 3689 
354 3536 2497 4360 
355 3047 2114 3245 
356 3223 2595 3929 
357 2767 3611 4396 
358 3147 1766 3762 
359 3284 1647 4230 
360 1557 2759 3078 
361 316 3142 3819 
362 541 3097 3098 
363 464 3232 3657 
364 1443 3889 4447 
365 2715 2970 4074 
366 2732 1055 3717 
367 3533 2087 3824 
368 1052 1026 2928 
369 2857 2856 3253 
370 2829 1680 3665 
371 1163 3852 3879 
372 2684 1973 2714 
373 3360 1562 4540 
374 2757 2405 3950 
375 1396 1598 3345 
376 2924 3368 3632 
377 2911 2156 3145 
378 2857 3253 3619 
379 3134 1090 3581 
380 2626 3054 4721 
381 1893 2560 2911 
382 2303 3911 4198 
383 1973 2684 2719 
384 3059 747 3061 
385 1034 1033 3201 
386 2909 2697 4654 
387 2731 1112 3480 
388 2134 3111 3414 
389 347 2722 3949 
390 3309 2499 4139 
391 1037 1034 3201 
392 2363 3221 3903 
393 3325 3435 3878 
394 467 3346 3784 
395 2818 3834 3835 
396 1793 2656 4386 
397 776 4104 4148 
398 2370 2773 2887 
399 3879 3852 4364 
400 1682 3144 3842 
401 3429 704 4322 
402 2620 1232 4584 
403 2865 2281 3731 
404 1403 3815 4179 
405 2131 2819 4655 
406 3977 4036 4208 
407 3326 2728 4218 
408 1039 3030 3774 
409 3112 1366 3688 
410 1081 3196 3197 
411 2780 2779 2781 
412 3385 791 4181 
413 2668 3371 3603 
414 670 671 2948 
415 3053 540 3485 
416 2946 3659 4290 
417 4125 4085 4163 
418 2722 347 3395 
419 3017 1052 3018 
420 3296 1435 3753 
421 1192 1190 3948 
422 3834 2062 4134 
423 3232 464 4159 
424 2061 4496 4582 
425 3028 4072 4724 
426 3598 2613 4098 
427 1370 2602 4033 
428 3616 3617 4113 
429 2099 2260 2837 
430 2944 1382 3156 
431 2844 2847 2848 
432 541 3098 3099 
433 2900 2177 4504 
434 2911 3145 3882 
435 1562 4255 4540 
436 612 1315 3577 
437 3889 3379 4447 
438 1435 3296 3919 
439 1705 3102 3853 
440 1942 4082 4171 
441 2305 2724 2867 
442 2813 2391 3514 
443 872 2606 3467 
444 1520 2681 3677 
445 3003 1082 4467 
446 3922 3486 4164 
447 3144 2283 3842 
448 478 480 3888 
449 3775 1555 4003 
450 2818 2817 3834 
451 2560 4467 4503 
452 3342 4198 4337 
453 3736 698 4072 
454 1520 1106 2681 
455 2227 2784 2953 
456 1215 1217 2857 
457 1204 1206 2818 
458 4144 4018 4221 
459 3118 2974 3119 
460 3443 2392 3940 
461 3216 2965 4284 
462 2869 816 2976 
463 2497 1975 4360 
464 4157 1978 4435 
465 1552 4085 4125 
466 531 3326 4218 
467 3414 3111 3691 
468 2419 2782 3045 
469 3898 2200 4553 
470 2079 2080 3448 
471 3223 2593 3282 
472 3148 3147 3762 
473 3640 2852 4432 
474 4143 2065 4563 
475 486 497 3351 
476 797 2607 4332 
477 3219 896 3967 
478 4032 971 4538 
479 1021 1052 3017 
480 3004 1569 3005 
481 342 3370 3739 
482 3239 3499 3996 
483 528 3191 3280 
484 1026 1031 2928 
485 2674 1400 3944 
486 3157 3483 3927 
487 1392 3629 3862 
488 2357 3344 3345 
489 3215 4116 4587 
490 2814 349 3627 
491 349 2814 3504 
492 2831 519 3483 
493 2788 2419 2986 
494 3051 1939 4378 
495 759 3401 3770 
496 2429 3860 4295 
497 327 2852 3640 
498 3546 3898 4553 
499 2161 2961 3822 
500 1184 3283 3747 
501 1582 2820 4408 
502 896 3219 3829 
503 2060 3118 3119 
504 700 2840 2853 
505 3974 4069 4631 
506 1155 1153 3781 
507 4248 4157 4435 
508 1924 1926 3174 
509 3974 3101 4069 
510 2370 2057 2773 
511 75 76 3252 
512 2204 2888 2890 
513 2794 2225 2998 
514 1108 1520 2825 
515 3421 4225 4500 
516 832 728 3700 
517 2322 3446 3447 
518 1364 2916 3656 
519 2606 872 4332 
520 2997 1835 4689 
521 3663 1635 4490 
522 3774 1998 3775 
523 3454 2359 3869 
524 2405 2757 4809 
525 2532 3775 4003 
526 2851 1051 3055 
527 3349 3510 4118 
528 2793 2257 3075 
529 1039 3774 4450 
530 1903 1901 3363 
531 704 882 4322 
532 314 3086 3593 
533 796 794 3304 
534 3072 2107 3906 
535 1939 3051 3883 
536 1228 1565 3580 
537 1013 3171 3278 
538 2792 3533 3824 
539 2671 1363 4088 
540 1907 2419 2788 
541 2118 2121 4746 
542 2843 1864 2845 
543 522 3491 4305 
544 2607 797 4445 
545 2628 4032 4538 
546 519 2831 3859 
547 4496 2798 4582 
548 1891 1017 3105 
549 3306 2798 4496 
550 3611 2767 4086 
551 2898 2176 2899 
552 1070 1086 3689 
553 928 3279 3904 
554 2419 2016 2782 
555 3421 3652 4225 
556 1366 3112 4632 
557 2758 2917 4845 
558 2227 2053 2784 
559 1218 2887 3705 
560 1253 4036 4300 
561 1078 1082 3003 
562 3054 2626 4256 
563 2639 1903 3363 
564 2300 4018 4144 
565 1553 2985 3916 
566 3815 2655 4179 
567 2888 2889 2890 
568 3986 3484 4454 
569 1870 3616 4113 
570 300 299 3458 
571 2873 2870 2976 
572 3720 3806 4113 
573 76 348 3252 
574 1313 3411 4404 
575 810 2910 3207 
576 3696 316 4110 
577 2945 2204 3230 
578 3074 2131 4655 
579 3288 2446 4357 
580 2117 2118 2119 
581 1371 2952 4457 
582 2114 1665 3245 
583 1025 2764 3403 
584 2032 2257 2793 
585 2361 3047 3245 
586 2886 4268 4758 
587 1436 1414 3519 
588 2188 2038 2795 
589 3436 1387 3730 
590 3336 2420 4250 
591 2206 2026 2803 
592 2912 2560 4503 
593 1392 3628 3629 
594 1240 1211 2801 
595 2859 1980 2860 
596 1230 1228 3580 
597 1429 3587 3588 
598 794 830 3304 
599 497 2921 3351 
600 2952 1371 4442 
601 2979 914 3850 
602 3066 2649 3226 
603 3540 3539 3971 
604 1238 1223 2797 
605 1027 2904 3706 
606 3377 1999 3378 
607 818 816 2869 
608 3473 1553 4329 
609 3330 3328 3970 
610 2045 2225 2794 
611 793 300 3458 
612 2819 2131 4861 
613 3078 2759 3079 
614 2257 2034 2805 
615 1926 1935 3174 
616 2890 2889 3475 
617 2867 838 2868 
618 1020 1081 3402 
619 2891 1298 3871 
620 1052 2738 4541 
621 1713 1709 2903 
622 3995 4679 4904 
623 973 2772 3056 
624 1022 1020 3402 
625 3178 1914 3179 
626 2724 838 2867 
627 2892 1098 2893 
628 1777 1715 3377 
629 1153 1235 3781 
630 2996 2516 3663 
631 4129 2881 4132 
632 1891 3105 3106 
633 3979 4164 4200 
634 2613 3598 3649 
635 484 486 3351 
636 2900 793 3458 
637 2076 3094 3115 
638 671 1608 4737 
639 4116 3215 4343 
640 3926 2614 3964 
641 2463 2118 3322 
642 3086 3425 3593 
643 541 512 3097 
644 3172 2683 3173 
645 1838 1835 2997 
646 3106 3104 4734 
647 2119 2118 4746 
648 1660 2002 3067 
649 3835 3834 4134 
650 1557 3227 4506 
651 3834 2816 4140 
652 3236 2240 3551 
653 2223 2767 4396 
654 3142 316 4111 
655 1688 2161 3822 
656 2232 2697 2909 
657 4116 2749 4587 
658 3813 1163 3879 
659 2977 1276 3800 
660 766 840 3310 
661 2200 3898 4350 
662 1051 2851 3070 
663 1090 3134 3582 
664 2177 2552 4504 
665 2610 4319 4497 
666 2168 2452 4603 
667 2739 3284 4230 
668 2757 3950 4768 
669 3368 3205 3632 
670 2826 360 3638 
671 2281 2601 3731 
672 3542 1454 3938 
673 3067 2002 3068 
674 2173 3329 3330 
675 3035 3038 3040 
676 3401 3400 3770 
677 2678 3068 4125 
678 2853 2841 2854 
679 468 3296 3404 
680 3139 3137 4590 
681 980 3349 4118 
682 196 195 3416 
683 1438 3922 4164 
684 3814 3813 3879 
685 3031 1951 3453 
686 2733 3216 4284 
687 1173 1170 3605 
688 2758 2234 2917 
689 2450 3154 3920 
690 812 810 3207 
691 647 649 3297 
692 2792 346 3533 
693 2240 3236 3552 
694 3447 1679 3448 
695 2911 2560 2912 
696 2062 3834 4140 
697 750 747 3059 
698 3599 2481 3647 
699 2806 3600 3697 
700 3105 3104 3106 
701 2825 1520 4561 
702 4135 2642 4359 
703 3028 2858 4072 
704 849 835 2866 
705 2844 2843 2847 
706 3319 915 4437 
707 2204 1720 2888 
708 2663 2664 3488 
709 2678 3067 3068 
710 1315 3248 3577 
711 3279 928 4427 
712 3297 649 4863 
713 3309 2411 3495 
714 915 3319 4544 
715 705 3508 4303 
716 3138 3137 3139 
717 3437 3436 3730 
718 2811 1260 3286 
719 3466 2637 4080 
720 2423 2424 3452 
721 1557 1152 3227 
722 2756 2753 4166 
723 2523 3791 3792 
724 2945 3230 4669 
725 2133 3284 3470 
726 1512 1511 3375 
727 1598 2357 3345 
728 2702 3774 3775 
729 1509 1489 2960 
730 3054 545 4721 
731 2764 2436 3403 
732 4036 1253 4208 
733 4247 2886 4758 
734 3071 3072 3906 
735 3094 2076 3096 
736 3227 2556 4506 
737 1571 3977 4173 
738 923 884 3056 
739 884 973 3056 
740 1232 2620 4824 
741 3260 725 3673 
742 1965 1496 2920 
743 1680 1575 3665 
744 2540 4015 4797 
745 2676 2674 3944 
746 3264 1041 4383 
747 1414 1706 3519 
748 2807 4143 4563 
749 2837 2260 2838 
750 700 697 2840 
751 3749 635 3984 
752 2552 2179 2962 
753 1144 3080 4791 
754 3009 3007 3014 
755 1299 1126 3233 
756 2168 2119 2452 
757 1425 1423 3200 
758 1144 1147 3080 
759 1126 1124 3233 
760 2107 3072 4053 
761 3260 2316 4315 
762 3459 1651 3676 
763 2523 3790 3791 
764 2764 1025 4713 
765 2446 3396 4357 
766 490 3204 3255 
767 3347 2382 4162 
768 2813 3514 4526 
769 3370 342 4361 
770 2420 3336 4172 
771 2375 2999 4489 
772 2931 872 2932 
773 2981 2223 4396 
774 2941 522 4305 
775 2663 3488 4071 
776 3221 978 3903 
777 2385 2386 3022 
778 3394 3085 4296 
779 399 496 3728 
780 3816 3557 3848 
781 4201 1527 4243 
782 3202 3203 4712 
783 2802 2801 4563 
784 3314 2590 3548 
785 2380 3256 4455 
786 462 2092 3386 
787 2748 4352 4587 
788 1553 1282 4329 
789 1850 2197 3243 
790 2921 497 2923 
791 2400 2715 4074 
792 3626 4252 4410 
793 3483 519 3927 
794 3102 3098 3853 
795 540 3053 4063 
796 4027 1615 4393 
797 2484 3597 4187 
798 2281 2865 4422 
799 2197 2916 3243 
800 2970 2715 3425 
801 823 2724 3525 
802 2922 3202 4712 
803 3385 4181 4182 
804 2290 3399 3401 
805 2080 2322 3448 
806 3622 3753 3956 
807 1951 3031 3182 
808 2460 3208 3527 
809 874 627 3691 
810 3199 1521 3200 
811 2706 1251 2708 
812 2730 1943 3526 
813 3568 2651 4034 
814 3371 1513 3603 
815 719 3926 3964 
816 4252 2714 4410 
817 3156 1382 3728 
818 2436 2564 3403 
819 698 873 4072 
820 2637 3466 4485 
821 2983 2682 3646 
822 2855 2067 3253 
823 1977 2176 2898 
824 3273 825 3301 
825 1251 2706 4051 
826 2840 2841 2853 
827 1118 1068 2959 
828 3840 965 4403 
829 3498 3710 4628 
830 3698 2158 4024 
831 4104 2367 4148 
832 535 2775 3090 
833 3498 1004 3710 
834 2295 2446 3288 
835 2919 2164 3138 
836 2552 3508 3767 
837 728 729 3700 
838 2599 3315 4339 
839 819 834 4055 
840 3016 3017 4131 
841 1858 2965 3216 
842 3283 2762 3747 
843 2540 2501 4015 
844 2411 3309 4249 
845 1565 3092 3580 
846 4082 2455 4171 
847 2810 2734 4114 
848 2689 4201 4243 
849 3016 4131 4713 
850 3479 3077 3912 
851 514 541 3100 
852 2225 2974 3118 
853 1013 3278 4128 
854 1858 2964 2965 
855 3806 1870 4113 
856 1713 2903 3358 
857 3032 1177 3629 
858 3129 3126 3136 
859 3860 376 4295 
860 3446 2322 3961 
861 1129 1258 3004 
862 3082 311 4388 
863 2364 2858 3515 
864 3083 2133 3470 
865 2434 4320 4426 
866 2652 2851 3055 
867 2810 353 4535 
868 2870 2869 2976 
869 1453 3299 3521 
870 3169 1624 3679 
871 2075 2399 4191 
872 4319 974 4497 
873 2399 4049 4191 
874 1627 930 3383 
875 1554 1553 3916 
876 1509 3183 3930 
877 2791 3643 3672 
878 4287 3507 4356 
879 1002 3684 4064 
880 3006 1941 3007 
881 1832 1864 2843 
882 328 2832 4626 
883 1635 1522 4490 
884 2801 2807 4563 
885 3911 2447 4198 
886 2375 2794 2999 
887 1621 1293 2891 
888 1703 3158 3454 
889 887 928 3904 
890 195 1379 3416 
891 3484 3210 4454 
892 3011 1542 4886 
893 2798 2797 4582 
894 3432 1332 4784 
895 4024 2374 4285 
896 2290 1868 3399 
897 1396 3345 3917 
898 3201 3200 4775 
899 2357 3343 3344 
900 1042 3290 4443 
901 363 3639 3692 
902 2289 3430 3495 
903 2111 4287 4356 
904 3789 2522 4087 
905 2775 535 4138 
906 2990 3163 3509 
907 3001 1077 3002 
908 3587 1429 3589 
909 1177 3032 3863 
910 4143 2807 4507 
911 2322 3447 3448 
912 3726 2979 3850 
913 1158 1162 2973 
914 3481 1582 4408 
915 3329 2173 3331 
916 355 364 4619 
917 1112 2892 3480 
918 602 612 3577 
919 316 3696 4111 
920 3064 4135 4359 
921 3648 526 4359 
922 2380 2793 3256 
923 3303 2297 3984 
924 2957 2024 4607 
925 1477 2735 4911 
926 3208 738 3527 
927 923 3056 3805 
928 2700 3814 3879 
929 2824 4028 4393 
930 1479 1279 2977 
931 1961 2563 3193 
932 1571 3975 3977 
933 3009 3014 3015 
934 2079 3448 3449 
935 3043 958 3708 
936 3979 1438 4164 
937 2241 3417 4257 
938 3080 1558 4791 
939 2046 2044 3306 
940 2641 3648 4359 
941 825 3135 4725 
942 837 812 3207 
943 3423 4333 4462 
944 4170 2185 4857 
945 2724 2305 3525 
946 2382 3347 3937 
947 557 3394 4296 
948 2163 3028 3141 
949 3064 3063 3065 
950 3760 3682 4589 
951 4097 2725 4355 
952 1111 3460 3689 
953 2984 2241 4257 
954 1099 1098 2892 
955 1818 1980 2859 
956 3080 3079 4444 
957 2552 3767 4504 
958 1422 2116 2117 
959 3639 3088 3692 
960 2099 2837 3500 
961 2773 3025 4093 
962 1315 1317 3248 
963 2157 1355 4192 
964 3628 1392 3667 
965 358 3353 3354 
966 3451 3524 3828 
967 19 20 3262 
968 187 319 3561 
969 1519 1512 3375 
970 3026 1005 4265 
971 466 462 3386 
972 3006 3007 3009 
973 1679 3447 3766 
974 3111 2134 3858 
975 521 3479 3912 
976 3315 3287 4339 
977 2978 2979 3726 
978 3489 1740 4900 
979 2889 2898 3476 
980 3411 2879 4404 
981 4545 2497 4648 
982 3196 3195 3197 
983 1291 3951 4092 
984 3061 747 4657 
985 353 2810 4114 
986 2497 3536 4648 
987 2420 4172 4193 
988 3619 2913 4588 
989 949 637 3074 
990 2293 2831 3884 
991 3120 844 3121 
992 2735 1477 4670 
993 707 3429 4168 
994 2728 3326 4041 
995 2927 773 3238 
996 3456 4049 4156 
997 1684 2842 4806 
998 3146 2157 4192 
999 2117 2116 2118 
1000 1469 1463 3155 
1001 2493 3031 3453 
1002 2972 2751 3502 
1003 2881 4070 4132 
1004 2797 2799 4582 
1005 4036 2513 4300 
1006 4065 4054 4125 
1007 4114 2734 4312 
1008 1540 1542 3011 
1009 1760 3041 4120 
1010 2244 3302 3830 
1011 2609 2109 3472 
1012 1507 2929 3350 
1013 1382 2944 3897 
1014 307 2950 4011 
1015 2833 2286 3357 
1016 2861 2860 3668 
1017 2979 3366 3544 
1018 1680 2829 4438 
1019 3447 3445 3766 
1020 3406 1332 3432 
1021 3113 1730 3303 
1022 2654 2151 2669 
1023 1081 3197 3402 
1024 539 3034 3040 
1025 3433 900 3545 
1026 188 187 3561 
1027 3448 1679 4417 
1028 3048 545 3054 
1029 4679 2919 4904 
1030 3175 832 3700 
1031 3317 915 4381 
1032 1667 1666 3380 
1033 2733 2199 3216 
1034 801 872 2931 
1035 3835 1793 4649 
1036 3344 1777 3377 
1037 1017 1006 3105 
1038 3476 2898 4511 
1039 2832 328 4304 
1040 2101 3215 4587 
1041 358 3352 3353 
1042 825 715 3135 
1043 3276 3275 3277 
1044 1118 2959 3924 
1045 2163 1921 3028 
1046 3903 907 3904 
1047 3417 2241 4909 
1048 3330 3970 4515 
1049 1487 1509 3930 
1050 2363 3903 3904 
1051 2919 3138 3139 
1052 2191 1449 3272 
1053 1682 3084 3144 
1054 2552 2962 3508 
1055 2516 2996 4799 
1056 2743 3183 4580 
1057 1893 2911 3882 
1058 2022 2024 2957 
1059 1896 3816 3848 
1060 2401 3677 4446 
1061 1230 2938 4056 
1062 3277 3275 4788 
1063 3154 2450 4291 
1064 1386 3045 3845 
1065 1150 1557 3078 
1066 2524 1889 4898 
1067 616 4097 4355 
1068 4233 1846 4481 
1069 2001 3217 3604 
1070 3460 3676 3689 
1071 544 3076 3116 
1072 311 3082 3613 
1073 915 3317 4437 
1074 1715 1999 3377 
1075 2944 3804 3897 
1076 526 403 3062 
1077 2716 2439 3281 
1078 2649 3066 4161 
1079 3313 3314 3548 
1080 3179 1914 4165 
1081 3350 2929 4693 
1082 3657 2317 3907 
1083 2938 1230 3580 
1084 2913 3619 3981 
1085 315 2850 4675 
1086 2639 3363 4911 
1087 3239 3996 4570 
1088 4254 3000 4638 
1089 771 1760 3238 
1090 4369 2520 4413 
1091 2130 2127 2774 
1092 2066 2993 4214 
1093 2683 3172 3211 
1094 2916 1364 4516 
1095 3864 3450 3967 
1096 2939 363 3692 
1097 4333 23 4462 
1098 1842 1840 2698 
1099 3987 3655 4393 
1100 2753 2754 4166 
1101 1400 2674 4684 
1102 3199 3200 3201 
1103 4274 1848 4458 
1104 3112 1000 4700 
1105 1353 2825 3270 
1106 2992 2451 4194 
1107 2539 3840 4403 
1108 2400 2170 2494 
1109 3155 1463 3980 
1110 2593 3223 3929 
1111 3034 3035 3040 
1112 3475 4310 4321 
1113 2118 2116 3322 
1114 1538 1941 3006 
1115 2554 3335 3872 
1116 3357 1419 4014 
1117 3193 2563 3740 
1118 514 3100 4804 
1119 539 475 3034 
1120 2843 2845 2847 
1121 4172 3901 4193 
1122 3299 3298 3521 
1123 2164 1927 3138 
1124 3763 4006 4391 
1125 528 448 3426 
1126 1269 1093 3151 
1127 3136 3134 3581 
1128 3480 3389 4073 
1129 3081 2329 3082 
1130 944 923 3805 
1131 2101 3214 3215 
1132 3222 3223 3282 
1133 687 2735 4670 
1134 1521 1425 3200 
1135 3071 1056 3072 
1136 1170 1171 3605 
1137 359 3954 4281 
1138 2815 2814 3627 
1139 3506 318 3942 
1140 3326 1685 4041 
1141 959 588 3276 
1142 3496 1793 4386 
1143 1382 397 3728 
1144 388 2162 3206 
1145 934 849 2866 
1146 3265 3264 4383 
1147 1183 1233 3177 
1148 1254 1422 2737 
1149 3491 2496 4305 
1150 1237 3300 3948 
1151 2872 2878 3103 
1152 3205 1301 3367 
1153 2188 2796 2850 
1154 540 417 3485 
1155 2060 3119 3596 
1156 3271 1436 3519 
1157 4652 3020 4731 
1158 3305 2303 4198 
1159 2258 3789 4087 
1160 1858 1859 2964 
1161 1385 3023 3722 
1162 775 773 2927 
1163 3022 2386 3194 
1164 3255 2542 4849 
1165 1874 3539 4542 
1166 2928 1031 3452 
1167 2831 2293 3859 
1168 1019 1021 3017 
1169 2985 1553 3473 
1170 2904 2908 3706 
1171 2806 3697 4449 
1172 3524 3451 3683 
1173 495 3293 3486 
1174 1965 2920 4642 
1175 526 3062 3064 
1176 1711 1961 3193 
1177 1073 1077 3001 
1178 346 2792 3532 
1179 1445 3077 3157 
1180 4433 3091 4479 
1181 3628 3667 3668 
1182 2067 2855 3306 
1183 4352 2101 4587 
1184 3195 2136 3197 
1185 3101 3974 4240 
1186 793 2900 4504 
1187 2424 2928 3452 
1188 2170 2168 2783 
1189 2620 2747 4824 
1190 490 478 3888 
1191 1889 3081 4898 
1192 1265 3093 3094 
1193 2800 4170 4857 
1194 2651 3568 4658 
1195 1602 1521 3199 
1196 2120 2119 2168 
1197 1709 1650 2903 
1198 2411 2289 3495 
1199 3723 3849 3868 
1200 2176 2177 2900 
1201 3499 361 3996 
1202 3741 2352 4142 
1203 2286 2833 4908 
1204 2004 3180 3181 
1205 1238 2798 2855 
1206 2234 1931 2917 
1207 3646 2682 4524 
1208 2990 949 4707 
1209 1943 2730 4673 
1210 3062 3063 3064 
1211 3177 1233 3178 
1212 3663 2516 4528 
1213 2961 2161 4596 
1214 3129 3136 4335 
1215 1240 2802 2816 
1216 2747 2621 4539 
1217 3371 2668 4575 
1218 1060 1061 2994 
1219 1878 1844 2654 
1220 1848 4115 4458 
1221 2537 4257 4348 
1222 2557 2130 2558 
1223 334 4254 4638 
1224 707 704 3429 
1225 3143 2713 3224 
1226 1370 946 3415 
1227 2858 2364 4072 
1228 2773 2222 3025 
1229 2134 1738 3858 
1230 332 19 3262 
1231 544 504 3076 
1232 2698 2005 2699 
1233 2356 3433 3545 
1234 904 845 3920 
1235 1005 3026 4837 
1236 2859 2860 2861 
1237 3383 930 4847 
1238 588 607 3276 
1239 3516 3497 4216 
1240 429 1779 3214 
1241 2855 2798 3306 
1242 480 1444 3888 
1243 3225 984 3678 
1244 2208 3109 3830 
1245 3288 312 4204 
1246 4234 4233 4481 
1247 1761 2204 2945 
1248 411 545 3048 
1249 3434 3432 4784 
1250 3102 1705 3988 
1251 2841 2395 3517 
1252 512 510 3097 
1253 678 3497 3516 
1254 2850 315 4546 
1255 2977 2307 4318 
1256 2537 2984 4257 
1257 2199 1755 3216 
1258 3323 1353 4517 
1259 2090 1683 3350 
1260 2107 4053 4770 
1261 50 51 3534 
1262 1615 3987 4393 
1263 2400 2494 2715 
1264 2866 835 4756 
1265 1782 2196 3438 
1266 2391 2602 3514 
1267 1489 1491 2960 
1268 3310 3162 4346 
1269 2126 1878 2619 
1270 2512 4322 4354 
1271 896 3864 3967 
1272 3531 1371 4457 
1273 4007 2774 4242 
1274 4212 355 4619 
1275 3422 330 3837 
1276 823 3525 3997 
1277 1798 1796 2786 
1278 2965 2964 2966 
1279 2070 4345 4467 
1280 2098 2902 4269 
1281 2926 332 3262 
1282 1353 1110 2825 
1283 4089 1723 4135 
1284 2321 2319 3359 
1285 2044 2067 3306 
1286 575 4409 4417 
1287 1662 1660 3067 
1288 2796 2795 4665 
1289 2973 1162 4421 
1290 2847 4493 4803 
1291 2233 2232 2909 
1292 2595 3547 3918 
1293 1379 3025 3416 
1294 817 819 4055 
1295 3547 3548 3918 
1296 1573 3490 4040 
1297 1844 1842 2151 
1298 4407 2912 4503 
1299 1542 2004 4886 
1300 2166 4140 4838 
1301 2963 354 4868 
1302 2222 2968 2969 
1303 3542 3293 4796 
1304 3303 1728 3808 
1305 3046 981 4052 
1306 2791 3672 4220 
1307 3290 3265 4443 
1308 3513 2673 4021 
1309 1039 1040 3030 
1310 871 956 3313 
1311 3318 2487 3319 
1312 711 844 3120 
1313 2842 1684 3524 
1314 2878 2874 3410 
1315 2956 2022 2957 
1316 2374 3268 4285 
1317 2198 3234 3235 
1318 3753 1435 3956 
1319 1232 2744 2746 
1320 4218 2726 4873 
1321 1624 1596 3679 
1322 3389 1751 4073 
1323 3021 356 3590 
1324 3673 751 4121 
1325 2600 2577 3108 
1326 2206 2804 3029 
1327 1161 3549 4510 
1328 330 3422 4462 
1329 2103 2102 2710 
1330 1098 1087 2894 
1331 4054 1552 4125 
1332 637 604 3074 
1333 3047 2361 4881 
1334 1496 1497 2920 
1335 2904 1027 4297 
1336 2520 3549 4413 
1337 2785 2370 4567 
1338 3016 1019 3017 
1339 2956 2957 2958 
1340 1854 2304 3374 
1341 4047 2693 4411 
1342 2978 937 3641 
1343 3163 1601 3509 
1344 1088 4407 4503 
1345 1641 1637 3259 
1346 1048 1056 3071 
1347 3281 2439 4602 
1348 3549 3740 4510 
1349 2766 2013 2768 
1350 1519 3375 3441 
1351 1401 3856 3884 
1352 3285 2407 3713 
1353 2786 1906 2787 
1354 3893 3989 4683 
1355 1760 769 3041 
1356 837 3207 4083 
1357 2887 2773 4093 
1358 3120 3122 3135 
1359 1317 1320 3248 
1360 1778 1777 3343 
1361 347 57 3395 
1362 489 2630 3240 
1363 2370 2887 4567 
1364 3237 3285 3713 
1365 2891 2471 4380 
1366 2922 2142 3202 
1367 3429 2453 4168 
1368 3057 973 3175 
1369 1725 2136 3195 
1370 2864 2224 4251 
1371 1125 1128 3347 
1372 1720 1691 2888 
1373 394 971 2982 
1374 3313 956 3314 
1375 2297 3303 3808 
1376 3430 1773 3495 
1377 3150 2460 3527 
1378 3018 3887 4131 
1379 1795 1794 1796 
1380 3295 3294 3296 
1381 464 3657 3907 
1382 1902 1904 3114 
1383 35 36 3693 
1384 1168 4824 4877 
1385 2570 2187 3164 
1386 3390 3130 4374 
1387 741 740 3044 
1388 3219 3218 3803 
1389 2914 2413 4878 
1390 1182 1183 3177 
1391 3099 3098 3102 
1392 2645 3225 3678 
1393 3254 2542 3255 
1394 958 989 3708 
1395 673 670 2948 
1396 2782 3437 4308 
1397 3877 3748 4080 
1398 4320 2434 4554 
1399 1110 1108 2825 
1400 3086 2970 3425 
1401 1792 1791 1794 
1402 1840 1838 2005 
1403 2695 2573 3156 
1404 1878 2654 4577 
1405 3368 2924 4418 
1406 2598 3524 3683 
1407 2776 2009 2777 
1408 3296 3294 3404 
1409 3262 20 3614 
1410 360 2826 3714 
1411 2980 323 3241 
1412 2145 2284 4092 
1413 627 629 3691 
1414 1301 3205 3368 
1415 4177 3913 4509 
1416 1906 1907 2788 
1417 2760 2014 2761 
1418 2271 2487 3318 
1419 4460 1391 4568 
1420 3123 3131 3133 
1421 949 3968 4707 
1422 1683 1503 3350 
1423 3222 933 3223 
1424 2968 2146 2970 
1425 2785 3760 4589 
1426 1796 1797 1906 
1427 2887 1218 4567 
1428 3893 1561 3989 
1429 3475 3476 4310 
1430 2995 2415 3636 
1431 2051 2227 2955 
1432 1944 2329 3081 
1433 2181 2489 2962 
1434 956 3287 3315 
1435 2933 2932 2934 
1436 2987 1178 4472 
1437 3224 1169 3896 
1438 4040 3192 4276 
1439 3333 2462 3963 
1440 3410 3411 4122 
1441 984 452 3110 
1442 3137 2163 3140 
1443 942 651 3457 
1444 2876 2879 3411 
1445 3814 2700 3880 
1446 3771 4482 4483 
1447 1210 2999 3820 
1448 1834 1832 2843 
1449 1234 2779 2780 
1450 3378 3379 3889 
1451 3457 3291 3866 
1452 2732 2733 4373 
1453 1265 508 3093 
1454 1136 1138 1584 
1455 2871 2872 3103 
1456 3183 1509 4580 
1457 4346 3162 4648 
1458 3173 2683 3885 
1459 1166 1168 1243 
1460 776 4148 4749 
1461 350 2988 4599 
1462 2784 2370 2785 
1463 3204 2192 3254 
1464 4543 3905 4720 
1465 1790 2505 3444 
1466 2004 1544 3180 
1467 1449 1451 3272 
1468 2464 2145 4092 
1469 1760 4120 4428 
1470 2804 2803 4698 
1471 2413 2983 4878 
1472 3398 3675 4326 
1473 2845 1864 2846 
1474 2956 2958 3436 
1475 3135 3122 4094 
1476 1806 1804 2760 
1477 688 3552 4728 
1478 488 492 3228 
1479 696 1477 2395 
1480 1068 1049 2959 
1481 1842 2698 4674 
1482 1840 2005 2698 
1483 2594 2583 3250 
1484 1869 2837 2838 
1485 1889 1678 3081 
1486 2601 3570 3731 
1487 751 3107 4121 
1488 2608 3457 3866 
1489 2285 3355 4549 
1490 4049 2399 4156 
1491 3214 1779 3215 
1492 1832 1830 1864 
1493 3094 3093 3115 
1494 2558 2774 4007 
1495 1790 1241 1791 
1496 490 3255 3931 
1497 2860 1980 2862 
1498 942 3457 4884 
1499 922 2925 3405 
1500 3951 1291 4819 
1501 2638 3479 4893 
1502 2196 2628 3438 
1503 3517 2395 4597 
1504 3171 1013 3469 
1505 2848 2847 4803 
1506 2916 2915 3656 
1507 2309 3117 3163 
1508 754 750 3059 
1509 4268 841 4758 
1510 48 49 3532 
1511 681 677 3516 
1512 3644 2484 4108 
1513 2801 1239 2807 
1514 3209 3189 3210 
1515 2148 2413 2914 
1516 1869 2838 2839 
1517 2797 1242 2799 
1518 2182 2547 3167 
1519 2795 2375 2828 
1520 3118 2060 3729 
1521 3981 2137 4507 
1522 1269 3151 3703 
1523 1844 2151 2654 
1524 2394 4000 4618 
1525 1203 1204 1241 
1526 2126 2619 2897 
1527 1011 1025 3104 
1528 363 2939 3693 
1529 2782 2298 3437 
1530 3380 1666 3488 
1531 2257 2806 4449 
1532 3066 3226 4624 
1533 3151 1257 3152 
1534 1108 1106 1520 
1535 2784 2785 4589 
1536 3490 2771 4471 
1537 2950 307 4395 
1538 3015 1600 4232 
1539 843 832 3175 
1540 1172 1174 1232 
1541 3419 3422 3837 
1542 1658 1469 3155 
1543 2198 1753 3234 
1544 3742 2638 3899 
1545 1279 1275 2977 
1546 3475 1373 4656 
1547 2968 2970 3086 
1548 1174 1176 2744 
1549 3355 3356 4549 
1550 2774 2127 4892 
1551 2833 3357 4014 
1552 2149 2440 3019 
1553 1104 1102 1112 
1554 3182 3031 3304 
1555 3184 523 3185 
1556 1252 3410 4122 
1557 2881 4129 4404 
1558 1293 1127 2891 
1559 4210 2506 4407 
1560 3436 2958 4640 
1561 3381 3380 3488 
1562 1221 1238 2856 
1563 3975 1571 4184 
1564 497 488 3228 
1565 310 3019 4187 
1566 1802 1800 2776 
1567 4532 2878 4814 
1568 3322 3323 4517 
1569 840 4652 4731 
1570 1820 1818 2859 
1571 2982 971 4032 
1572 2972 440 3865 
1573 2723 1257 4558 
1574 2988 350 4095 
1575 1134 4512 4629 
1576 2057 2059 2773 
1577 2934 3360 4540 
1578 3103 2878 4532 
1579 685 683 691 
1580 1818 1816 1980 
1581 1208 1240 2817 
1582 1824 1822 2102 
1583 3390 1478 3982 
1584 2888 1976 2889 
1585 2812 1244 2993 
1586 4170 2800 4306 
1587 1138 3439 4616 
1588 3849 1433 3868 
1589 3200 1423 4005 
1590 1112 2731 4446 
1591 3040 3038 4028 
1592 2494 2170 2783 
1593 2795 2828 4665 
1594 2937 2935 2938 
1595 1140 1142 1558 
1596 2740 3112 4700 
1597 4219 3233 4344 
1598 3231 1439 3324 
1599 1367 3278 4565 
1600 1600 3014 4101 
1601 2179 2181 2962 
1602 1834 2843 2844 
1603 3508 2962 4303 
1604 1077 1078 3003 
1605 2109 2430 3472 
1606 2300 1942 4171 
1607 1473 1472 1691 
1608 2931 2932 2933 
1609 2638 2209 3479 
1610 322 3029 4855 
1611 3243 2916 3244 
1612 2669 2151 2670 
1613 2868 2870 2871 
1614 1270 1269 1472 
1615 2303 3305 3574 
1616 2953 2784 4589 
1617 2699 3879 4364 
1618 4140 2816 4838 
1619 1260 2811 4384 
1620 1808 1806 2013 
1621 2253 2520 3503 
1622 324 3088 3639 
1623 1810 1808 2766 
1624 3122 3121 3123 
1625 2241 2984 4334 
1626 3158 1703 3558 
1627 607 3274 3276 
1628 3880 2997 4689 
1629 3263 2638 3742 
1630 1923 2163 3137 
1631 2740 2365 3112 
1632 2103 2713 3492 
1633 2910 810 4621 
1634 2658 3205 3367 
1635 2925 922 3513 
1636 2710 2711 3220 
1637 2842 3428 4806 
1638 2299 3317 4068 
1639 4470 3341 4530 
1640 3595 2533 3709 
1641 644 642 3435 
1642 1176 1180 1182 
1643 696 694 1477 
1644 3077 1445 3912 
1645 801 799 872 
1646 2204 2890 3230 
1647 2872 2874 2878 
1648 3345 3344 3346 
1649 2630 4433 4479 
1650 1227 1229 2812 
1651 2224 2223 2981 
1652 2117 2119 2120 
1653 4298 2732 4853 
1654 1669 1850 3243 
1655 3219 3803 3829 
1656 1183 1187 1233 
1657 4409 3449 4417 
1658 1800 1798 2009 
1659 3629 1177 3862 
1660 3125 3133 3134 
1661 703 828 3983 
1662 3117 2309 4916 
1663 3342 1296 4198 
1664 2542 3868 4849 
1665 1621 2891 4380 
1666 3612 2697 4388 
1667 1191 1193 2779 
1668 2587 3294 3295 
1669 936 3258 3259 
1670 850 4319 4573 
1671 1981 2772 3376 
1672 2588 2591 3511 
1673 2192 1863 3254 
1674 845 2450 3920 
1675 4420 4234 4481 
1676 1804 1802 2014 
1677 389 388 3206 
1678 1812 1810 2223 
1679 2059 2064 2222 
1680 1189 1191 1234 
1681 2020 2022 2956 
1682 1637 936 3259 
1683 1791 1793 3496 
1684 3280 3490 4471 
1685 454 984 3225 
1686 1015 1019 3016 
1687 3804 546 3897 
1688 2878 3410 4637 
1689 4130 2802 4563 
1690 1961 2403 2562 
1691 3602 3324 3900 
1692 864 933 3222 
1693 2803 2380 3023 
1694 2923 497 3228 
1695 2625 3442 4266 
1696 3023 1385 4698 
1697 2558 2130 2774 
1698 2871 2870 2872 
1699 2757 3815 4809 
1700 2053 2055 2784 
1701 1350 1352 3551 
1702 677 675 678 
1703 4434 101 4695 
1704 3014 3007 4750 
1705 2946 2945 3073 
1706 3087 1608 4350 
1707 704 702 882 
1708 1867 3397 3398 
1709 3019 310 4366 
1710 1711 1713 1961 
1711 2356 3432 3433 
1712 1740 3489 3946 
1713 695 694 696 
1714 2240 1350 3551 
1715 2933 2934 2935 
1716 2024 2206 4607 
1717 2613 2730 4098 
1718 2799 4158 4582 
1719 2169 2168 2170 
1720 2224 2864 4769 
1721 3647 2481 4088 
1722 3225 2645 4627 
1723 1914 3178 3583 
1724 1229 1244 2812 
1725 2103 2710 2712 
1726 3029 322 3529 
1727 2030 2032 2793 
1728 2899 2176 2900 
1729 2826 3638 4739 
1730 3084 1682 3412 
1731 2926 3698 4024 
1732 332 2926 4024 
1733 2747 4539 4877 
1734 1734 1731 3307 
1735 2735 687 4448 
1736 2015 1797 3496 
1737 431 429 3214 
1738 2016 2018 2782 
1739 1650 2534 2903 
1740 2386 2482 3194 
1741 804 801 2931 
1742 1198 1200 1203 
1743 1232 1174 2744 
1744 1223 1225 2797 
1745 1270 1472 1473 
1746 2710 2102 2711 
1747 2018 2020 2298 
1748 3109 2244 3830 
1749 1907 2016 2419 
1750 1203 1790 3444 
1751 2047 2049 2974 
1752 2055 2057 2370 
1753 3684 2742 4064 
1754 1088 4210 4407 
1755 3652 3421 4477 
1756 2064 2146 2968 
1757 1193 1196 1236 
1758 2043 2045 2794 
1759 983 941 3153 
1760 3299 1453 4860 
1761 2038 2041 2795 
1762 2965 2966 3372 
1763 2867 2868 3298 
1764 1123 1125 3347 
1765 984 3110 4238 
1766 642 938 3435 
1767 1196 3444 4767 
1768 2024 2026 2206 
1769 1584 1138 4616 
1770 1208 1211 1240 
1771 2844 3880 4689 
1772 2787 2788 3142 
1773 1730 3113 3307 
1774 945 4218 4873 
1775 2036 2038 2188 
1776 573 992 3263 
1777 3197 2136 3198 
1778 1211 1213 2801 
1779 2026 2028 2803 
1780 2802 4130 4838 
1781 1820 2859 2863 
1782 2222 2969 3025 
1783 2034 2036 2805 
1784 2051 2053 2227 
1785 649 942 4863 
1786 2972 3865 4699 
1787 2332 3641 3810 
1788 1225 1227 1242 
1789 2894 1087 4831 
1790 1796 1906 2786 
1791 1095 1257 3151 
1792 1092 1269 1270 
1793 1798 2786 4856 
1794 1213 1215 1239 
1795 425 522 3269 
1796 2032 2034 2257 
1797 4006 2472 4391 
1798 666 667 668 
1799 1481 3995 4904 
1800 1124 3001 3233 
1801 3659 1067 4290 
1802 1824 2102 2103 
1803 3339 1296 3342 
1804 2940 3489 4900 
1805 2045 2047 2225 
1806 57 58 3395 
1807 1961 1713 2403 
1808 959 3276 3277 
1809 3161 2202 3162 
1810 1473 1691 1720 
1811 444 523 3184 
1812 3296 468 3919 
1813 2570 3164 3804 
1814 1106 1104 2681 
1815 647 3297 3780 
1816 493 489 3240 
1817 1509 2960 4580 
1818 3491 4020 4830 
1819 3104 1025 3403 
1820 2554 2123 3335 
1821 3490 3192 4040 
1822 1221 1223 1238 
1823 1249 1254 2737 
1824 834 3464 4055 
1825 3705 2887 4093 
1826 403 401 3062 
1827 1817 1819 3583 
1828 3068 2002 3069 
1829 668 669 670 
1830 2041 2043 2375 
1831 2227 2953 2954 
1832 3223 933 3547 
1833 1792 1794 1795 
1834 1804 2014 2760 
1835 383 2631 3237 
1836 354 2963 4501 
1837 3124 3123 3125 
1838 2777 2009 2778 
1839 763 760 3212 
1840 2028 2030 2380 
1841 1127 1126 1298 
1842 2562 2403 3217 
1843 3322 2502 3323 
1844 1691 1692 1976 
1845 3162 4545 4648 
1846 2288 2757 3311 
1847 3434 916 4273 
1848 1125 1124 1126 
1849 2415 2995 4150 
1850 838 818 2869 
1851 1921 1919 3028 
1852 1125 1126 1127 
1853 2714 1973 4410 
1854 2559 2558 2975 
1855 973 843 3175 
1856 1761 1720 2204 
1857 2467 2199 2732 
1858 2840 2395 2841 
1859 2142 2139 3202 
1860 828 3140 3983 
1861 2059 2222 2773 
1862 1808 2013 2766 
1863 808 806 841 
1864 1297 996 3442 
1865 3414 901 4245 
1866 2198 3235 3236 
1867 3187 3189 3209 
1868 2989 407 3648 
1869 1229 1231 1244 
1870 2637 3877 4080 
1871 1691 1976 2888 
1872 1982 2945 2946 
1873 2182 2545 2547 
1874 1795 1796 1798 
1875 3001 3002 3233 
1876 3204 3254 3255 
1877 1257 2723 4372 
1878 3404 2594 3542 
1879 3065 4089 4135 
1880 1479 2977 4318 
1881 1800 2009 2776 
1882 1127 1298 2891 
1883 1982 1761 2945 
1884 1245 1247 1291 
1885 2247 2836 3114 
1886 786 784 850 
1887 1123 1124 1125 
1888 1445 3157 3927 
1889 1111 1566 3460 
1890 742 3150 3527 
1891 1916 1948 2421 
1892 1574 1915 1916 
1893 2182 1971 2545 
1894 3007 3463 4750 
1895 1702 2208 3830 
1896 1790 1791 1792 
1897 700 2853 4782 
1898 1182 1180 1183 
1899 1796 1794 1797 
1900 3160 4543 4720 
1901 1873 1755 2199 
1902 1102 1099 2892 
1903 2619 1878 4577 
1904 3057 3175 3176 
1905 471 466 3386 
1906 3120 3121 3122 
1907 398 400 3042 
1908 2304 2306 3300 
1909 2648 2982 4032 
1910 3963 2462 4765 
1911 1150 1152 1557 
1912 1772 1971 2182 
1913 1700 1851 2149 
1914 1581 1678 1889 
1915 1123 1072 1124 
1916 1093 1095 3151 
1917 3007 1941 3008 
1918 936 622 3258 
1919 1275 1276 2977 
1920 3250 3293 3542 
1921 1711 1709 1713 
1922 1272 1273 1275 
1923 2557 2558 2559 
1924 3232 3359 3657 
1925 1203 1241 1790 
1926 1234 1191 2779 
1927 2700 2997 3880 
1928 2541 1628 3336 
1929 1244 1245 3320 
1930 3954 2432 4281 
1931 1617 2173 3409 
1932 1119 1120 1129 
1933 2787 1906 2788 
1934 2306 3298 3299 
1935 697 696 2840 
1936 3111 874 3691 
1937 681 3516 4764 
1938 1873 2199 2467 
1939 1168 1172 4824 
1940 1131 1271 1272 
1941 2593 2588 3511 
1942 3237 2631 3285 
1943 1812 2223 2224 
1944 1074 1118 1119 
1945 1867 1681 3397 
1946 3433 3434 4062 
1947 2734 333 4312 
1948 2828 2375 4489 
1949 4589 1219 4612 
1950 1275 1273 1276 
1951 1731 1730 3307 
1952 3351 2922 4492 
1953 2665 3259 4509 
1954 3123 3121 3131 
1955 1138 1140 3439 
1956 3126 3125 3136 
1957 2181 2398 2489 
1958 4044 3129 4335 
1959 3774 2702 4450 
1960 3055 1023 4826 
1961 3757 2277 4557 
1962 2232 2524 2697 
1963 2699 2005 2700 
1964 661 660 662 
1965 1162 1166 3802 
1966 3615 3396 4289 
1967 1459 1461 3661 
1968 1272 1271 1273 
1969 767 765 839 
1970 1178 2987 4369 
1971 3125 3123 3133 
1972 2807 1239 2913 
1973 3951 2464 4092 
1974 1134 1136 4512 
1975 2055 2370 2784 
1976 1478 3390 4374 
1977 3065 3066 4089 
1978 1578 1683 1943 
1979 3343 1777 3344 
1980 2442 3975 4184 
1981 2489 2490 2752 
1982 780 775 2927 
1983 2893 2894 2895 
1984 2818 3835 4649 
1985 659 656 660 
1986 1791 1241 1793 
1987 2314 4269 4571 
1988 956 888 3287 
1989 3392 527 3393 
1990 2623 4174 4271 
1991 2803 3023 4698 
1992 3295 3296 3753 
1993 3270 2825 3281 
1994 3544 3365 3768 
1995 1999 1667 3380 
1996 2673 1962 4021 
1997 3863 3032 4805 
1998 3491 421 4020 
1999 1581 1471 1678 
2000 824 3463 4029 
2001 48 3532 3969 
2002 1574 1302 1915 
2003 4089 3066 4624 
2004 2451 4090 4194 
2005 782 780 974 
2006 3856 2293 3884 
2007 3082 2329 3321 
2008 2149 1851 2440 
2009 2221 2462 3333 
2010 937 2978 3726 
2011 3695 3696 3745 
2012 2298 2020 2956 
2013 1003 1006 1017 
2014 2036 2188 2805 
2015 999 1001 1003 
2016 3180 1951 3182 
2017 997 998 999 
2018 51 359 3534 
2019 1327 2364 3515 
2020 3154 3153 3920 
2021 2487 2273 3279 
2022 1225 1242 2797 
2023 3221 2281 4422 
2024 893 3033 4583 
2025 1329 1327 3515 
2026 995 996 997 
2027 3399 3398 3400 
2028 3157 2215 3483 
2029 1129 1120 1258 
2030 1049 1051 2959 
2031 1119 1118 1120 
2032 1916 1915 1948 
2033 2824 3040 4028 
2034 2761 2762 3283 
2035 2421 1948 2518 
2036 2799 1242 2800 
2037 2197 2148 2914 
2038 2365 2611 3112 
2039 1966 1967 2365 
2040 1904 2247 3114 
2041 2791 4220 4551 
2042 1213 1239 2801 
2043 3985 539 4555 
2044 701 703 3983 
2045 346 50 3534 
2046 1960 1965 1966 
2047 2222 2064 2968 
2048 1976 1977 2898 
2049 1906 1797 1907 
2050 825 3273 3926 
2051 3816 1896 4553 
2052 1797 1794 3496 
2053 2579 2600 3249 
2054 522 2941 4754 
2055 3317 3637 4068 
2056 1650 1648 2534 
2057 1772 1593 1971 
2058 1909 2295 2296 
2059 2507 3019 3026 
2060 3186 3191 3426 
2061 2235 2629 3385 
2062 1864 1830 2849 
2063 1902 3114 3562 
2064 1131 1047 1271 
2065 3235 3894 3998 
2066 1943 1683 2000 
2067 1202 1643 3562 
2068 938 3482 3540 
2069 1064 1072 1123 
2070 3383 2394 4618 
2071 1522 1293 1621 
2072 2356 3431 3432 
2073 2861 3668 4199 
2074 3015 4232 4402 
2075 820 818 838 
2076 1104 1112 2681 
2077 3702 3714 4194 
2078 2853 2854 4354 
2079 655 637 656 
2080 2563 2562 2633 
2081 3293 3249 3486 
2082 2365 1967 2611 
2083 1678 1944 3081 
2084 2695 3156 4773 
2085 2462 3195 3196 
2086 3587 3589 3978 
2087 2967 3288 4204 
2088 2041 2375 2795 
2089 2761 2014 2762 
2090 3161 3162 3310 
2091 1328 1348 3553 
2092 1944 2229 2329 
2093 2232 1889 2524 
2094 3257 804 4777 
2095 1708 1650 1709 
2096 711 709 844 
2097 3233 3002 4344 
2098 1579 1755 1873 
2099 814 812 837 
2100 1966 1965 1967 
2101 748 994 995 
2102 1092 1093 1269 
2103 2966 2296 2967 
2104 2472 3349 4391 
2105 3058 3060 3407 
2106 2422 2421 2533 
2107 1700 1486 1851 
2108 458 527 3392 
2109 1203 1200 1204 
2110 2291 2290 2438 
2111 2197 2914 2915 
2112 494 3427 3622 
2113 791 3385 4708 
2114 2028 2380 2803 
2115 2201 2202 3161 
2116 20 21 3614 
2117 3449 3448 4417 
2118 1074 1068 1118 
2119 1578 1503 1683 
2120 2277 3757 4599 
2121 2018 2298 2782 
2122 3305 628 3574 
2123 2364 3736 4072 
2124 1980 1816 2864 
2125 1045 1047 1131 
2126 2796 4665 4704 
2127 2959 1051 3070 
2128 3072 1056 4844 
2129 1258 1285 1569 
2130 1625 1624 4431 
2131 4232 821 4402 
2132 1312 1471 1581 
2133 3374 2304 4574 
2134 3309 865 4249 
2135 2380 2030 2793 
2136 1895 3285 4499 
2137 1440 1486 1700 
2138 3267 341 3693 
2139 3387 3219 3967 
2140 2617 2930 4692 
2141 1710 1709 1711 
2142 2413 2682 2983 
2143 1564 2300 3624 
2144 2158 2374 4024 
2145 2225 2047 2974 
2146 1320 3246 3248 
2147 2507 2149 3019 
2148 523 2972 3502 
2149 997 996 998 
2150 1066 3230 3662 
2151 773 771 3238 
2152 3359 2319 3657 
2153 999 998 1001 
2154 1824 2103 3492 
2155 2812 2993 4306 
2156 664 665 666 
2157 1960 1496 1965 
2158 1003 1001 1006 
2159 2684 2429 4295 
2160 4467 1082 4503 
2161 475 473 3034 
2162 2375 2043 2794 
2163 2000 2480 2481 
2164 1686 2098 4269 
2165 995 994 996 
2166 1332 3406 3764 
2167 1196 1198 3444 
2168 1282 1279 1479 
2169 2832 3024 4626 
2170 3196 1081 3960 
2171 3217 2001 3605 
2172 872 799 4332 
2173 1778 3343 3660 
2174 3234 2555 3947 
2175 543 1523 3362 
2176 1883 3006 3009 
2177 918 1688 3822 
2178 1501 1503 1578 
2179 1649 1648 1650 
2180 4131 2765 4713 
2181 2367 1459 3661 
2182 992 1551 3263 
2183 3419 3418 3422 
2184 2188 2850 4757 
2185 1850 2148 2197 
2186 3354 3353 4405 
2187 2969 2968 3086 
2188 806 804 3257 
2189 1674 1773 3430 
2190 362 3089 3370 
2191 2187 1784 3164 
2192 2295 2310 2446 
2193 1025 1015 3016 
2194 2177 2179 2552 
2195 1444 3203 3888 
2196 2904 2510 2908 
2197 3355 1722 3356 
2198 2224 2981 3032 
2199 1681 1680 3397 
2200 538 533 945 
2201 2585 2594 3294 
2202 2172 4470 4530 
2203 758 756 930 
2204 343 3027 3651 
2205 1201 3256 3721 
2206 1011 1015 1025 
2207 1049 1029 1051 
2208 2794 2998 2999 
2209 966 877 3289 
2210 1371 3531 3704 
2211 1977 1985 2176 
2212 1021 1026 1052 
2213 2917 2164 2918 
2214 2893 1098 2894 
2215 3463 3013 4029 
2216 756 754 3058 
2217 2198 3236 3551 
2218 1023 1017 1891 
2219 1909 1910 2295 
2220 1494 1496 1960 
2221 1624 4262 4431 
2222 463 3602 3900 
2223 1187 1189 3872 
2224 3033 893 4586 
2225 2920 2971 4642 
2226 656 949 2990 
2227 1422 1964 2116 
2228 319 3559 3561 
2229 1567 1669 1900 
2230 4320 3393 4426 
2231 1009 1011 3104 
2232 609 647 3780 
2233 916 3434 4784 
2234 36 363 3693 
2235 3298 2871 3521 
2236 333 2734 4639 
2237 3715 1381 4665 
2238 75 3252 4521 
2239 672 670 673 
2240 3184 3186 3426 
2241 3089 362 4432 
2242 2325 2321 3359 
2243 2161 2460 3150 
2244 663 662 664 
2245 3677 2681 4446 
2246 3023 2380 4455 
2247 3474 2796 4704 
2248 3675 3398 4288 
2249 3128 3126 3129 
2250 3641 937 3810 
2251 1114 1110 1353 
2252 3318 3319 4437 
2253 1523 3443 3940 
2254 1320 1322 3246 
2255 1628 1338 3336 
2256 748 744 994 
2257 1303 1302 1574 
2258 4158 2799 4857 
2259 1254 1333 1422 
2260 3137 3140 4590 
2261 701 700 702 
2262 674 673 675 
2263 4280 3416 4703 
2264 518 1685 3326 
2265 341 35 3693 
2266 996 994 3442 
2267 713 711 3120 
2268 1060 2994 4162 
2269 676 675 677 
2270 4070 1256 4132 
2271 679 677 681 
2272 2532 2702 3775 
2273 2935 2934 4058 
2274 3406 2491 3764 
2275 3617 2845 4113 
2276 4131 3887 4401 
2277 323 2980 4267 
2278 2247 2249 2836 
2279 2493 3453 4126 
2280 2235 2234 2629 
2281 2573 2571 3156 
2282 2594 3250 3542 
2283 2481 3599 4105 
2284 3096 2076 4668 
2285 2998 2225 3118 
2286 693 690 694 
2287 1014 3646 4524 
2288 2937 3092 4247 
2289 1326 1328 3553 
2290 3284 2425 3470 
2291 398 396 400 
2292 2171 2170 2400 
2293 758 930 1627 
2294 2677 2125 2678 
2295 3504 2814 4478 
2296 1536 1538 3006 
2297 1802 2776 4835 
2298 3064 3065 4135 
2299 1154 1251 3227 
2300 682 681 683 
2301 2993 2066 4306 
2302 3010 3009 3015 
2303 1973 2719 3591 
2304 981 3046 4453 
2305 2150 2149 2507 
2306 927 948 3412 
2307 1923 1921 2163 
2308 607 615 3274 
2309 804 2931 4777 
2310 837 4083 4327 
2311 1227 2812 4905 
2312 405 403 526 
2313 3177 3178 3179 
2314 1566 2154 3460 
2315 3335 1233 3872 
2316 2462 2011 3195 
2317 2678 4125 4163 
2318 574 3428 4286 
2319 4453 3047 4881 
2320 1533 1536 1883 
2321 1927 1925 3138 
2322 914 3544 3768 
2323 2991 1712 3193 
2324 736 733 3417 
2325 1763 1764 2201 
2326 3514 1358 4526 
2327 3024 72 4626 
2328 2577 2575 3108 
2329 3095 3094 3096 
2330 3524 1684 3828 
2331 2183 2182 3167 
2332 2892 2893 3480 
2333 4558 1134 4629 
2334 2515 3264 3265 
2335 675 673 2947 
2336 985 3048 3049 
2337 1756 1858 3216 
2338 3058 754 3059 
2339 1023 1891 4826 
2340 2868 2869 2870 
2341 632 1296 3339 
2342 3379 1999 3380 
2343 2667 2666 3020 
2344 2629 2234 2758 
2345 1925 1923 3137 
2346 958 3043 4783 
2347 1298 1299 1579 
2348 1277 1275 1279 
2349 1280 1279 1282 
2350 1004 3498 4220 
2351 3058 3059 3060 
2352 3116 4453 4881 
2353 730 727 3260 
2354 1061 1064 2994 
2355 683 681 3928 
2356 2737 1422 4729 
2357 1130 1129 1302 
2358 2979 2340 3366 
2359 4360 4291 4682 
2360 1244 1231 1245 
2361 3268 2963 4868 
2362 1194 3437 3730 
2363 2296 2295 3288 
2364 1422 2117 4729 
2365 1147 1150 3078 
2366 3008 3012 3013 
2367 1579 1580 1755 
2368 3375 3037 3441 
2369 1896 3546 4553 
2370 1302 1129 3004 
2371 3186 3185 3187 
2372 1095 1116 1257 
2373 3190 3187 3209 
2374 4062 3434 4273 
2375 1806 2760 4842 
2376 1688 1913 2161 
2377 1712 1711 3193 
2378 1283 1282 1553 
2379 3002 1077 3003 
2380 2161 1913 2460 
2381 4164 3108 4200 
2382 684 683 685 
2383 504 502 3076 
2384 4238 3110 4471 
2385 2011 1725 3195 
2386 3113 3303 3984 
2387 468 3404 3938 
2388 2261 3338 3522 
2389 1900 1669 3243 
2390 1039 4450 4666 
2391 3282 2593 3511 
2392 1244 3320 4671 
2393 538 945 2311 
2394 4018 2300 4171 
2395 717 715 825 
2396 1037 3201 4775 
2397 850 784 4319 
2398 1300 3372 4722 
2399 477 475 539 
2400 3814 3880 4653 
2401 930 3058 3407 
2402 1594 1593 1772 
2403 1040 1045 3030 
2404 3557 3816 4797 
2405 3213 2404 4063 
2406 2493 2125 2677 
2407 4056 2938 4226 
2408 3381 3488 4633 
2409 2229 3290 4891 
2410 1477 694 4670 
2411 3758 3149 3759 
2412 405 526 3648 
2413 2468 2467 2469 
2414 3034 977 3035 
2415 1890 1889 2232 
2416 3122 3123 3124 
2417 885 966 3348 
2418 1069 1068 1074 
2419 1030 1029 1049 
2420 1538 1540 1941 
2421 2511 2510 2904 
2422 2366 2365 2740 
2423 1089 1091 1092 
2424 3052 3051 3174 
2425 1755 1756 3216 
2426 3184 3185 3186 
2427 2903 4531 4836 
2428 699 697 700 
2429 2741 2740 2742 
2430 1128 1127 1293 
2431 1929 1927 2164 
2432 1947 2555 3234 
2433 1265 3094 3095 
2434 2861 3670 4196 
2435 1773 1774 3308 
2436 713 3120 3135 
2437 1064 1065 1072 
2438 444 442 523 
2439 1606 1575 1680 
2440 3244 3836 4747 
2441 506 504 544 
2442 1024 1023 1029 
2443 3401 759 4483 
2444 3242 357 4475 
2445 1883 3010 3272 
2446 3093 544 3115 
2447 2229 2515 3290 
2448 4492 2922 4712 
2449 1614 1775 1784 
2450 4526 2194 4663 
2451 949 3074 4655 
2452 3267 3741 4142 
2453 3872 1189 4634 
2454 3552 3236 4728 
2455 664 1358 3266 
2456 1050 1049 1068 
2457 2744 1176 4832 
2458 3445 589 3766 
2459 3636 2415 3807 
2460 727 725 3260 
2461 165 164 3530 
2462 1919 2858 3028 
2463 3050 3049 3051 
2464 3362 3940 4861 
2465 3478 3368 3650 
2466 1784 2155 3164 
2467 3294 2594 3404 
2468 3355 2286 4908 
2469 2147 3219 3387 
2470 3364 2355 3365 
2471 382 381 384 
2472 3550 1635 4528 
2473 2261 2262 3338 
2474 1112 1102 2892 
2475 2431 2911 2912 
2476 3260 4315 4348 
2477 3125 3134 3136 
2478 1497 1501 2920 
2479 731 730 732 
2480 1134 1135 1136 
2481 2467 2732 4298 
2482 660 2990 3509 
2483 1147 3078 3080 
2484 473 471 977 
2485 1883 1536 3006 
2486 1859 1909 2964 
2487 2571 2570 2944 
2488 2872 2873 2874 
2489 1515 1517 1763 
2490 1451 1533 3272 
2491 1491 1494 2960 
2492 411 409 545 
2493 3314 3315 4175 
2494 1678 1866 1944 
2495 3958 4274 4592 
2496 3050 3053 3485 
2497 357 3242 4622 
2498 3310 840 4731 
2499 3018 1052 4541 
2500 1784 1775 2155 
2501 3164 2155 3165 
2502 2287 2288 3311 
2503 2918 2164 2919 
2504 2858 1897 3515 
2505 1859 1861 1909 
2506 2290 3401 4483 
2507 3490 1573 4820 
2508 3075 2257 4449 
2509 730 3260 4348 
2510 3171 3168 3278 
2511 686 685 687 
2512 2868 2871 3298 
2513 2201 1764 2202 
2514 354 3000 4254 
2515 1276 1278 1312 
2516 3672 1004 4220 
2517 548 543 3362 
2518 3784 3378 3889 
2519 3361 2605 3591 
2520 834 848 3464 
2521 385 384 386 
2522 3150 742 3543 
2523 745 744 748 
2524 1721 1720 1761 
2525 1152 1154 3227 
2526 1925 3137 3138 
2527 733 732 3417 
2528 3836 2717 4747 
2529 668 667 669 
2530 636 604 637 
2531 436 434 2101 
2532 2003 2493 4126 
2533 671 1607 1608 
2534 3376 2772 4662 
2535 660 656 2990 
2536 1294 1293 1522 
2537 1634 1522 1635 
2538 1006 1009 3105 
2539 666 665 667 
2540 446 444 3184 
2541 2612 2971 4673 
2542 1018 1017 1023 
2543 49 346 3532 
2544 473 977 3034 
2545 3486 2600 4164 
2546 2569 2570 2571 
2547 2850 2796 3474 
2548 3181 3180 3182 
2549 3413 2134 3414 
2550 2889 1976 2898 
2551 2571 2944 3156 
2552 782 974 4319 
2553 3385 4182 4759 
2554 1083 1085 1088 
2555 2786 2787 4430 
2556 1936 1931 2234 
2557 950 1583 3291 
2558 2658 3367 3780 
2559 1974 1644 1975 
2560 387 386 388 
2561 401 3042 3062 
2562 3220 2711 4195 
2563 2203 2201 2666 
2564 1944 2228 2229 
2565 450 448 528 
2566 3556 3129 4044 
2567 1753 1947 3234 
2568 2385 3022 4191 
2569 3365 3545 3779 
2570 1850 2110 2148 
2571 1975 3153 3154 
2572 664 662 665 
2573 2316 3673 4121 
2574 968 967 3332 
2575 1245 1291 3320 
2576 1919 1897 2858 
2577 2148 2412 2413 
2578 2087 3533 4643 
2579 1694 1547 3418 
2580 2666 2201 3161 
2581 2510 2233 2909 
2582 3168 3167 3278 
2583 2680 2679 2703 
2584 1312 1470 1471 
2585 2229 2514 2515 
2586 1264 934 1648 
2587 3092 2937 3580 
2588 2173 3330 4515 
2589 715 713 3135 
2590 2545 2546 2950 
2591 1669 1742 1850 
2592 1941 1540 3011 
2593 1467 1513 3371 
2594 1763 1517 1764 
2595 696 2395 2840 
2596 1078 1080 1082 
2597 823 820 2724 
2598 2284 3320 4092 
2599 656 637 949 
2600 1691 1472 1692 
2601 2269 2271 3318 
2602 1507 1567 2929 
2603 55 4084 4217 
2604 2602 3415 3514 
2605 2575 2573 2695 
2606 3186 3187 3190 
2607 1122 1133 1134 
2608 1868 1867 3399 
2609 2136 1602 3199 
2610 1311 1613 1614 
2611 3124 3125 3126 
2612 1567 1568 1669 
2613 1542 1544 2004 
2614 1614 1613 1775 
2615 2790 2791 4551 
2616 1819 1914 3583 
2617 985 3050 3485 
2618 2000 2090 2480 
2619 2413 2414 2682 
2620 3045 2782 4308 
2621 820 838 2724 
2622 1507 1508 1567 
2623 3187 3188 3189 
2624 967 3636 3807 
2625 1756 1758 1858 
2626 1810 2766 4843 
2627 3204 490 3888 
2628 1546 1951 3180 
2629 1762 1761 1982 
2630 3035 3037 3038 
2631 1839 1838 1840 
2632 1342 644 3435 
2633 2569 2187 2570 
2634 2488 1712 2991 
2635 659 660 661 
2636 2874 2875 2876 
2637 1258 1259 1285 
2638 3550 4528 4610 
2639 3709 2533 4017 
2640 1630 1625 1633 
2641 3060 3061 3261 
2642 1544 1546 3180 
2643 367 368 369 
2644 3141 3028 4724 
2645 655 656 659 
2646 2395 1477 3363 
2647 702 700 4782 
2648 415 413 985 
2649 5 349 3440 
2650 1029 1023 3055 
2651 1556 1554 1593 
2652 2847 2845 3617 
2653 2780 4248 4435 
2654 670 669 671 
2655 1416 1421 3388 
2656 3686 2671 4424 
2657 3025 2969 3416 
2658 1863 1862 3254 
2659 401 398 3042 
2660 880 962 3735 
2661 502 500 981 
2662 2470 2469 3609 
2663 3250 3249 3293 
2664 419 417 540 
2665 2823 3985 4555 
2666 3079 2759 4560 
2667 2611 2612 2613 
2668 3198 3199 3201 
2669 3231 3232 3666 
2670 2790 2508 2791 
2671 3428 3427 3957 
2672 1752 1681 1867 
2673 723 721 751 
2674 611 601 3337 
2675 1073 1076 1077 
2676 1682 927 3412 
2677 2903 2534 4531 
2678 2828 3715 4665 
2679 1391 4371 4568 
2680 3128 3129 3130 
2681 393 392 394 
2682 502 981 3076 
2683 1416 3388 3450 
2684 1647 3284 4302 
2685 2938 4058 4226 
2686 2480 2486 2671 
2687 3748 2219 3763 
2688 4358 2474 4387 
2689 985 413 3048 
2690 2575 2695 3108 
2691 2779 1193 4887 
2692 2697 3612 3658 
2693 2976 816 4536 
2694 3428 574 4806 
2695 2440 2441 2484 
2696 2958 2957 3529 
2697 917 955 3558 
2698 1501 1502 1503 
2699 1612 3222 3282 
2700 3685 3610 3935 
2701 365 366 367 
2702 2579 2577 2600 
2703 3019 2440 4187 
2704 3989 3188 4683 
2705 2051 2955 4743 
2706 841 806 3257 
2707 869 871 3313 
2708 3561 2954 4328 
2709 2581 2579 3249 
2710 1045 1046 1047 
2711 703 702 704 
2712 413 411 3048 
2713 72 3024 4473 
2714 2191 3272 4709 
2715 3170 3168 3171 
2716 3424 823 3997 
2717 3057 3176 4331 
2718 857 3218 3685 
2719 375 376 377 
2720 2994 3347 4162 
2721 370 369 371 
2722 2876 2877 2879 
2723 448 446 3426 
2724 3281 2825 4561 
2725 971 3206 4538 
2726 3209 3210 3484 
2727 1623 1596 1624 
2728 764 3310 4346 
2729 2897 2619 4600 
2730 3116 3076 4453 
2731 2583 2581 3250 
2732 1943 2000 3526 
2733 394 392 971 
2734 527 456 3225 
2735 636 637 655 
2736 739 737 740 
2737 1976 1692 1977 
2738 744 741 3044 
2739 695 696 697 
2740 374 373 375 
2741 2556 3227 4051 
2742 2864 1816 4769 
2743 2438 2290 4483 
2744 1660 1658 2002 
2745 2306 2867 3298 
2746 3249 2600 3486 
2747 378 377 379 
2748 729 727 730 
2749 767 839 3041 
2750 477 539 3985 
2751 3253 2067 4141 
2752 735 733 736 
2753 2964 2296 2966 
2754 3465 821 4696 
2755 1285 1286 1440 
2756 1547 1869 3418 
2757 2003 1662 2125 
2758 1939 3883 3921 
2759 2662 2661 3231 
2760 2346 2355 3364 
2761 1644 983 3153 
2762 2793 3075 3256 
2763 1648 934 2866 
2764 379 380 381 
2765 2509 2233 2510 
2766 668 670 672 
2767 1841 1840 1842 
2768 2538 2470 2679 
2769 371 372 373 
2770 3677 2716 4561 
2771 506 544 3093 
2772 1409 4040 4276 
2773 3042 400 4161 
2774 1162 3802 4421 
2775 604 554 3074 
2776 1440 1441 1486 
2777 3035 3036 3037 
2778 3203 1444 4712 
2779 2615 2235 3385 
2780 4449 1384 4802 
2781 2382 2428 4162 
2782 442 440 2972 
2783 2340 2341 3366 
2784 2113 1868 2290 
2785 481 479 1263 
2786 2950 2951 2952 
2787 1249 2737 4896 
2788 395 394 396 
2789 664 666 1358 
2790 399 398 401 
2791 397 396 398 
2792 1494 1495 1496 
2793 998 1297 3455 
2794 3308 3309 3495 
2795 510 1265 3097 
2796 1931 1929 2917 
2797 1974 1975 2497 
2798 3553 3552 4183 
2799 2329 2229 4891 
2800 570 1359 3466 
2801 1725 1602 2136 
2802 2151 1842 4674 
2803 2975 4434 4695 
2804 500 493 3240 
2805 4206 3675 4288 
2806 1829 1828 1830 
2807 1006 1008 1009 
2808 1629 1628 1862 
2809 2817 2818 4821 
2810 434 431 3214 
2811 3278 3167 4565 
2812 1072 1073 3001 
2813 2902 2098 4661 
2814 356 3021 4813 
2815 2125 1662 3067 
2816 1583 1338 1628 
2817 2856 2857 4818 
2818 3121 844 3292 
2819 1747 2147 3387 
2820 1779 427 3269 
2821 1154 1156 1251 
2822 2805 2188 4757 
2823 2879 2880 2881 
2824 3051 3049 3883 
2825 2873 2976 4223 
2826 3337 601 3466 
2827 3062 3042 3063 
2828 2605 3361 4478 
2829 3740 2563 4510 
2830 4174 345 4271 
2831 2356 2348 3431 
2832 798 797 799 
2833 1156 1158 2973 
2834 1015 1016 1019 
2835 2176 1985 2177 
2836 584 3451 3828 
2837 2221 2011 2462 
2838 3702 360 3714 
2839 3757 350 4599 
2840 1843 1842 1844 
2841 402 401 403 
2842 3038 3037 3375 
2843 1358 666 3680 
2844 554 2131 3074 
2845 3197 3198 3402 
2846 2750 3865 4352 
2847 3202 2192 3203 
2848 2649 2550 3226 
2849 743 741 744 
2850 3183 2743 4690 
2851 379 381 382 
2852 1140 1558 3439 
2853 1768 2134 3413 
2854 2422 2533 2551 
2855 1301 3368 3478 
2856 2585 2583 2594 
2857 452 450 3110 
2858 1929 2164 2917 
2859 3399 3400 3401 
2860 1591 1753 2198 
2861 3316 2269 3318 
2862 2213 2215 3157 
2863 974 780 2927 
2864 2772 3057 4662 
2865 2217 2831 3483 
2866 3112 2611 4632 
2867 1162 1165 1166 
2868 1011 1012 1015 
2869 2852 327 4494 
2870 1057 1059 1060 
2871 1916 2421 2422 
2872 1961 2562 2563 
2873 3128 3130 3390 
2874 3484 1409 4276 
2875 2298 2956 3436 
2876 1703 917 3558 
2877 3379 3380 3381 
2878 1285 1440 3694 
2879 3040 2824 4555 
2880 2153 3271 3505 
2881 1883 3009 3010 
2882 857 3685 3935 
2883 1019 1020 1021 
2884 985 3049 3050 
2885 450 528 3110 
2886 1601 665 3509 
2887 1638 1637 1639 
2888 665 662 3509 
2889 3279 2363 3904 
2890 3327 3328 3330 
2891 1061 1063 1064 
2892 2885 2886 3092 
2893 2731 3480 4073 
2894 1021 1022 1026 
2895 1862 2541 2542 
2896 1026 1028 1031 
2897 1009 1010 1011 
2898 3050 3051 3052 
2899 3446 3445 3447 
2900 2587 2585 3294 
2901 485 483 535 
2902 3410 2876 3411 
2903 948 1306 3412 
2904 3275 3511 4788 
2905 1831 1830 1832 
2906 3211 3172 3469 
2907 2654 2669 3506 
2908 3327 378 3328 
2909 2936 2935 2937 
2910 510 508 1265 
2911 2161 3150 4596 
2912 2751 2972 4699 
2913 4155 3909 4910 
2914 2143 2142 2921 
2915 1101 1099 1102 
2916 1276 1312 3800 
2917 2989 3648 4715 
2918 2920 1578 2971 
2919 693 694 695 
2920 2009 1798 4856 
2921 454 452 984 
2922 514 512 541 
2923 3266 1358 3514 
2924 3720 1399 3806 
2925 3522 3338 4068 
2926 2589 2587 3295 
2927 2196 2195 2548 
2928 2993 1244 4671 
2929 2581 3249 3250 
2930 3433 3432 3434 
2931 3563 2676 3944 
2932 1103 1102 1104 
2933 1636 936 1637 
2934 2857 3619 4588 
2935 2421 2518 4017 
2936 2625 2221 3333 
2937 2893 2895 3389 
2938 1640 1639 1666 
2939 427 425 3269 
2940 2131 3362 4861 
2941 1136 1137 1138 
2942 456 454 3225 
2943 2507 3026 4265 
2944 4203 4331 4686 
2945 930 756 3058 
2946 3020 2666 4731 
2947 2133 3083 4680 
2948 2154 3459 3460 
2949 1649 1650 1708 
2950 3274 1612 3275 
2951 908 976 3287 
2952 2556 2130 2557 
2953 2515 2516 3264 
2954 3007 3008 3463 
2955 1920 1919 1921 
2956 425 423 522 
2957 1000 3112 3688 
2958 3324 1439 3900 
2959 2299 3316 3317 
2960 3153 941 3920 
2961 1593 1554 3916 
2962 1575 1574 3665 
2963 1411 1413 3450 
2964 3049 3048 3054 
2965 2660 2325 2661 
2966 2868 838 2869 
2967 2950 2952 4011 
2968 1503 1504 3350 
2969 2549 2548 2550 
2970 1048 1054 1056 
2971 1988 1863 2192 
2972 3312 869 3313 
2973 1833 1832 1834 
2974 864 867 933 
2975 2077 2209 2638 
2976 2874 2876 3410 
2977 651 657 3457 
2978 862 864 3222 
2979 2287 1675 2288 
2980 2348 2349 3431 
2981 920 3339 3340 
2982 392 389 3206 
2983 458 456 527 
2984 1298 1579 3871 
2985 950 951 1338 
2986 2664 2662 3324 
2987 3438 2628 4538 
2988 2288 2410 2757 
2989 2899 2900 3458 
2990 2934 2932 3360 
2991 1708 1709 1710 
2992 1936 2234 2235 
2993 531 525 3326 
2994 2989 2238 4721 
2995 350 93 4095 
2996 1056 4076 4844 
2997 2921 2142 2922 
2998 3407 3060 4307 
2999 1898 1897 1919 
3000 1166 1167 1168 
3001 2446 2544 3396 
3002 351 3568 4034 
3003 2186 1784 2187 
3004 2756 4444 4560 
3005 3976 2512 4354 
3006 3247 2287 3311 
3007 1504 1506 1507 
3008 800 799 801 
3009 2596 2589 3295 
3010 661 662 663 
3011 3045 1386 4533 
3012 3066 3063 4161 
3013 1504 1507 3350 
3014 1122 1134 4558 
3015 4 5 3440 
3016 3140 2163 3141 
3017 554 552 2131 
3018 3174 3051 4378 
3019 860 862 1612 
3020 375 378 3327 
3021 1671 1675 2287 
3022 508 506 3093 
3023 2767 2223 4843 
3024 781 780 782 
3025 2925 3513 4021 
3026 2460 2461 3208 
3027 1097 1087 1098 
3028 3464 2191 3465 
3029 3329 3331 3576 
3030 409 407 2989 
3031 911 3522 4068 
3032 1911 2261 2499 
3033 3340 3339 3342 
3034 3044 740 4266 
3035 1862 2542 3254 
3036 382 384 385 
3037 545 409 2989 
3038 4203 3208 4331 
3039 946 906 3415 
3040 1533 1883 3272 
3041 771 769 1760 
3042 1845 1844 1878 
3043 3158 2686 3159 
3044 3435 938 3878 
3045 1036 1039 4666 
3046 2211 2213 3077 
3047 1497 1500 1501 
3048 4063 2404 4889 
3049 3178 1233 3335 
3050 1817 1816 1818 
3051 3422 3423 4462 
3052 1369 946 1370 
3053 2662 3231 3324 
3054 1819 1818 1820 
3055 965 3445 3446 
3056 1487 1489 1509 
3057 2005 1838 2997 
3058 2102 1822 4534 
3059 2930 2617 4120 
3060 2592 2589 2596 
3061 888 908 3287 
3062 2568 2187 2569 
3063 3275 1612 3282 
3064 1867 3398 3399 
3065 1040 1044 1045 
3066 950 1338 1583 
3067 2830 4206 4288 
3068 2921 2922 3351 
3069 3203 2192 3204 
3070 27 343 4239 
3071 2619 4491 4600 
3072 1168 1170 1172 
3073 3000 354 4501 
3074 3503 2520 4369 
3075 980 3348 3349 
3076 2660 2661 2662 
3077 615 860 3274 
3078 1289 944 3805 
3079 3065 3063 3066 
3080 1700 2149 2150 
3081 1773 3308 3495 
3082 2306 3299 3300 
3083 2745 2744 4832 
3084 1546 1646 1951 
3085 1344 1342 3325 
3086 2759 1557 4506 
3087 2267 2269 3316 
3088 3115 544 3116 
3089 2739 2425 3284 
3090 1263 479 3985 
3091 2092 460 3392 
3092 2648 2550 2649 
3093 981 3240 4052 
3094 965 591 3445 
3095 3411 1313 4365 
3096 3865 436 4352 
3097 2856 2855 3253 
3098 419 540 4020 
3099 1036 1038 1039 
3100 657 855 3291 
3101 620 618 1266 
3102 3409 2173 4515 
3103 2732 2199 2733 
3104 2913 3981 4507 
3105 1338 1339 3336 
3106 2120 2168 2169 
3107 1368 3560 4742 
3108 391 389 392 
3109 2499 3522 4139 
3110 379 382 3535 
3111 2265 2267 2299 
3112 1439 3231 3666 
3113 3520 1401 3884 
3114 2890 3475 4656 
3115 1583 1628 1629 
3116 1221 2856 4818 
3117 1183 1186 1187 
3118 2446 2310 2544 
3119 1947 2391 2555 
3120 871 888 956 
3121 1608 1607 2200 
3122 1377 1344 1510 
3123 3241 323 3242 
3124 3308 2499 3309 
3125 855 950 3291 
3126 3346 3377 3378 
3127 1172 1173 1174 
3128 1264 1648 1649 
3129 2816 2802 4838 
3130 3077 2213 3157 
3131 848 1290 3464 
3132 2295 1910 2310 
3133 1688 1697 1913 
3134 624 622 936 
3135 1032 1034 1035 
3136 98 99 3567 
3137 663 664 3266 
3138 322 165 3530 
3139 622 620 3258 
3140 2572 2571 2573 
3141 1491 1493 1494 
3142 1513 1514 1515 
3143 803 801 804 
3144 653 880 3735 
3145 2600 3108 4164 
3146 2466 2311 2940 
3147 381 383 3237 
3148 1629 1862 1863 
3149 2273 2275 3279 
3150 1805 1804 1806 
3151 1242 1227 4905 
3152 1975 1644 3153 
3153 655 2504 3538 
3154 535 3090 3091 
3155 2217 2433 2831 
3156 1639 1637 1641 
3157 2713 2712 3224 
3158 367 369 370 
3159 472 471 473 
3160 1763 2201 2203 
3161 1710 1711 1712 
3162 3218 857 3803 
3163 706 704 707 
3164 920 634 3339 
3165 435 434 436 
3166 2895 2894 2896 
3167 3084 2313 3085 
3168 4394 309 4511 
3169 1606 1680 1681 
3170 4183 3552 4323 
3171 2967 2296 3288 
3172 562 564 3478 
3173 649 651 942 
3174 2749 2748 4587 
3175 1799 1798 1800 
3176 2560 2070 4467 
3177 21 344 3614 
3178 3712 1185 4792 
3179 1922 1921 1923 
3180 375 373 376 
3181 2275 2363 3279 
3182 1803 1802 1804 
3183 1821 1820 1822 
3184 1355 1267 1419 
3185 3506 3942 3943 
3186 3323 2502 4221 
3187 1715 1667 1999 
3188 1879 1878 2126 
3189 867 869 3312 
3190 2271 2273 2487 
3191 1782 1452 2195 
3192 3082 3321 3613 
3193 2615 3385 4759 
3194 2708 1251 2973 
3195 1272 1275 1277 
3196 2518 3498 4628 
3197 3325 1342 3435 
3198 755 754 756 
3199 2939 3267 3693 
3200 3505 3271 3519 
3201 2147 2226 3218 
3202 2141 2139 2142 
3203 371 373 374 
3204 3187 3185 3188 
3205 1510 1344 3325 
3206 1772 2182 2183 
3207 1047 1048 3071 
3208 532 531 533 
3209 1208 2817 4821 
3210 769 767 3041 
3211 404 403 405 
3212 3144 3085 3394 
3213 2728 2726 4218 
3214 396 394 2982 
3215 3550 2834 4774 
3216 3415 3266 3514 
3217 379 377 380 
3218 1009 3104 3105 
3219 3684 1002 4108 
3220 385 386 387 
3221 367 366 368 
3222 371 369 372 
3223 2190 2686 3158 
3224 1730 1728 3303 
3225 757 756 758 
3226 1801 1800 1802 
3227 586 959 3451 
3228 3314 956 3315 
3229 1828 1825 3492 
3230 2139 1988 3202 
3231 1296 630 3305 
3232 2305 1856 3525 
3233 1966 2365 2366 
3234 1586 1362 1897 
3235 1298 1126 1299 
3236 541 3099 3100 
3237 2994 1123 3347 
3238 4269 2902 4571 
3239 941 904 3920 
3240 1612 862 3222 
3241 875 853 972 
3242 1260 997 3286 
3243 1311 1417 1613 
3244 1045 1131 3030 
3245 1909 1861 1910 
3246 2262 2265 3338 
3247 2253 2255 2520 
3248 2275 2278 2363 
3249 2404 3213 3999 
3250 1578 1943 2971 
3251 933 867 3312 
3252 3533 346 3534 
3253 2574 2573 2575 
3254 630 628 3305 
3255 1823 1822 1824 
3256 1728 1324 3808 
3257 1988 2192 3202 
3258 2781 2779 4887 
3259 690 687 4670 
3260 1124 1072 3001 
3261 375 377 378 
3262 365 338 366 
3263 1807 1806 1808 
3264 474 473 475 
3265 1581 1889 1890 
3266 2282 3579 3854 
3267 855 909 950 
3268 2002 1658 3155 
3269 1734 3307 3501 
3270 523 442 2972 
3271 2150 2507 2508 
3272 795 790 797 
3273 2299 2267 3316 
3274 1187 1188 1189 
3275 1348 2240 3553 
3276 805 804 806 
3277 2355 2356 3545 
3278 1630 1633 3083 
3279 2624 2625 4266 
3280 1775 1776 3461 
3281 634 632 3339 
3282 2129 2127 2130 
3283 709 707 4168 
3284 620 1266 3258 
3285 699 700 701 
3286 4367 1262 4859 
3287 2836 2249 2987 
3288 2203 2666 2667 
3289 1533 1534 1536 
3290 441 440 442 
3291 3880 2848 4653 
3292 1413 1416 3450 
3293 4246 3354 4405 
3294 3027 343 4829 
3295 938 640 3482 
3296 3624 2300 4144 
3297 3488 1666 4071 
3298 1290 2191 3464 
3299 1239 1215 4588 
3300 1494 1960 2960 
3301 753 750 754 
3302 2014 1802 4835 
3303 2160 2312 2313 
3304 2882 2884 2885 
3305 1025 3016 4713 
3306 1189 1190 1191 
3307 1692 1472 3703 
3308 3525 2106 3997 
3309 364 338 365 
3310 591 589 3445 
3311 2999 1210 4489 
3312 1755 1580 1756 
3313 534 533 538 
3314 2480 2671 4088 
3315 980 889 3348 
3316 1125 1127 1128 
3317 4084 2565 4217 
3318 429 427 1779 
3319 1174 1175 1176 
3320 2947 673 2948 
3321 2309 2097 4916 
3322 1858 1758 1859 
3323 1624 3169 4262 
3324 3450 3388 3967 
3325 1092 1091 1093 
3326 908 932 976 
3327 4482 2438 4483 
3328 2366 2740 2741 
3329 1303 1574 1575 
3330 3431 3406 3432 
3331 677 678 3516 
3332 535 483 4138 
3333 1513 1515 3603 
3334 1501 1578 2920 
3335 1277 1279 1280 
3336 2344 2346 3364 
3337 1837 1835 1838 
3338 2846 2849 3143 
3339 2427 2426 3501 
3340 2001 3604 4464 
3341 2971 2612 4642 
3342 387 388 389 
3343 2410 2655 3815 
3344 2511 2904 2905 
3345 3792 3791 4813 
3346 2352 3635 4142 
3347 527 3225 4627 
3348 2190 3158 3558 
3349 3029 2804 3528 
3350 533 531 4218 
3351 1924 1923 1925 
3352 1862 1628 2541 
3353 3274 3275 3276 
3354 443 442 444 
3355 382 1357 3535 
3356 853 611 3337 
3357 3060 3059 3061 
3358 3170 3171 3172 
3359 2697 2524 4388 
3360 2346 2348 2355 
3361 1608 2200 4350 
3362 1747 1749 2147 
3363 2679 2470 3609 
3364 1082 1080 1083 
3365 1362 1329 3515 
3366 1869 2839 3418 
3367 1204 1205 1206 
3368 1551 2077 3263 
3369 3231 2661 3232 
3370 1176 1179 1180 
3371 2515 3265 3290 
3372 995 997 1260 
3373 1088 1085 1089 
3374 3030 1131 3773 
3375 1119 1129 1130 
3376 2282 3854 3867 
3377 735 736 737 
3378 2978 2340 2979 
3379 3768 3365 3779 
3380 1198 1203 3444 
3381 2338 2340 2978 
3382 1774 1911 3308 
3383 2183 3167 3168 
3384 3589 3719 3978 
3385 2288 2289 2410 
3386 2860 2862 3628 
3387 3487 1783 4499 
3388 636 655 3538 
3389 388 556 2162 
3390 900 3433 4062 
3391 1064 1123 2994 
3392 3259 3258 4509 
3393 3239 326 3499 
3394 3246 2287 3247 
3395 552 548 3362 
3396 807 806 808 
3397 1158 1160 1162 
3398 1623 1624 1625 
3399 1191 1192 1193 
3400 1241 1204 4649 
3401 1260 3261 4336 
3402 460 458 3392 
3403 1003 1017 1018 
3404 2576 2575 2577 
3405 1280 1282 1283 
3406 885 877 966 
3407 2493 2677 3031 
3408 632 630 1296 
3409 1809 1808 1810 
3410 997 999 3286 
3411 1130 1302 1303 
3412 2404 2495 4889 
3413 1091 1090 3582 
3414 2854 2841 4035 
3415 1465 1467 3371 
3416 3724 3723 3868 
3417 2898 2899 4511 
3418 1972 1717 1973 
3419 1515 1516 1517 
3420 3352 358 3523 
3421 530 525 531 
3422 501 500 502 
3423 1579 1299 1580 
3424 1745 1747 3387 
3425 2592 2596 2597 
3426 3337 3466 4080 
3427 816 814 4536 
3428 2020 2021 2022 
3429 1556 1593 1594 
3430 2018 2019 2020 
3431 2131 552 3362 
3432 1467 1512 1513 
3433 1352 1591 3551 
3434 3172 3171 3469 
3435 2444 3540 3971 
3436 2960 1960 3744 
3437 1636 1637 1638 
3438 2899 4394 4511 
3439 1024 1029 1030 
3440 3107 751 4794 
3441 1768 1738 2134 
3442 877 875 3289 
3443 2304 2305 2306 
3444 1671 1672 1675 
3445 3070 2851 4566 
3446 3534 359 4281 
3447 729 730 731 
3448 1811 1810 1812 
3449 739 740 741 
3450 2489 2752 4915 
3451 445 444 446 
3452 889 885 3348 
3453 1119 1130 3384 
3454 938 3540 3878 
3455 2820 1582 4697 
3456 1678 1471 1866 
3457 3291 1583 3866 
3458 2423 3452 4423 
3459 860 1612 3274 
3460 2077 2078 2209 
3461 657 3291 3457 
3462 918 1397 1688 
3463 3818 1908 4866 
3464 624 936 1636 
3465 1267 968 3332 
3466 981 500 3240 
3467 764 763 765 
3468 1827 1825 1828 
3469 3456 1958 4049 
3470 2410 2411 2655 
3471 3312 3313 3548 
3472 446 3184 3426 
3473 2003 2125 2493 
3474 2160 2313 3084 
3475 1290 1449 2191 
3476 708 707 709 
3477 3035 977 3036 
3478 417 415 3485 
3479 1077 1076 1078 
3480 875 972 3289 
3481 3084 3085 3144 
3482 1873 2467 2468 
3483 374 375 3327 
3484 2947 2948 2949 
3485 1322 1671 3246 
3486 2190 2685 2686 
3487 1030 1049 1050 
3488 1421 1745 3388 
3489 1891 3106 4625 
3490 1567 1900 2929 
3491 3 4 338 
3492 2319 2317 3657 
3493 2509 2510 2511 
3494 989 1310 1311 
3495 2545 1971 2546 
3496 783 782 784 
3497 3366 3364 3544 
3498 4185 2647 4245 
3499 2030 2031 2032 
3500 3446 3961 4403 
3501 1283 1553 1554 
3502 1276 1273 1278 
3503 2197 2915 2916 
3504 384 381 3237 
3505 94 95 337 
3506 388 386 556 
3507 2860 3628 3668 
3508 2341 2344 3366 
3509 2349 2353 3431 
3510 8 9 336 
3511 3191 3190 3192 
3512 1206 1207 1208 
3513 731 732 733 
3514 2304 3300 4574 
3515 1057 1060 4076 
3516 4495 2827 4739 
3517 2958 3530 4151 
3518 3240 2630 4052 
3519 1638 1639 1640 
3520 1770 1768 3413 
3521 1291 1247 3334 
3522 2265 2299 3338 
3523 2016 2017 2018 
3524 809 808 810 
3525 2353 2491 3406 
3526 3738 1599 3743 
3527 381 380 383 
3528 2045 2046 2047 
3529 2209 2211 3479 
3530 1907 2015 2016 
3531 1890 2232 2233 
3532 972 853 3337 
3533 423 421 3491 
3534 4175 3315 4465 
3535 2820 4363 4408 
3536 2032 2033 2034 
3537 89 90 335 
3538 2611 1967 2612 
3539 3210 3189 3471 
3540 4363 2362 4408 
3541 2355 2348 2356 
3542 1208 1209 1211 
3543 13 14 334 
3544 2468 2469 2470 
3545 1193 1195 1196 
3546 1972 1973 3591 
3547 3346 3344 3377 
3548 99 100 339 
3549 672 673 674 
3550 1306 1592 2160 
3551 1981 2458 2772 
3552 406 405 407 
3553 779 775 780 
3554 364 365 4619 
3555 717 825 3926 
3556 891 889 980 
3557 2147 1749 2226 
3558 1846 4237 4481 
3559 2043 2044 2045 
3560 2047 2048 2049 
3561 2143 2921 2923 
3562 3489 2132 3946 
3563 481 1263 4138 
3564 1050 1068 1069 
3565 989 1311 3708 
3566 1094 1091 3582 
3567 1196 1197 1198 
3568 2940 2311 3489 
3569 1536 1537 1538 
3570 1018 1023 1024 
3571 2022 2023 2024 
3572 2147 3218 3219 
3573 1377 1510 3472 
3574 2101 434 3214 
3575 3198 2136 3199 
3576 2578 2577 2579 
3577 3283 1184 4429 
3578 1014 3211 4106 
3579 525 518 3326 
3580 2209 2210 2211 
3581 84 85 333 
3582 383 2084 2631 
3583 1072 1065 1073 
3584 1338 951 1339 
3585 518 516 1685 
3586 3037 3036 3039 
3587 476 475 477 
3588 2831 2433 3884 
3589 1138 1139 1140 
3590 1198 1199 1200 
3591 1916 2422 3665 
3592 721 719 3964 
3593 494 3622 3956 
3594 3109 2208 4828 
3595 1604 2465 4263 
3596 2000 1683 2090 
3597 1640 1666 1667 
3598 18 19 332 
3599 640 638 3482 
3600 1523 3369 3443 
3601 342 3739 4398 
3602 3386 2092 4907 
3603 503 502 504 
3604 563 561 3518 
3605 743 744 745 
3606 1794 1791 3496 
3607 2777 2778 3695 
3608 1271 1047 3071 
3609 2338 2978 3641 
3610 2439 2438 2632 
3611 2121 2463 2622 
3612 439 437 440 
3613 1984 1692 3703 
3614 2752 2753 2755 
3615 2173 1945 3331 
3616 2694 4244 4367 
3617 961 960 3493 
3618 2656 3835 4134 
3619 1369 1370 1452 
3620 3424 2866 4756 
3621 991 1582 3481 
3622 3745 3696 4110 
3623 1551 1955 2077 
3624 1322 1483 1671 
3625 668 672 3680 
3626 1083 1088 4503 
3627 766 765 767 
3628 98 3567 3568 
3629 3158 3159 3454 
3630 2449 3738 3743 
3631 2028 2029 2030 
3632 2141 2142 2143 
3633 2566 3901 4270 
3634 2076 3115 4236 
3635 2844 2848 3880 
3636 3302 2244 4701 
3637 1926 1925 1927 
3638 2196 2548 2549 
3639 691 4067 4197 
3640 1815 1813 1816 
3641 891 980 4586 
3642 1564 1942 2300 
3643 2363 2278 3221 
3644 2041 2042 2043 
3645 601 570 3466 
3646 79 80 331 
3647 1 2 355 
3648 3358 2236 3604 
3649 1614 1784 2186 
3650 1258 1120 1259 
3651 966 3289 3763 
3652 654 634 920 
3653 1451 1532 1533 
3654 1215 1216 1217 
3655 1523 537 3369 
3656 1128 1293 1294 
3657 3086 314 4703 
3658 740 737 4155 
3659 3427 2597 3622 
3660 1088 1089 4210 
3661 24 25 330 
3662 1782 2195 2196 
3663 4072 873 4724 
3664 2034 2035 2036 
3665 1217 1220 1221 
3666 1763 2203 3603 
3667 73 74 328 
3668 53 54 329 
3669 30 31 323 
3670 67 68 325 
3671 38 39 324 
3672 59 60 326 
3673 46 47 327 
3674 898 1682 3842 
3675 2049 2050 2051 
3676 1911 2499 3308 
3677 1643 1902 3562 
3678 910 3512 3620 
3679 2908 2510 2909 
3680 1294 1522 1634 
3681 5 6 349 
3682 538 2466 3369 
3683 3579 2282 3821 
3684 1211 1212 1213 
3685 1436 3271 3902 
3686 1750 1958 3456 
3687 3854 3855 3867 
3688 2024 2025 2026 
3689 2440 1851 2441 
3690 1567 1508 1568 
3691 371 374 3576 
3692 1213 1214 1215 
3693 2669 2670 4753 
3694 2791 2508 4265 
3695 3092 2886 4247 
3696 920 3341 3382 
3697 92 93 350 
3698 1915 1302 3004 
3699 1221 1222 1223 
3700 2353 3406 3431 
3701 3482 3538 3539 
3702 96 97 351 
3703 2055 2056 2057 
3704 10 11 352 
3705 2026 2027 2028 
3706 1738 1736 3858 
3707 505 504 506 
3708 2580 2579 2581 
3709 337 3569 3570 
3710 3622 2596 3753 
3711 2463 3322 4517 
3712 447 446 448 
3713 3275 3282 3511 
3714 3238 1760 4559 
3715 2013 1806 4842 
3716 1617 1945 2173 
3717 3369 2466 3443 
3718 950 909 951 
3719 797 790 4445 
3720 3297 2658 3780 
3721 3440 349 3504 
3722 1223 1224 1225 
3723 1051 1029 3055 
3724 3205 2144 3632 
3725 3008 3011 3012 
3726 87 88 353 
3727 470 466 471 
3728 1850 1742 2110 
3729 2211 2212 2213 
3730 2038 2039 2041 
3731 433 431 434 
3732 3783 2827 4495 
3733 1772 2183 3679 
3734 3307 2427 3501 
3735 2986 2419 4533 
3736 2036 2037 2038 
3737 15 16 354 
3738 2148 2110 2412 
3739 3754 2655 4249 
3740 564 568 3478 
3741 1944 1866 2228 
3742 568 572 1301 
3743 1669 1568 1742 
3744 1336 1992 2190 
3745 1247 1249 3334 
3746 3494 1405 3631 
3747 391 392 393 
3748 3037 3039 3441 
3749 710 709 711 
3750 2534 2866 3424 
3751 1609 2540 3468 
3752 2229 2228 2514 
3753 2518 1948 2519 
3754 678 675 2947 
3755 1783 3487 4766 
3756 2344 3364 3366 
3757 1064 1063 1065 
3758 1060 1059 1061 
3759 3130 3129 3556 
3760 674 675 676 
3761 1074 1119 3384 
3762 1092 1270 4899 
3763 2413 2412 2414 
3764 338 4 3440 
3765 4036 3977 4353 
3766 1468 1656 3655 
3767 82 83 356 
3768 1630 3083 3470 
3769 1590 1405 3494 
3770 3909 3417 4909 
3771 1895 1590 3494 
3772 2842 2597 3427 
3773 1312 1278 1470 
3774 1225 1226 1227 
3775 3272 3010 4709 
3776 1473 1720 1721 
3777 1408 983 1644 
3778 1345 1377 3626 
3779 3025 1379 4093 
3780 998 996 1297 
3781 3078 3079 3080 
3782 2153 2409 3271 
3783 701 702 703 
3784 408 407 409 
3785 2768 2013 4793 
3786 2057 2058 2059 
3787 2403 1713 3358 
3788 617 616 618 
3789 1700 2150 3694 
3790 1419 1267 3332 
3791 1887 1355 2157 
3792 759 3771 4483 
3793 2515 2514 2516 
3794 1674 1677 1773 
3795 2480 2090 2486 
3796 903 895 2995 
3797 393 394 395 
3798 1383 1289 3541 
3799 3179 4165 4710 
3800 1888 1644 1974 
3801 994 744 3044 
3802 1306 2160 3412 
3803 2051 2052 2053 
3804 2882 2885 4070 
3805 2538 2679 2680 
3806 647 648 649 
3807 676 677 679 
3808 738 3208 4203 
3809 3570 2500 3731 
3810 4328 2954 4612 
3811 2278 2281 3221 
3812 2682 2414 2683 
3813 3156 3728 4773 
3814 1006 1001 1008 
3815 679 681 682 
3816 3666 3232 4159 
3817 2053 2054 2055 
3818 1507 1506 1508 
3819 3088 324 4246 
3820 2932 872 3467 
3821 568 1301 3478 
3822 462 460 2092 
3823 1766 3147 4716 
3824 2982 2648 4677 
3825 3791 356 4813 
3826 3100 3099 3101 
3827 1745 3387 3388 
3828 2815 3627 3699 
3829 2680 2703 2704 
3830 1911 1912 2261 
3831 478 477 479 
3832 2549 2550 2648 
3833 2613 2612 2730 
3834 2213 2214 2215 
3835 689 687 690 
3836 3482 3539 3540 
3837 959 3277 3683 
3838 3285 2631 4499 
3839 3413 3414 4245 
3840 1176 1182 4832 
3841 1419 3332 4014 
3842 2671 2486 2717 
3843 2403 3358 3604 
3844 2489 2398 2490 
3845 2663 2662 2664 
3846 3756 350 3757 
3847 2160 1592 2312 
3848 99 339 3567 
3849 1752 1867 1868 
3850 1962 1934 3625 
3851 353 3578 3579 
3852 2715 2494 4514 
3853 785 784 786 
3854 3008 3013 3463 
3855 1452 1370 4301 
3856 3161 3310 4731 
3857 2059 2063 2064 
3858 1457 2367 4104 
3859 1144 1146 1147 
3860 21 22 344 
3861 662 660 3509 
3862 2422 2829 3665 
3863 619 618 620 
3864 445 447 3666 
3865 762 760 763 
3866 1503 1502 1504 
3867 2582 2581 2583 
3868 3501 2426 3858 
3869 2437 2765 4275 
3870 499 493 500 
3871 1639 1641 4071 
3872 2659 2325 2660 
3873 3494 2536 4399 
3874 1056 1054 1057 
3875 3133 3131 4460 
3876 1268 1267 1355 
3877 2872 2870 2873 
3878 3349 3348 4391 
3879 682 683 684 
3880 2674 2673 4684 
3881 2095 2940 4900 
3882 1672 1674 3430 
3883 2547 3601 3654 
3884 76 77 348 
3885 2077 2638 3263 
3886 3268 17 4285 
3887 1909 2296 2964 
3888 27 28 343 
3889 3571 352 3572 
3890 1774 1872 1911 
3891 2644 4358 4387 
3892 70 71 345 
3893 56 57 347 
3894 2223 1810 4843 
3895 2555 2391 2813 
3896 2788 2986 4866 
3897 3201 1033 4732 
3898 3280 3192 3490 
3899 964 961 3493 
3900 593 591 965 
3901 51 52 359 
3902 3211 3469 4106 
3903 2208 2396 2770 
3904 586 588 959 
3905 449 448 450 
3906 395 396 397 
3907 399 401 402 
3908 397 398 399 
3909 2338 2339 2340 
3910 1461 1465 3661 
3911 2569 2571 2572 
3912 489 487 2630 
3913 2071 2646 2647 
3914 1193 1236 4887 
3915 2162 2397 3438 
3916 3165 2155 3166 
3917 32 33 357 
3918 40 41 358 
3919 2238 2989 4715 
3920 1854 1856 2304 
3921 1501 1500 1502 
3922 1697 1981 3376 
3923 410 409 411 
3924 2000 2481 3526 
3925 3286 999 3857 
3926 3482 638 3538 
3927 2741 2742 3684 
3928 61 62 361 
3929 44 45 362 
3930 36 37 363 
3931 65 66 360 
3932 1538 1539 1540 
3933 584 586 3451 
3934 3159 2686 3160 
3935 2859 2861 2863 
3936 1786 2672 3833 
3937 49 50 346 
3938 3068 3069 4065 
3939 3194 2482 4822 
3940 3154 4291 4360 
3941 695 698 3736 
3942 2419 3045 4533 
3943 1417 1617 3409 
3944 3528 2804 4585 
3945 4190 1759 4229 
3946 991 964 1582 
3947 3289 3748 3763 
3948 2064 2145 2146 
3949 3293 495 3945 
3950 3145 2156 4718 
3951 3092 1565 4400 
3952 920 3340 3341 
3953 595 3840 4097 
3954 1047 1046 1048 
3955 3947 2555 4486 
3956 2709 4420 4481 
3957 684 685 686 
3958 2121 2118 2463 
3959 860 861 862 
3960 2186 2187 2568 
3961 1987 1863 1988 
3962 3442 3044 4266 
3963 1729 1728 1730 
3964 1285 1259 1286 
3965 351 97 3568 
3966 839 4047 4411 
3967 3217 2403 3604 
3968 712 711 713 
3969 3004 3005 4705 
3970 1266 4177 4509 
3971 994 3044 3442 
3972 42 43 342 
3973 63 64 340 
3974 34 35 341 
3975 1694 3418 3419 
3976 970 968 1267 
3977 821 3465 4402 
3978 2812 4306 4905 
3979 3707 2527 4697 
3980 2950 2546 2951 
3981 1496 1495 1497 
3982 3097 3095 3098 
3983 2265 2266 2267 
3984 2754 3439 4166 
3985 543 537 1523 
3986 2183 3169 3679 
3987 2937 2938 3580 
3988 3082 4388 4898 
3989 1582 964 3493 
3990 374 3329 3576 
3991 3428 3957 4286 
3992 3538 2504 3539 
3993 903 2995 3636 
3994 1238 2855 2856 
3995 967 925 3636 
3996 953 925 967 
3997 906 663 3266 
3998 3206 2162 4538 
3999 2203 2668 3603 
4000 1671 2287 3246 
4001 2160 3084 3412 
4002 1975 3154 4360 
4003 1721 1761 1762 
4004 2460 1913 2461 
4005 2484 2441 2485 
4006 2459 4079 4213 
4007 1745 1746 1747 
4008 2563 2633 4510 
4009 649 650 651 
4010 451 450 452 
4011 3131 3292 4382 
4012 384 3237 3713 
4013 1257 1116 4558 
4014 2850 3474 4675 
4015 2154 2811 3459 
4016 3189 3188 3989 
4017 2584 2583 2585 
4018 2344 2345 2346 
4019 2150 2789 3694 
4020 1540 1541 1542 
4021 3921 3883 4256 
4022 2267 2268 2269 
4023 1271 3071 3906 
4024 3704 3531 4297 
4025 862 863 864 
4026 480 479 481 
4027 1227 1228 1229 
4028 2288 1675 2289 
4029 2324 2321 2325 
4030 1486 1487 3930 
4031 3209 3484 4276 
4032 522 423 3491 
4033 2334 2336 2338 
4034 1105 1104 1106 
4035 609 646 647 
4036 1440 1286 1441 
4037 2311 945 4441 
4038 3143 3224 4272 
4039 1045 1044 1046 
4040 2806 2805 4757 
4041 1494 1493 1495 
4042 3178 3335 3583 
4043 955 1336 3558 
4044 2771 3490 4820 
4045 1486 1441 1487 
4046 528 3280 4471 
4047 415 985 3485 
4048 965 3446 4403 
4049 1272 1277 3773 
4050 621 620 622 
4051 2162 3438 4538 
4052 1747 1748 1749 
4053 672 2194 3680 
4054 1039 1038 1040 
4055 1924 3174 4378 
4056 1015 1012 1016 
4057 613 603 616 
4058 1966 2366 3744 
4059 2215 2216 2217 
4060 1898 1919 1920 
4061 412 411 413 
4062 573 3263 3742 
4063 1699 1529 2729 
4064 1240 2816 2817 
4065 624 1636 3574 
4066 3053 3052 3213 
4067 1775 1613 1776 
4068 2699 2700 3879 
4069 2770 2771 4820 
4070 2678 2125 3067 
4071 2791 4265 4858 
4072 553 552 554 
4073 651 652 657 
4074 555 554 604 
4075 605 604 636 
4076 1009 1008 1010 
4077 402 403 404 
4078 3142 2788 4866 
4079 4396 1394 4805 
4080 3192 3190 4276 
4081 1951 1646 3453 
4082 3545 900 3779 
4083 3328 378 3535 
4084 2534 1648 2866 
4085 1019 1016 1020 
4086 3606 3220 4195 
4087 1586 1897 1898 
4088 2346 2347 2348 
4089 3155 3980 4807 
4090 4071 1641 4341 
4091 864 866 867 
4092 2283 3144 4798 
4093 947 926 3575 
4094 1928 1927 1929 
4095 2215 2217 3483 
4096 1611 1324 1728 
4097 1897 1362 3515 
4098 3451 959 3683 
4099 3759 3149 4362 
4100 1588 1308 3507 
4101 2672 3113 4882 
4102 1011 1010 1012 
4103 1097 1098 1099 
4104 2871 3103 3521 
4105 1422 1333 1964 
4106 2586 2585 2587 
4107 1035 1034 1036 
4108 615 859 860 
4109 2169 2170 2171 
4110 2190 1992 2685 
4111 1671 1483 1672 
4112 1581 1890 3800 
4113 1421 1744 1745 
4114 566 563 3518 
4115 2239 2235 2615 
4116 1251 1156 2973 
4117 2262 2264 2265 
4118 3127 3126 3128 
4119 1735 1734 1736 
4120 854 853 875 
4121 2341 2343 2344 
4122 400 396 2982 
4123 414 413 415 
4124 2138 1988 2139 
4125 2417 1588 3507 
4126 1542 1543 1544 
4127 3975 3976 3977 
4128 3375 1511 4593 
4129 763 3212 4702 
4130 3332 967 3807 
4131 2384 3614 3825 
4132 1021 1020 1022 
4133 3389 2895 4277 
4134 4585 2804 4698 
4135 714 713 715 
4136 2077 1955 2078 
4137 2269 2270 2271 
4138 1026 1022 1028 
4139 1031 1028 1032 
4140 1736 1734 3501 
4141 1866 1471 3801 
4142 1702 2207 2208 
4143 3304 3031 4650 
4144 654 920 3382 
4145 482 481 483 
4146 2217 2218 2433 
4147 2572 2573 2574 
4148 1311 1310 1417 
4149 1513 1512 1514 
4150 3026 3019 4366 
4151 2842 3427 3428 
4152 3029 3528 4855 
4153 570 566 1359 
4154 725 723 3673 
4155 3442 2625 4518 
4156 1636 2303 3574 
4157 1560 1561 3893 
4158 623 622 624 
4159 2771 4238 4471 
4160 906 3266 3415 
4161 2410 2289 2411 
4162 2227 2954 2955 
4163 507 506 508 
4164 2874 2873 2875 
4165 3493 3707 4697 
4166 2561 3452 4498 
4167 2661 2325 3359 
4168 3797 3798 3799 
4169 3261 3061 4336 
4170 3167 2547 4565 
4171 685 691 4839 
4172 867 868 869 
4173 1920 1921 1922 
4174 453 452 454 
4175 788 786 4547 
4176 1355 1419 4192 
4177 3913 2665 4509 
4178 3229 2202 4701 
4179 2211 3077 3479 
4180 901 3414 4419 
4181 369 368 3361 
4182 3246 3247 3248 
4183 1733 1731 1734 
4184 416 415 417 
4185 2919 3139 4904 
4186 1930 1929 1931 
4187 538 2311 2466 
4188 1189 1234 4634 
4189 876 875 877 
4190 1343 1342 1344 
4191 2353 2354 2491 
4192 1657 1469 1658 
4193 1285 3694 4869 
4194 3532 2526 3969 
4195 3 338 364 
4196 1737 1736 1738 
4197 3098 3095 3853 
4198 971 392 3206 
4199 2588 2587 2589 
4200 1243 1168 4877 
4201 3228 4190 4229 
4202 2209 2078 2210 
4203 642 640 938 
4204 1345 1344 1377 
4205 435 436 437 
4206 550 548 552 
4207 2752 2490 2753 
4208 2426 3111 3858 
4209 1478 1475 3982 
4210 3140 828 4590 
4211 1140 1141 1142 
4212 437 436 3865 
4213 787 786 788 
4214 898 927 1682 
4215 3030 3773 3774 
4216 1895 3494 4399 
4217 1042 3321 4891 
4218 1401 3520 3809 
4219 1299 3233 4219 
4220 418 417 419 
4221 343 3652 4239 
4222 736 3909 4155 
4223 3069 2002 3155 
4224 1634 1635 3550 
4225 3186 3190 3191 
4226 339 3565 3566 
4227 3372 2966 4722 
4228 337 95 3569 
4229 716 715 717 
4230 2395 3363 4597 
4231 3901 1696 4270 
4232 703 704 706 
4233 2332 2334 3641 
4234 1932 1931 1936 
4235 336 9 3571 
4236 470 471 472 
4237 3259 2665 4550 
4238 2349 2351 2353 
4239 2465 2617 3477 
4240 326 60 3499 
4241 1390 991 3481 
4242 4345 3003 4467 
4243 1245 1246 1247 
4244 1688 1397 1697 
4245 758 1627 3212 
4246 2632 2438 4482 
4247 2162 556 2397 
4248 1694 3419 3420 
4249 2499 2261 3522 
4250 1659 1658 1660 
4251 2693 2930 4411 
4252 2772 2458 3056 
4253 420 419 421 
4254 2685 3505 3519 
4255 1963 1962 2673 
4256 1591 2198 3551 
4257 2631 2084 3487 
4258 2271 2272 2273 
4259 2574 2575 2576 
4260 852 611 853 
4261 3416 2969 4703 
4262 339 100 3564 
4263 2876 2875 2877 
4264 1544 1545 1546 
4265 3887 3018 4903 
4266 2901 1455 3946 
4267 433 434 435 
4268 2763 4793 4842 
4269 1301 572 3367 
4270 1277 1998 3773 
4271 948 1305 1306 
4272 2456 2457 3734 
4273 878 877 885 
4274 901 4185 4245 
4275 3572 352 4362 
4276 811 810 812 
4277 2366 2743 3744 
4278 1652 2362 3512 
4279 1786 2427 2672 
4280 1614 2186 3708 
4281 89 335 3578 
4282 3163 2990 4707 
4283 3695 2778 3696 
4284 693 695 3736 
4285 3227 1251 4051 
4286 2986 3818 4866 
4287 1456 987 3557 
4288 472 473 474 
4289 1359 566 3518 
4290 2494 2783 4508 
4291 1773 1677 1774 
4292 2545 2950 4395 
4293 455 454 456 
4294 335 90 3755 
4295 1134 1133 1135 
4296 551 2285 3838 
4297 879 663 906 
4298 556 386 3713 
4299 4322 882 4354 
4300 666 668 3680 
4301 2093 1456 3557 
4302 3285 1895 4399 
4303 3519 1706 4740 
4304 3493 960 3707 
4305 3576 3331 4048 
4306 3185 523 3502 
4307 1750 1957 1958 
4308 2240 3552 3553 
4309 3031 2677 4650 
4310 447 1439 3666 
4311 1169 3224 4785 
4312 2079 3449 3844 
4313 760 758 3212 
4314 2591 2589 2592 
4315 929 906 946 
4316 2846 3143 3720 
4317 1515 1514 1516 
4318 3160 1706 4543 
4319 439 440 441 
4320 355 2 364 
4321 1739 1738 1768 
4322 13 334 3758 
4323 2273 2274 2275 
4324 2598 2597 2842 
4325 962 2071 3735 
4326 499 500 501 
4327 718 717 719 
4328 2146 2464 4074 
4329 3579 3578 3854 
4330 2211 2210 2212 
4331 979 946 1369 
4332 671 847 1607 
4333 422 421 423 
4334 2863 2861 4196 
4335 1 355 3564 
4336 1431 1686 3573 
4337 4025 3407 4307 
4338 869 870 871 
4339 657 658 855 
4340 3365 2355 3545 
4341 3372 1300 3716 
4342 84 333 3590 
4343 495 3486 3922 
4344 1958 1959 2385 
4345 3017 3018 4131 
4346 2140 2139 2141 
4347 1812 2224 4769 
4348 17 3268 4868 
4349 2518 2519 3498 
4350 2839 2838 4031 
4351 2933 2935 2936 
4352 2520 2255 2521 
4353 768 767 769 
4354 530 531 532 
4355 2607 2606 4332 
4356 2459 2376 4079 
4357 1306 1307 1592 
4358 2562 3217 4816 
4359 4178 1262 4367 
4360 3193 3740 4651 
4361 1474 1446 3585 
4362 3176 3175 3700 
4363 1268 1355 1887 
4364 1649 1708 3546 
4365 1032 1035 4498 
4366 4665 1381 4704 
4367 2275 2277 2278 
4368 509 508 510 
4369 3133 4460 4568 
4370 534 538 3369 
4371 1890 2307 3800 
4372 441 442 443 
4373 1003 1018 3857 
4374 977 471 3386 
4375 1945 2388 3331 
4376 3278 1367 4128 
4377 2846 3720 4113 
4378 2088 3550 4774 
4379 1873 2468 3871 
4380 1656 1983 3655 
4381 1816 1813 4769 
4382 4138 1263 4556 
4383 404 405 406 
4384 2542 2541 3724 
4385 2569 2572 3725 
4386 1166 1243 3802 
4387 1229 1230 1231 
4388 2106 2237 3997 
4389 1686 1687 2098 
4390 2879 2877 2880 
4391 1922 1923 1924 
4392 96 351 3569 
4393 795 797 798 
4394 2576 2577 2578 
4395 3251 328 4521 
4396 899 644 1342 
4397 970 1267 1268 
4398 10 352 3571 
4399 886 885 889 
4400 3269 522 4754 
4401 2822 2823 2824 
4402 813 812 814 
4403 1142 1144 4791 
4404 966 3763 4391 
4405 1714 1667 1715 
4406 3714 2992 4194 
4407 2838 2260 3825 
4408 815 814 816 
4409 1764 1517 3302 
4410 2340 2339 2341 
4411 1722 993 4228 
4412 3032 3629 4251 
4413 1783 1590 1895 
4414 2098 2099 3500 
4415 1938 1934 1962 
4416 933 3312 3547 
4417 629 628 630 
4418 2116 2502 3322 
4419 3541 2456 3734 
4420 1339 1340 1341 
4421 1782 3438 4013 
4422 1982 3645 4718 
4423 871 887 888 
4424 953 967 968 
4425 2298 3436 3437 
4426 2338 2336 2339 
4427 3390 3982 4439 
4428 720 719 721 
4429 1769 1768 1770 
4430 501 502 503 
4431 3243 3244 4747 
4432 1911 1872 1912 
4433 819 818 820 
4434 1533 1532 1534 
4435 647 646 648 
4436 443 444 445 
4437 3008 1941 3011 
4438 881 1703 3869 
4439 1699 2729 3022 
4440 1431 1655 1686 
4441 2213 2212 2214 
4442 817 816 818 
4443 353 88 3578 
4444 2693 2691 2694 
4445 1781 1452 1782 
4446 1308 947 3575 
4447 1856 2106 3525 
4448 631 630 632 
4449 617 618 619 
4450 3682 1219 4589 
4451 2845 2846 4113 
4452 3364 3365 3544 
4453 1646 2360 3453 
4454 474 475 476 
4455 2113 2290 2291 
4456 3670 2861 4199 
4457 92 350 3756 
4458 61 361 3499 
4459 2713 3143 4222 
4460 2364 1325 3736 
4461 79 331 3787 
4462 3329 3327 3330 
4463 3475 2889 3476 
4464 2664 3324 3602 
4465 2261 1912 2262 
4466 822 820 823 
4467 3846 3788 4581 
4468 331 80 3790 
4469 2103 2712 2713 
4470 2925 2615 3405 
4471 3356 1722 4228 
4472 352 11 3759 
4473 2451 2992 4706 
4474 2660 2662 2663 
4475 613 616 617 
4476 484 483 485 
4477 855 856 909 
4478 1536 1534 1537 
4479 3816 2540 4797 
4480 3557 987 3848 
4481 2885 2884 2886 
4482 1341 1695 1696 
4483 1629 1863 1987 
4484 2108 1474 3585 
4485 1892 1588 2417 
4486 2881 2880 2882 
4487 888 907 908 
4488 627 625 628 
4489 2285 2286 3355 
4490 1983 2821 2822 
4491 3400 3398 4326 
4492 511 510 512 
4493 2546 1971 3916 
4494 4162 2428 4880 
4495 3382 3341 4470 
4496 53 329 3634 
4497 562 3478 3650 
4498 2487 3279 4427 
4499 3586 3585 4451 
4500 738 737 739 
4501 649 648 650 
4502 2519 4705 4808 
4503 330 25 3795 
4504 2157 3146 4513 
4505 1517 1518 3302 
4506 46 327 3640 
4507 38 324 3639 
4508 3400 3664 3770 
4509 424 423 425 
4510 3131 3121 3292 
4511 503 504 505 
4512 1652 2074 2362 
4513 910 1652 3512 
4514 1608 3087 4737 
4515 2578 2579 2580 
4516 633 632 634 
4517 2418 2417 3147 
4518 1706 3160 4740 
4519 1747 1746 1748 
4520 356 83 3590 
4521 2278 2279 2281 
4522 3336 1339 4172 
4523 2834 1866 3801 
4524 3627 7 3699 
4525 3529 322 3530 
4526 67 325 3638 
4527 706 707 708 
4528 3317 3316 4437 
4529 2974 2049 4743 
4530 1278 1273 3906 
4531 1101 1102 1103 
4532 1745 1744 1746 
4533 3347 1128 3937 
4534 325 68 3797 
4535 1233 1187 3872 
4536 2346 2345 2347 
4537 3500 2498 4661 
4538 1107 1106 1108 
4539 2344 2343 2345 
4540 2658 2144 3205 
4541 1611 1728 1729 
4542 377 376 3860 
4543 779 780 781 
4544 3115 3116 4236 
4545 378 379 3535 
4546 406 407 408 
4547 196 3416 4280 
4548 798 799 800 
4549 551 1875 2285 
4550 2829 2551 2830 
4551 1661 1660 1662 
4552 1974 2497 3229 
4553 2652 3055 4826 
4554 2550 2548 4748 
4555 1729 1730 1731 
4556 2324 2325 2659 
4557 3261 1260 4384 
4558 445 446 447 
4559 2597 2596 3622 
4560 2226 1749 3456 
4561 3349 2472 4641 
4562 1726 2437 3925 
4563 1696 1979 2172 
4564 3586 4451 4840 
4565 3781 1235 4779 
4566 890 889 891 
4567 339 3564 3565 
4568 1924 1925 1926 
4569 2717 3836 4424 
4570 4319 2610 4573 
4571 960 654 3382 
4572 734 733 735 
4573 1327 1325 2364 
4574 1993 2153 3505 
4575 3132 3128 3390 
4576 698 697 699 
4577 3284 2133 4302 
4578 3507 1308 3575 
4579 2907 2905 3531 
4580 82 356 3791 
4581 3715 2828 4489 
4582 619 620 621 
4583 3481 2535 4317 
4584 457 456 458 
4585 1265 3095 3097 
4586 1609 2501 2540 
4587 1973 1717 4410 
4588 1348 1350 2240 
4589 722 721 723 
4590 2267 2266 2268 
4591 3697 1384 4449 
4592 1749 1748 1750 
4593 753 754 755 
4594 3628 2862 3629 
4595 1707 1577 1717 
4596 1977 1984 1985 
4597 2084 2609 3487 
4598 3191 3192 3280 
4599 2186 3043 3708 
4600 513 512 514 
4601 1347 1345 3626 
4602 2360 3245 4126 
4603 2811 3286 4614 
4604 2580 2581 2582 
4605 1790 1792 2505 
4606 1749 1750 3456 
4607 2193 1771 2943 
4608 2265 2264 2266 
4609 1716 1715 1777 
4610 1336 2190 3558 
4611 1361 1329 1362 
4612 692 690 693 
4613 426 425 427 
4614 881 917 1703 
4615 1361 1585 3870 
4616 3703 3151 4636 
4617 2984 1990 4002 
4618 3213 3052 4825 
4619 3548 2590 3918 
4620 558 560 1759 
4621 616 603 4097 
4622 3650 3368 4418 
4623 1626 1625 1630 
4624 1136 1135 1137 
4625 2348 2347 2349 
4626 2215 2214 2216 
4627 4498 1035 4611 
4628 2730 3526 4098 
4629 3110 528 4471 
4630 2655 2411 4249 
4631 686 687 689 
4632 800 801 803 
4633 370 371 3576 
4634 3271 2409 3902 
4635 2088 1634 3550 
4636 1517 1516 1518 
4637 2525 1899 2543 
4638 2353 2351 2354 
4639 1185 4112 4792 
4640 724 723 725 
4641 1733 1734 1735 
4642 736 3417 3909 
4643 3418 2839 3422 
4644 3050 3052 3053 
4645 3252 348 4387 
4646 1183 1180 1186 
4647 1754 1717 1972 
4648 4158 2061 4582 
4649 726 725 727 
4650 651 650 652 
4651 892 891 893 
4652 2738 2425 2739 
4653 1087 1071 4831 
4654 408 409 410 
4655 3560 2704 4742 
4656 476 477 478 
4657 2813 4526 4663 
4658 1675 1672 3430 
4659 2906 2905 2907 
4660 386 384 3713 
4661 935 934 1264 
4662 505 506 507 
4663 550 552 553 
4664 1336 1524 1992 
4665 2244 1974 3229 
4666 2789 2508 2790 
4667 1915 3004 4705 
4668 1576 1347 1577 
4669 1388 3695 3745 
4670 1259 1120 3924 
4671 3053 3213 4063 
4672 390 389 391 
4673 4097 3840 4885 
4674 854 875 876 
4675 2153 2408 2409 
4676 728 727 729 
4677 358 41 3523 
4678 1735 1736 1737 
4679 1515 1763 3603 
4680 97 98 3568 
4681 852 853 854 
4682 1604 2008 2465 
4683 428 427 429 
4684 3228 492 4190 
4685 553 554 555 
4686 1546 1645 1646 
4687 2441 1851 3930 
4688 1569 1285 4869 
4689 894 893 895 
4690 1484 4089 4624 
4691 3454 3159 4719 
4692 1995 2720 2835 
4693 359 52 3634 
4694 2177 2178 2179 
4695 1596 1594 3679 
4696 485 535 4433 
4697 860 859 861 
4698 781 782 783 
4699 1995 2835 3832 
4700 2609 3472 4771 
4701 3099 3102 4069 
4702 3107 2105 3719 
4703 407 405 3648 
4704 1904 2246 2247 
4705 902 895 903 
4706 924 903 925 
4707 2962 2489 4303 
4708 4016 3139 4590 
4709 3788 3846 4810 
4710 908 931 932 
4711 1408 1644 1888 
4712 60 61 3499 
4713 2269 2268 2270 
4714 708 709 710 
4715 955 1335 1336 
4716 572 598 3367 
4717 447 448 449 
4718 1595 1594 1596 
4719 348 77 3788 
4720 2491 2354 2492 
4721 2862 1980 2864 
4722 788 4547 4781 
4723 1114 1353 3323 
4724 803 804 805 
4725 2603 2379 2604 
4726 1795 1798 1799 
4727 2332 2333 2334 
4728 980 4118 4586 
4729 1987 1988 2138 
4730 515 514 516 
4731 1465 3371 3661 
4732 2851 1986 4102 
4733 2406 1712 2488 
4734 362 45 3640 
4735 363 37 3639 
4736 1663 1662 2003 
4737 621 622 623 
4738 555 604 605 
4739 3113 3984 4882 
4740 1320 1321 1322 
4741 746 745 747 
4742 3169 3168 3170 
4743 1993 2073 2153 
4744 2787 3142 4111 
4745 1147 1149 1150 
4746 1852 1854 3374 
4747 3244 2916 4516 
4748 4214 2993 4671 
4749 360 66 3638 
4750 2582 2583 2584 
4751 2208 2207 2396 
4752 2247 2248 2249 
4753 2996 2704 3560 
4754 2846 1864 2849 
4755 2440 2484 4187 
4756 1859 1860 1861 
4757 4539 1243 4877 
4758 2498 3500 4738 
4759 3245 1665 4436 
4760 1322 1482 1483 
4761 42 342 3523 
4762 70 345 3798 
4763 1756 1757 1758 
4764 1162 1160 1165 
4765 2572 2599 3725 
4766 1672 1673 1674 
4767 605 636 638 
4768 1457 1459 2367 
4769 532 533 534 
4770 2308 2097 2309 
4771 2543 1899 3785 
4772 357 33 3653 
4773 653 634 654 
4774 862 861 863 
4775 2465 2616 2617 
4776 1374 1289 1383 
4777 1109 1108 1110 
4778 876 877 878 
4779 2250 2253 3503 
4780 4793 2013 4842 
4781 2312 1592 2314 
4782 341 3267 4142 
4783 3119 2974 4215 
4784 691 683 3928 
4785 742 741 743 
4786 478 479 480 
4787 1395 2331 2332 
4788 535 3091 4433 
4789 1837 1838 1839 
4790 3046 2114 3047 
4791 366 338 3440 
4792 1317 1319 1320 
4793 332 4024 4285 
4794 4534 1822 4872 
4795 3335 2123 4456 
4796 3748 972 4080 
4797 2672 2427 3113 
4798 2217 2216 2218 
4799 1591 1618 1753 
4800 3727 1394 4396 
4801 410 411 412 
4802 1622 1596 1623 
4803 628 625 3574 
4804 930 3407 4847 
4805 805 806 807 
4806 755 756 757 
4807 1472 1269 3703 
4808 2543 3785 3902 
4809 1166 1165 1167 
4810 3547 3312 3548 
4811 3845 3045 4308 
4812 864 863 866 
4813 1281 2371 3955 
4814 3587 3586 3588 
4815 449 450 451 
4816 1613 1417 3409 
4817 1204 1200 1205 
4818 667 665 1601 
4819 1555 1554 1556 
4820 1829 1830 1831 
4821 365 367 4375 
4822 2468 2471 3871 
4823 2433 2218 2636 
4824 1538 1537 1539 
4825 1370 4033 4301 
4826 2407 556 3713 
4827 1605 1575 1606 
4828 1737 1738 1739 
4829 1551 1767 1955 
4830 2694 4243 4244 
4831 1560 1383 1561 
4832 749 747 750 
4833 1958 1957 1959 
4834 878 885 886 
4835 1306 1305 1307 
4836 757 758 760 
4837 1530 1521 1602 
4838 2799 2800 4857 
4839 4058 2934 4540 
4840 3593 3425 3890 
4841 2590 3314 4175 
4842 1586 1898 3537 
4843 2433 2636 3520 
4844 1724 1602 1725 
4845 368 366 3504 
4846 2357 2358 3343 
4847 59 326 4279 
4848 2533 2421 4017 
4849 762 763 764 
4850 2334 2335 2336 
4851 2383 3241 3681 
4852 1548 1288 3737 
4853 1753 1946 1947 
4854 623 624 625 
4855 1574 1916 3665 
4856 655 659 2504 
4857 451 452 453 
4858 1414 1412 1706 
4859 2424 1719 2425 
4860 1284 944 1289 
4861 2010 1725 2011 
4862 2624 2221 2625 
4863 990 964 991 
4864 2383 2980 3241 
4865 2584 2585 2586 
4866 952 925 953 
4867 2596 3295 3753 
4868 3232 2661 3359 
4869 1389 991 1390 
4870 3248 3247 3577 
4871 361 62 3701 
4872 65 360 3702 
4873 2098 1687 2099 
4874 3578 335 3854 
4875 913 849 934 
4876 2307 2233 2509 
4877 867 866 868 
4878 1827 1828 1829 
4879 2132 3489 4441 
4880 2108 3585 3586 
4881 807 808 809 
4882 2220 2011 2221 
4883 884 843 973 
4884 789 788 790 
4885 3958 1848 4274 
4886 2138 2139 2140 
4887 4605 3454 4719 
4888 1686 1655 1687 
4889 1653 1442 3610 
4890 3362 1523 3940 
4891 2513 1642 4300 
4892 1636 1638 2303 
4893 932 957 958 
4894 2122 1972 2605 
4895 598 609 3780 
4896 1528 1390 1529 
4897 339 3566 3567 
4898 1093 1094 1095 
4899 2385 1959 2386 
4900 963 961 964 
4901 2271 2270 2272 
4902 2502 1964 4144 
4903 2154 2231 2811 
4904 2836 2987 3781 
4905 4275 2765 4401 
4906 2498 1887 2902 
4907 1835 1834 4689 
4908 1078 1079 1080 
4909 2522 3789 4520 
4910 2334 2338 3641 
4911 480 481 482 
4912 2448 1994 2449 
4913 3176 3700 4463 
4914 1598 1969 2357 
4915 2520 2521 3549 
4916 899 1342 1343 
4917 412 413 414 
4918 564 567 568 
4919 568 571 572 
4920 3292 4259 4382 
4921 1168 1167 1170 
4922 1343 1344 1345 
4923 343 3651 3652 
4924 1888 1974 2244 
4925 1173 3605 4416 
4926 2425 1719 3470 
4927 2719 2684 4295 
4928 969 968 970 
4929 1817 1818 1819 
4930 2960 3744 4580 
4931 1741 1456 2093 
4932 1018 1651 3857 
4933 710 711 712 
4934 2770 2396 2771 
4935 992 1526 1551 
4936 1172 1170 1173 
4937 3396 1067 4289 
4938 3352 2449 3353 
4939 657 652 658 
4940 2260 2384 3825 
4941 349 6 3627 
4942 1585 1362 1586 
4943 1839 1840 1841 
4944 3894 3235 3947 
4945 1739 1768 1769 
4946 4106 3469 4548 
4947 1413 1415 1416 
4948 2155 1775 3461 
4949 1849 1432 2865 
4950 770 769 771 
4951 2723 4558 4629 
4952 880 654 960 
4953 1352 1485 1591 
4954 63 340 3701 
4955 340 64 3702 
4956 1674 1676 1677 
4957 2196 2549 2628 
4958 3993 2770 4820 
4959 414 415 416 
4960 1913 1697 3376 
4961 1395 2332 3810 
4962 3289 972 3748 
4963 2096 2094 2097 
4964 764 765 766 
4965 1774 1871 1872 
4966 724 726 3992 
4967 1646 1780 2360 
4968 1417 1550 1617 
4969 362 3640 4432 
4970 1232 2746 4584 
4971 1698 1529 1699 
4972 2865 1432 3952 
4973 1869 1548 2837 
4974 1461 1464 1465 
4975 2006 2641 2642 
4976 2757 2410 3815 
4977 3343 2358 3660 
4978 1547 1288 1548 
4979 2630 487 4433 
4980 3420 3419 3421 
4981 1831 1832 1833 
4982 2071 2072 2646 
4983 4290 2544 4672 
4984 3235 3998 4728 
4985 3444 2505 4469 
4986 962 1287 2071 
4987 2586 2587 2588 
4988 3027 2416 3651 
4989 1427 1425 1521 
4990 1440 1700 3694 
4991 1900 3243 4747 
4992 330 3795 3837 
4993 2760 2761 4751 
4994 3660 4103 4338 
4995 2362 2074 2535 
4996 2537 1990 2984 
4997 2592 2597 2598 
4998 1187 1186 1188 
4999 3361 368 4478 
5000 1540 1539 1541 
5001 1947 2390 2391 
5002 1803 1804 1805 
5003 869 868 870 
5004 1001 998 3455 
5005 3021 3590 4852 
5006 1936 2235 2239 
5007 958 988 989 
5008 1983 2822 3655 
5009 2857 1217 4818 
5010 416 417 418 
5011 3423 2839 4031 
5012 2750 1857 2751 
5013 2384 2100 2926 
5014 1369 1452 1781 
5015 2273 2272 2274 
5016 3151 3152 4636 
5017 886 889 890 
5018 1339 951 1340 
5019 2152 1689 2643 
5020 3492 2713 4222 
5021 3076 981 4453 
5022 2985 2546 3916 
5023 1640 1667 1714 
5024 2107 1278 3906 
5025 1833 1834 1835 
5026 3760 2785 4567 
5027 383 1620 2084 
5028 1801 1802 1803 
5029 1142 1143 1144 
5030 3057 4331 4662 
5031 3855 3755 4136 
5032 1907 1797 2015 
5033 2317 1354 3907 
5034 2068 2826 2827 
5035 418 419 420 
5036 2341 2342 2343 
5037 629 630 631 
5038 1751 3389 4277 
5039 1704 1634 2088 
5040 1926 1927 1928 
5041 453 454 455 
5042 2955 2954 3559 
5043 989 1309 1310 
5044 766 767 768 
5045 1805 1806 1807 
5046 482 483 484 
5047 1819 1820 1821 
5048 3290 1042 4891 
5049 572 597 598 
5050 1815 1816 1817 
5051 1769 1770 1771 
5052 3334 1249 4896 
5053 507 508 509 
5054 1585 2006 3870 
5055 2397 2407 2536 
5056 1073 1075 1076 
5057 2588 2589 2591 
5058 2721 1996 2722 
5059 579 577 1679 
5060 1089 1090 1091 
5061 1799 1800 1801 
5062 3174 1935 4825 
5063 583 581 589 
5064 3651 2416 3811 
5065 2609 3391 4766 
5066 1559 993 1722 
5067 2084 2109 2609 
5068 420 421 422 
5069 2116 1964 2502 
5070 627 628 629 
5071 2705 2704 2996 
5072 2275 2274 2277 
5073 765 763 4294 
5074 1174 1173 1175 
5075 2699 4364 4385 
5076 4282 3747 4349 
5077 1311 1614 3708 
5078 486 485 487 
5079 3188 3185 3502 
5080 382 385 1357 
5081 372 369 3361 
5082 2893 3389 3480 
5083 1690 2243 2650 
5084 1189 1188 1190 
5085 1892 2417 2418 
5086 2685 1992 3505 
5087 1978 4153 4435 
5088 723 751 3673 
5089 2081 3566 4730 
5090 1095 1115 1116 
5091 4067 691 4897 
5092 667 1601 4091 
5093 1542 1541 1543 
5094 1617 1727 1945 
5095 2598 3683 4205 
5096 8 336 3699 
5097 34 341 3653 
5098 2230 1881 2833 
5099 783 784 785 
5100 2652 1986 2851 
5101 4237 2707 4481 
5102 2471 2470 2538 
5103 1191 1190 1192 
5104 3357 2286 3733 
5105 1416 1420 1421 
5106 1083 1084 1085 
5107 517 516 518 
5108 590 589 591 
5109 631 632 633 
5110 1066 4379 4669 
5111 1908 3819 4866 
5112 1960 1966 3744 
5113 2278 2277 2279 
5114 509 510 511 
5115 712 713 714 
5116 2193 2943 2992 
5117 638 636 3538 
5118 3215 1779 4414 
5119 1247 1248 1249 
5120 2818 1206 4821 
5121 2140 2141 2144 
5122 2143 2923 2924 
5123 592 591 593 
5124 3218 2226 3685 
5125 2280 3855 4136 
5126 1131 1272 3773 
5127 4609 3213 4825 
5128 2958 3529 3530 
5129 430 429 431 
5130 2360 2361 3245 
5131 4240 4041 4459 
5132 41 42 3523 
5133 1518 1702 3830 
5134 576 578 1684 
5135 440 437 3865 
5136 1841 1842 1843 
5137 1421 1743 1744 
5138 890 891 892 
5139 3073 2945 4669 
5140 3781 2987 4472 
5141 2071 2647 3735 
5142 1341 1340 1695 
5143 459 458 460 
5144 2089 2088 2718 
5145 2418 3147 3148 
5146 633 634 653 
5147 2605 1972 3591 
5148 1504 1505 1506 
5149 1561 1383 3734 
5150 2250 2252 2253 
5151 2622 3270 3281 
5152 1945 1954 2388 
5153 1577 1347 3626 
5154 2075 1653 2399 
5155 1057 1058 1059 
5156 3095 3096 3853 
5157 2238 1997 2626 
5158 1821 1822 1823 
5159 1429 3588 4630 
5160 2297 1314 3749 
5161 2953 4589 4612 
5162 2541 3336 4250 
5163 1476 1474 2108 
5164 2285 1875 2286 
5165 1825 1824 3492 
5166 3010 3015 4402 
5167 1070 1069 1071 
5168 2306 2305 2867 
5169 1331 954 1332 
5170 1594 1772 3679 
5171 1323 1318 1324 
5172 3799 4392 4576 
5173 598 608 609 
5174 580 582 584 
5175 2417 3507 4287 
5176 785 786 787 
5177 559 520 1401 
5178 3049 3054 3883 
5179 1592 1307 3573 
5180 2525 2543 2852 
5181 751 721 3964 
5182 335 3755 3855 
5183 2069 2526 2792 
5184 871 870 887 
5185 516 514 4804 
5186 888 887 907 
5187 2399 1653 3610 
5188 1823 1824 1825 
5189 1465 1466 1467 
5190 2020 2019 2021 
5191 924 925 952 
5192 387 389 390 
5193 511 512 513 
5194 855 658 856 
5195 892 893 894 
5196 902 903 924 
5197 1857 1560 3893 
5198 2349 2350 2351 
5199 2 3 364 
5200 1346 1418 2111 
5201 1610 1324 1611 
5202 826 829 2961 
5203 894 895 902 
5204 3211 1014 4524 
5205 438 437 439 
5206 1206 1205 1207 
5207 1024 1030 3676 
5208 3203 3204 3888 
5209 2090 3350 4693 
5210 1316 1314 2297 
5211 1176 1175 1179 
5212 609 645 646 
5213 1884 2528 2529 
5214 2835 2720 3239 
5215 1807 1808 1809 
5216 594 593 595 
5217 643 897 898 
5218 909 856 910 
5219 455 456 457 
5220 1544 1543 1545 
5221 2899 3458 4394 
5222 927 947 948 
5223 100 1 3564 
5224 3230 1066 4669 
5225 2312 2314 3642 
5226 3928 681 4764 
5227 1336 1335 1524 
5228 1657 1658 1659 
5229 2334 2333 2335 
5230 1750 1956 1957 
5231 2262 2263 2264 
5232 584 585 586 
5233 898 926 927 
5234 948 1304 1305 
5235 1938 1962 1963 
5236 95 96 3569 
5237 1566 1789 2154 
5238 2409 2408 3089 
5239 1357 3462 4752 
5240 9 10 3571 
5241 2281 2279 2601 
5242 2388 2483 2653 
5243 2153 2073 2408 
5244 2085 1259 3924 
5245 2484 2485 4108 
5246 374 3327 3329 
5247 1597 491 3723 
5248 2332 2331 2333 
5249 925 903 3636 
5250 3107 3719 4121 
5251 1992 1524 1993 
5252 1732 1731 1733 
5253 2712 2710 4527 
5254 2018 2017 2019 
5255 1714 1715 1716 
5256 1193 1192 1195 
5257 1696 1695 1979 
5258 2598 2842 3524 
5259 2304 1856 2305 
5260 1467 1511 1512 
5261 2022 2021 2023 
5262 1431 1654 1655 
5263 1208 1207 1209 
5264 929 946 979 
5265 1664 1668 2124 
5266 3166 3461 3462 
5267 2729 1529 4317 
5268 3300 3299 3948 
5269 422 423 424 
5270 2202 1764 4701 
5271 547 543 548 
5272 1411 3450 3864 
5273 2158 1654 2159 
5274 1587 1884 3633 
5275 549 548 550 
5276 586 587 588 
5277 88 89 3578 
5278 2727 4240 4311 
5279 1672 1483 1673 
5280 3124 3126 3127 
5281 714 715 716 
5282 602 595 603 
5283 1312 1581 3800 
5284 1576 1577 1707 
5285 999 1003 3857 
5286 1497 1499 1500 
5287 2032 2031 2033 
5288 3183 2441 3930 
5289 1765 2748 2749 
5290 542 537 543 
5291 2080 1354 2317 
5292 1719 1630 3470 
5293 513 514 515 
5294 3924 2959 4620 
5295 3468 2540 3816 
5296 2983 3646 4330 
5297 879 906 929 
5298 565 563 566 
5299 953 968 969 
5300 3620 3512 3934 
5301 90 91 3755 
5302 198 197 314 
5303 212 211 305 
5304 187 186 319 
5305 223 222 310 
5306 1048 1053 1054 
5307 234 233 306 
5308 176 175 315 
5309 2938 2935 4058 
5310 1778 3660 4338 
5311 1811 1812 1813 
5312 244 243 313 
5313 166 165 322 
5314 1843 1844 1845 
5315 524 518 525 
5316 104 254 307 
5317 155 102 316 
5318 1759 560 3650 
5319 529 525 530 
5320 2698 2699 4385 
5321 3610 1442 3935 
5322 3224 3896 4272 
5323 1751 1681 1752 
5324 846 905 918 
5325 625 624 3574 
5326 1520 3677 4561 
5327 1699 3022 3194 
5328 3373 1852 3374 
5329 83 84 3590 
5330 4115 4180 4458 
5331 1138 1137 1139 
5332 612 603 613 
5333 3635 357 3653 
5334 661 663 879 
5335 3782 2827 3783 
5336 3785 1436 3902 
5337 969 1288 1360 
5338 366 3440 3504 
5339 1809 1810 1811 
5340 2336 2335 2383 
5341 1707 1717 1754 
5342 276 275 308 
5343 134 133 317 
5344 12 13 3758 
5345 3410 1252 4637 
5346 2030 2029 2031 
5347 1268 1887 2498 
5348 1487 1488 1489 
5349 2381 2083 2623 
5350 91 92 3756 
5351 1697 1905 1981 
5352 2437 2764 2765 
5353 990 991 1389 
5354 1198 1197 1199 
5355 1061 1062 1063 
5356 1282 1479 4329 
5357 2099 2100 2260 
5358 1876 1375 2376 
5359 600 570 601 
5360 2341 2339 2342 
5361 145 144 320 
5362 265 264 311 
5363 287 286 312 
5364 123 122 321 
5365 1455 1740 3946 
5366 3458 299 4394 
5367 1196 1195 1197 
5368 1307 1431 3573 
5369 3068 4065 4125 
5370 11 12 3759 
5371 3311 2757 4768 
5372 2289 1675 3430 
5373 1389 1390 1528 
5374 2939 2350 3267 
5375 2016 2015 2017 
5376 2047 2046 2048 
5377 2568 2569 3725 
5378 639 638 640 
5379 639 641 2283 
5380 1963 2673 2674 
5381 969 970 1288 
5382 112 111 318 
5383 298 297 309 
5384 1086 1071 1087 
5385 1360 1547 1694 
5386 1546 1545 1645 
5387 610 601 611 
5388 2239 2615 2925 
5389 3139 4016 4904 
5390 2045 2044 2046 
5391 87 353 4114 
5392 1547 1548 1869 
5393 963 964 990 
5394 1322 1321 1482 
5395 515 516 517 
5396 2318 2317 2319 
5397 1641 3259 4550 
5398 3319 2487 4427 
5399 851 611 852 
5400 2449 1994 3738 
5401 1307 1430 1431 
5402 2345 2343 2352 
5403 569 566 570 
5404 2374 2159 2963 
5405 2386 2387 2482 
5406 424 425 426 
5407 1320 1319 1321 
5408 960 3382 3707 
5409 2700 2005 2997 
5410 716 717 718 
5411 3036 977 3386 
5412 1155 3781 4472 
5413 4336 3061 4657 
5414 1211 1209 1212 
5415 3321 1042 4615 
5416 536 534 537 
5417 1928 1929 1930 
5418 78 79 3787 
5419 2034 2033 2035 
5420 3085 4079 4296 
5421 1722 3355 4908 
5422 2294 1956 2432 
5423 484 485 486 
5424 3787 331 3789 
5425 1489 1490 1491 
5426 1930 1931 1932 
5427 2043 2042 2044 
5428 2853 4354 4782 
5429 3541 1289 3805 
5430 2492 2354 3088 
5431 3585 1446 4037 
5432 908 907 931 
5433 880 960 961 
5434 2944 2570 3804 
5435 1992 1993 3505 
5436 1036 1037 1038 
5437 80 81 3790 
5438 1491 1492 1493 
5439 3461 1776 3970 
5440 2024 2023 2025 
5441 1981 2456 2458 
5442 1528 1529 1698 
5443 2078 1955 3510 
5444 2323 2321 2324 
5445 2320 2319 2321 
5446 52 53 3634 
5447 2822 2821 2823 
5448 1570 2442 4184 
5449 588 606 607 
5450 547 549 551 
5451 2181 2315 2398 
5452 3338 2299 4068 
5453 81 82 3791 
5454 1865 1642 2513 
5455 2448 2449 3352 
5456 1528 1698 1995 
5457 2179 2180 2181 
5458 45 46 3640 
5459 37 38 3639 
5460 2099 1687 2100 
5461 25 26 3795 
5462 3422 2839 3423 
5463 2276 2734 2810 
5464 2028 2027 2029 
5465 1179 1852 3373 
5466 918 919 1397 
5467 671 669 847 
5468 2049 2048 2050 
5469 2663 4071 4341 
5470 66 67 3638 
5471 2383 2335 2416 
5472 1217 1216 1220 
5473 1304 947 1308 
5474 391 393 546 
5475 2200 1607 3468 
5476 2640 2735 4448 
5477 1746 1744 2087 
5478 498 520 558 
5479 1995 1996 2720 
5480 1629 1987 3866 
5481 2026 2025 2027 
5482 68 69 3797 
5483 1884 1588 1892 
5484 2127 2126 4892 
5485 1587 1308 1588 
5486 1968 1597 1970 
5487 1040 1043 1044 
5488 2940 2095 4562 
5489 488 487 489 
5490 3634 329 4008 
5491 653 654 880 
5492 2384 2926 3262 
5493 3755 91 3756 
5494 376 373 4487 
5495 1215 1214 1216 
5496 1716 1777 1778 
5497 2349 2347 2350 
5498 1387 3436 4640 
5499 1774 1677 1871 
5500 2462 3196 4765 
5501 2041 2039 2042 
5502 77 78 3788 
5503 752 750 753 
5504 1221 1220 1222 
5505 1726 2436 2437 
5506 1743 1420 1899 
5507 648 646 896 
5508 3492 4222 4888 
5509 572 571 597 
5510 2203 2667 2668 
5511 626 874 1786 
5512 426 427 428 
5513 2036 2035 2037 
5514 2372 2381 2832 
5515 2643 1689 3793 
5516 2069 1899 2525 
5517 924 952 1395 
5518 1328 1330 1348 
5519 3140 3141 3983 
5520 3427 494 3957 
5521 2303 1638 3911 
5522 2691 2689 4243 
5523 2386 1959 2387 
5524 1150 1151 1152 
5525 432 431 433 
5526 568 567 571 
5527 943 975 1400 
5528 1750 1748 1956 
5529 1213 1212 1214 
5530 1032 1033 1034 
5531 595 593 3840 
5532 470 472 3849 
5533 1674 1673 1676 
5534 3804 3164 4874 
5535 428 429 430 
5536 69 70 3798 
5537 457 458 459 
5538 1360 1288 1547 
5539 1732 2083 2372 
5540 894 902 937 
5541 461 460 462 
5542 2333 2331 2337 
5543 12 3758 3759 
5544 1786 2426 2427 
5545 2038 2037 2039 
5546 3477 4367 4859 
5547 826 2961 4078 
5548 1845 1878 1879 
5549 735 737 738 
5550 2729 4317 4440 
5551 2314 1592 3573 
5552 2936 3257 4777 
5553 334 14 4254 
5554 550 553 557 
5555 1655 1654 2158 
5556 1652 1653 2074 
5557 2721 2722 3395 
5558 607 614 615 
5559 1955 1767 2259 
5560 2071 1287 2072 
5561 1884 2529 3633 
5562 718 719 720 
5563 2457 3471 4685 
5564 990 1389 1572 
5565 400 2982 4677 
5566 2175 2614 3273 
5567 3521 3103 4119 
5568 498 493 499 
5569 1447 1475 1478 
5570 1551 1526 1767 
5571 2276 2263 2530 
5572 831 842 1877 
5573 910 1442 1652 
5574 641 640 642 
5575 135 134 3669 
5576 1416 1415 1420 
5577 1223 1222 1224 
5578 617 619 635 
5579 2236 3358 4836 
5580 695 697 698 
5581 995 1260 4336 
5582 492 489 493 
5583 740 4155 4912 
5584 2262 1912 2263 
5585 266 265 3613 
5586 854 876 900 
5587 2980 2416 3027 
5588 2426 874 3111 
5589 2383 2416 2980 
5590 383 380 1620 
5591 3948 3299 4860 
5592 909 910 3620 
5593 2532 2701 2702 
5594 3572 4362 4890 
5595 2626 1997 3537 
5596 2671 2717 4424 
5597 2384 3262 3614 
5598 615 858 859 
5599 1754 1972 2122 
5600 536 542 2104 
5601 220 219 1005 
5602 2068 1771 2193 
5603 226 225 1002 
5604 2343 2342 3584 
5605 1341 3901 4172 
5606 3723 491 3849 
5607 1361 1362 1585 
5608 2212 2210 2472 
5609 982 941 983 
5610 1729 1731 1732 
5611 2051 2050 2052 
5612 1431 1430 1654 
5613 1429 1616 3589 
5614 247 246 1014 
5615 235 234 3599 
5616 225 224 3644 
5617 472 1433 3849 
5618 1471 1470 3801 
5619 6 7 3627 
5620 932 931 957 
5621 233 232 3598 
5622 224 223 3597 
5623 499 501 3856 
5624 3089 2408 3370 
5625 1579 1873 3871 
5626 692 693 1325 
5627 64 65 3702 
5628 62 63 3701 
5629 886 890 914 
5630 1957 1956 2294 
5631 3614 344 3825 
5632 1341 1696 3901 
5633 610 851 881 
5634 1234 2780 3994 
5635 465 462 466 
5636 2152 2643 2644 
5637 236 235 3647 
5638 2091 1762 2156 
5639 1651 3459 4614 
5640 1395 2330 2331 
5641 1769 1771 2068 
5642 940 904 941 
5643 3334 2402 4819 
5644 626 625 627 
5645 2351 2350 2939 
5646 1735 1737 1885 
5647 232 231 3649 
5648 880 961 962 
5649 1225 1224 1226 
5650 1395 952 2330 
5651 883 921 922 
5652 1698 1699 3769 
5653 3032 2981 4805 
5654 1872 1871 2086 
5655 254 253 3601 
5656 1876 2459 3146 
5657 598 597 608 
5658 3101 4240 4459 
5659 1421 1420 1743 
5660 2452 2119 4746 
5661 547 548 549 
5662 237 236 1363 
5663 1995 1698 1996 
5664 288 287 3615 
5665 2144 2141 3632 
5666 268 267 1042 
5667 246 245 3646 
5668 241 240 1364 
5669 2260 2100 2384 
5670 231 230 1366 
5671 469 491 1396 
5672 253 252 3654 
5673 542 543 547 
5674 2942 2676 3563 
5675 3600 2806 4546 
5676 1273 1271 3906 
5677 4020 540 4889 
5678 3087 2949 4737 
5679 469 466 470 
5680 1417 1310 1550 
5681 3518 561 3809 
5682 1346 1345 1347 
5683 2529 2528 3000 
5684 1067 3396 4290 
5685 3566 2081 4342 
5686 2792 2526 3532 
5687 2158 2159 2374 
5688 252 251 1367 
5689 3354 324 4862 
5690 927 926 947 
5691 1407 983 1408 
5692 1993 1524 1994 
5693 643 642 644 
5694 2451 2379 2603 
5695 2926 2100 3698 
5696 1264 1649 1896 
5697 2623 2083 3765 
5698 948 947 1304 
5699 3680 2194 4526 
5700 787 788 789 
5701 264 263 3612 
5702 1413 1414 1415 
5703 290 289 1067 
5704 1610 1949 1950 
5705 2129 2130 2556 
5706 1245 1231 1246 
5707 498 499 520 
5708 612 1314 1315 
5709 1307 1305 1430 
5710 986 1455 2901 
5711 986 2901 4026 
5712 1993 1994 2073 
5713 3902 2409 4209 
5714 275 274 3607 
5715 33 34 3653 
5716 609 608 645 
5717 1670 2174 2175 
5718 1426 1428 1429 
5719 881 916 917 
5720 2072 1287 2377 
5721 3790 81 3791 
5722 917 954 955 
5723 3477 2617 4692 
5724 104 307 4011 
5725 569 600 2359 
5726 809 810 811 
5727 1971 1593 3916 
5728 1659 1660 1661 
5729 213 212 3595 
5730 962 961 963 
5731 897 644 899 
5732 3487 2609 4766 
5733 845 827 2450 
5734 1970 1597 3723 
5735 955 1331 1335 
5736 979 1369 3631 
5737 1290 1448 1449 
5738 1652 1442 1653 
5739 2482 2387 2565 
5740 1610 1611 1949 
5741 1462 1460 1463 
5742 277 276 3608 
5743 1886 2531 2532 
5744 2186 2568 3043 
5745 731 733 734 
5746 3452 1031 4498 
5747 2418 3148 3149 
5748 858 614 865 
5749 689 690 692 
5750 3384 2896 4505 
5751 3176 4463 4686 
5752 1884 1892 2528 
5753 524 525 529 
5754 2431 2156 2911 
5755 2055 2054 2056 
5756 551 1375 1875 
5757 898 897 926 
5758 605 638 639 
5759 1401 520 3856 
5760 1559 1722 1881 
5761 2266 2264 3630 
5762 1281 1424 2371 
5763 1323 1324 1610 
5764 2720 1996 2721 
5765 1820 2863 4872 
5766 1468 1463 1469 
5767 2947 2949 4833 
5768 435 437 438 
5769 2378 2377 2379 
5770 1270 1473 4012 
5771 1415 1414 1436 
5772 517 518 524 
5773 1202 3562 3990 
5774 1587 1588 1884 
5775 600 601 610 
5776 1116 1121 1122 
5777 1762 1982 4718 
5778 3113 2427 3307 
5779 537 534 3369 
5780 524 529 573 
5781 1041 3264 4676 
5782 3559 2954 3561 
5783 1736 3501 3858 
5784 610 611 851 
5785 3655 2822 4393 
5786 848 912 1290 
5787 612 613 1314 
5788 78 3787 3788 
5789 536 537 542 
5790 1953 2634 2635 
5791 1351 1349 1723 
5792 2397 556 2407 
5793 2481 2480 4088 
5794 3331 2388 4048 
5795 2053 2052 2054 
5796 472 474 1433 
5797 1849 2865 3731 
5798 1100 1099 1101 
5799 1616 1991 2292 
5800 3353 2449 3743 
5801 958 957 988 
5802 469 470 491 
5803 242 241 3656 
5804 501 503 2293 
5805 295 294 1373 
5806 639 640 641 
5807 569 570 600 
5808 796 3304 4650 
5809 631 633 901 
5810 910 856 1442 
5811 1413 1412 1414 
5812 1518 1701 1702 
5813 2073 1994 2448 
5814 2074 1653 2075 
5815 238 237 3686 
5816 720 721 722 
5817 739 741 742 
5818 240 239 3687 
5819 3127 3128 3132 
5820 209 208 792 
5821 962 963 1287 
5822 1743 1899 2069 
5823 230 229 3688 
5824 1617 1550 1727 
5825 2068 2193 2826 
5826 2357 1969 2358 
5827 1475 1670 3982 
5828 2270 2268 2282 
5829 1120 1118 3924 
5830 2606 2301 3467 
5831 15 354 4254 
5832 2775 2517 3090 
5833 592 593 594 
5834 583 589 590 
5835 1304 1308 1587 
5836 1263 3985 4735 
5837 590 591 592 
5838 3320 2284 4671 
5839 333 85 4312 
5840 658 652 857 
5841 7 8 3699 
5842 1335 1331 1599 
5843 955 954 1331 
5844 1693 2205 2444 
5845 558 559 560 
5846 943 1400 4075 
5847 1732 1733 2083 
5848 3170 3172 3173 
5849 2216 2214 2219 
5850 210 209 3674 
5851 917 916 954 
5852 602 603 612 
5853 2378 2379 2451 
5854 2366 2741 2743 
5855 2766 2768 4811 
5856 2636 2218 2637 
5857 589 581 3766 
5858 1979 1989 2527 
5859 2374 2963 3268 
5860 895 893 4583 
5861 594 595 602 
5862 2624 4266 4912 
5863 136 135 1393 
5864 1418 1347 1576 
5865 1343 1345 1346 
5866 2650 2243 2651 
5867 395 397 1382 
5868 1950 2473 2474 
5869 2069 2525 2526 
5870 989 988 1309 
5871 1955 2259 3510 
5872 1449 1450 1451 
5873 2122 2605 2814 
5874 2849 1830 4888 
5875 951 909 3620 
5876 2324 2659 2665 
5877 2422 2551 2829 
5878 2086 1871 2373 
5879 219 218 3643 
5880 1482 1321 1689 
5881 211 210 3594 
5882 623 625 626 
5883 969 1360 3772 
5884 30 323 4267 
5885 2393 1788 2394 
5886 1623 1625 1626 
5887 1559 1881 1882 
5888 263 262 3658 
5889 1583 1629 3866 
5890 501 2293 3856 
5891 2777 4282 4349 
5892 1707 1754 2242 
5893 597 571 599 
5894 2722 1996 3769 
5895 2635 2726 2727 
5896 1876 2376 2459 
5897 643 644 897 
5898 3346 467 4864 
5899 743 745 746 
5900 2474 3251 3252 
5901 592 594 596 
5902 2369 2368 2522 
5903 2505 1792 4152 
5904 1411 1412 1413 
5905 2604 2379 4100 
5906 214 213 3709 
5907 1937 1940 2404 
5908 2657 2144 2658 
5909 560 561 562 
5910 1851 1486 3930 
5911 3256 1201 4455 
5912 3797 69 3798 
5913 461 465 467 
5914 2693 2694 2930 
5915 1482 1689 1785 
5916 218 217 3672 
5917 2141 2143 3632 
5918 3722 3023 4455 
5919 2068 2827 3782 
5920 1372 3718 4298 
5921 186 185 3596 
5922 641 642 643 
5923 562 563 564 
5924 1113 1110 1114 
5925 558 520 559 
5926 1315 1316 1317 
5927 1979 1695 1989 
5928 564 565 567 
5929 1676 1673 2368 
5930 190 189 1219 
5931 1776 1613 3409 
5932 517 524 3742 
5933 278 277 3718 
5934 2150 2508 2789 
5935 1673 1483 3786 
5936 1987 2138 2608 
5937 2832 2381 3024 
5938 1687 1655 3698 
5939 2097 2094 4015 
5940 1785 2152 2258 
5941 1945 1727 1954 
5942 2264 2263 2276 
5943 645 608 1410 
5944 2572 2574 2599 
5945 1702 2165 2207 
5946 1483 1482 3786 
5947 1390 3481 4317 
5948 2072 2377 2378 
5949 328 3251 4304 
5950 584 582 585 
5951 2352 2343 3584 
5952 565 566 569 
5953 2397 2536 4013 
5954 1317 1318 1319 
5955 2372 2083 2381 
5956 614 606 3754 
5957 239 238 1007 
5958 3464 3465 4055 
5959 486 487 488 
5960 881 851 916 
5961 156 155 3819 
5962 217 216 1004 
5963 294 293 3662 
5964 1147 1146 1149 
5965 513 515 521 
5966 505 507 519 
5967 229 228 1000 
5968 2274 2272 2280 
5969 1677 1676 3841 
5970 2259 1767 2389 
5971 2253 2254 2255 
5972 3315 2599 4465 
5973 2320 2323 2326 
5974 486 488 497 
5975 492 493 498 
5976 3772 1360 3991 
5977 1284 1289 1374 
5978 1451 1531 1532 
5979 588 587 606 
5980 2057 2056 2058 
5981 291 290 3659 
5982 2339 2336 3681 
5983 1096 1087 1097 
5984 892 894 3726 
5985 1103 1104 1105 
5986 250 249 1013 
5987 2511 2905 2906 
5988 586 585 587 
5989 558 1759 4190 
5990 3396 2544 4290 
5991 3517 2513 4035 
5992 1458 1337 2328 
5993 772 771 773 
5994 4017 2518 4628 
5995 1646 1645 1780 
5996 1882 2230 2415 
5997 2336 2383 3681 
5998 3799 3783 4495 
5999 1950 1949 2473 
6000 175 174 3600 
6001 479 477 3985 
6002 1277 1280 1998 
6003 1997 1586 3537 
6004 2474 2473 3251 
6005 2527 1989 2820 
6006 438 1354 2079 
6007 4257 732 4348 
6008 1353 3270 4517 
6009 216 215 3710 
6010 724 725 726 
6011 839 765 4294 
6012 722 723 724 
6013 564 563 565 
6014 551 549 1375 
6015 562 561 563 
6016 738 739 3527 
6017 726 727 728 
6018 560 559 561 
6019 3500 2837 4738 
6020 1182 3177 4846 
6021 2140 2144 2657 
6022 1310 1309 3847 
6023 861 859 3637 
6024 3005 1569 4340 
6025 1374 1383 1560 
6026 2369 2522 2523 
6027 2049 2051 4743 
6028 476 478 490 
6029 459 460 461 
6030 2358 2567 3660 
6031 646 645 3864 
6032 3302 1518 3830 
6033 488 489 492 
6034 1879 2126 2127 
6035 1785 1689 2152 
6036 271 270 1041 
6037 1022 3402 4452 
6038 1765 2749 3933 
6039 1954 1727 2081 
6040 1616 2292 3589 
6041 3833 2672 4066 
6042 1690 2650 3847 
6043 1656 1469 1657 
6044 2946 4290 4672 
6045 726 831 3992 
6046 866 863 915 
6047 952 953 3772 
6048 1607 847 1609 
6049 257 256 1371 
6050 3508 705 4591 
6051 2601 2279 2988 
6052 258 257 3704 
6053 260 259 3706 
6054 1786 874 2426 
6055 2415 2230 3807 
6056 1227 1226 1228 
6057 195 194 1379 
6058 2354 2351 3692 
6059 259 258 1027 
6060 1346 1347 1418 
6061 438 439 1354 
6062 174 173 3697 
6063 262 261 1274 
6064 358 3354 4862 
6065 1418 1576 1766 
6066 1664 2124 4043 
6067 3535 1357 4752 
6068 3101 3099 4069 
6069 215 214 1365 
6070 281 280 1055 
6071 3398 3397 4288 
6072 2975 4007 4434 
6073 3799 4174 4392 
6074 2388 1954 2483 
6075 2122 2814 2815 
6076 1074 3384 4505 
6077 399 402 496 
6078 148 147 1185 
6079 441 443 464 
6080 747 745 4657 
6081 2086 2373 3021 
6082 1710 1712 2406 
6083 1661 1662 1663 
6084 1315 1314 1316 
6085 133 132 3606 
6086 3166 2155 3461 
6087 1317 1316 1318 
6088 1591 1485 1618 
6089 2302 2607 2736 
6090 3476 309 4310 
6091 1526 993 1559 
6092 3809 3520 4207 
6093 362 3370 4361 
6094 3002 3003 4345 
6095 2504 659 3671 
6096 2276 2530 2734 
6097 430 431 432 
6098 2259 2389 3033 
6099 1319 1318 1323 
6100 3466 1359 4485 
6101 273 272 1368 
6102 280 279 3717 
6103 1693 1590 1783 
6104 1882 1881 2230 
6105 2503 2205 3391 
6106 2326 2327 2539 
6107 539 3040 4555 
6108 461 462 465 
6109 1373 3475 4321 
6110 1932 1936 3625 
6111 953 969 3772 
6112 179 178 1381 
6113 1514 1512 1519 
6114 768 769 770 
6115 626 627 874 
6116 1635 3663 4528 
6117 1556 1594 1595 
6118 1411 1410 1412 
6119 2080 2317 2318 
6120 3619 2040 3981 
6121 282 281 3711 
6122 2183 3168 3169 
6123 3367 598 3780 
6124 1140 1139 1141 
6125 794 790 795 
6126 1405 979 3631 
6127 1148 4007 4242 
6128 2352 3584 3635 
6129 465 466 469 
6130 2175 3273 4439 
6131 279 278 1372 
6132 2987 3503 4369 
6133 283 282 3716 
6134 1859 1758 1860 
6135 2320 2321 2323 
6136 293 292 1066 
6137 1288 970 3737 
6138 1089 1092 4210 
6139 846 918 3822 
6140 607 606 614 
6141 3421 3419 3837 
6142 3118 3729 4762 
6143 284 283 1300 
6144 4298 3718 4854 
6145 4057 1525 4291 
6146 1987 2608 3866 
6147 2059 2058 2063 
6148 1676 2368 2369 
6149 580 584 3828 
6150 451 453 463 
6151 1756 1580 1757 
6152 173 172 1384 
6153 2360 1780 2361 
6154 169 168 1385 
6155 593 965 3840 
6156 3012 4060 4519 
6157 2312 3642 4213 
6158 124 123 3616 
6159 1753 1618 1946 
6160 2954 2953 4612 
6161 137 136 3667 
6162 992 993 1526 
6163 3695 1388 4282 
6164 1309 988 1432 
6165 2080 2318 2322 
6166 1340 951 3620 
6167 144 143 3611 
6168 2069 2792 3824 
6169 615 614 858 
6170 1585 1586 1997 
6171 1217 1221 4818 
6172 2318 2319 2320 
6173 3388 3387 3967 
6174 3568 3567 4658 
6175 1324 1318 3808 
6176 859 858 911 
6177 484 3351 4492 
6178 957 931 978 
6179 1875 1375 1876 
6180 1699 3194 3769 
6181 2751 1857 3893 
6182 2006 2238 2641 
6183 2544 2310 3645 
6184 2770 3993 4828 
6185 2310 1910 3145 
6186 3629 2862 4251 
6187 1404 1589 1874 
6188 3385 2629 4708 
6189 579 1679 3766 
6190 183 182 1380 
6191 887 870 928 
6192 509 511 1445 
6193 1934 1932 3625 
6194 1206 1208 4821 
6195 1890 2233 2307 
6196 1655 2158 3698 
6197 2084 1620 2109 
6198 163 162 1387 
6199 1172 1232 4824 
6200 913 934 935 
6201 1607 1609 3468 
6202 1236 1196 4767 
6203 932 958 4783 
6204 1346 2111 3843 
6205 3091 3908 4479 
6206 4253 1391 4460 
6207 2657 2658 3297 
6208 3056 2458 3805 
6209 587 585 1403 
6210 2165 1701 2434 
6211 1947 1946 2390 
6212 1714 1716 2447 
6213 746 747 749 
6214 2347 2345 3741 
6215 2647 2646 4235 
6216 3363 1901 4597 
6217 1283 1554 1555 
6218 2817 2816 3834 
6219 1589 1405 1590 
6220 4263 2465 4859 
6221 2975 2558 4007 
6222 645 1410 1411 
6223 2578 2580 2590 
6224 2243 1849 2500 
6225 1690 1432 1849 
6226 1896 1649 3546 
6227 143 142 3727 
6228 353 3579 4535 
6229 582 581 583 
6230 2897 4242 4892 
6231 1748 1746 3732 
6232 970 1268 3737 
6233 1959 1957 3750 
6234 1404 979 1405 
6235 316 102 4110 
6236 3474 177 4675 
6237 810 808 4621 
6238 1585 1997 2006 
6239 122 121 3618 
6240 3384 1130 3939 
6241 3767 793 4504 
6242 1071 1069 4505 
6243 4210 1092 4899 
6244 3424 3997 4531 
6245 2495 1940 2496 
6246 1977 1692 1984 
6247 2064 2063 2145 
6248 580 579 581 
6249 2226 3456 4156 
6250 4389 2756 4560 
6251 3235 3234 3947 
6252 153 152 1388 
6253 749 750 752 
6254 4522 3577 4812 
6255 2291 2438 2439 
6256 778 1337 1457 
6257 571 567 3794 
6258 2685 3519 4740 
6259 878 886 3768 
6260 3452 2561 4423 
6261 2143 2924 3632 
6262 2837 1548 4738 
6263 1465 1464 1466 
6264 1122 1132 1133 
6265 578 577 579 
6266 1739 1769 3782 
6267 416 418 468 
6268 698 699 873 
6269 3773 1998 3774 
6270 719 717 3926 
6271 327 47 3969 
6272 159 158 1386 
6273 770 771 772 
6274 573 529 939 
6275 992 939 993 
6276 1568 1508 1647 
6277 4098 3526 4105 
6278 742 743 3543 
6279 3577 3247 4812 
6280 2276 2810 3630 
6281 1330 1329 1361 
6282 2477 1787 2517 
6283 2006 2642 3870 
6284 583 590 2405 
6285 1626 1630 1719 
6286 1369 1781 3631 
6287 1996 1698 3769 
6288 142 141 1394 
6289 2112 1868 2113 
6290 2096 2097 2308 
6291 1741 2093 2094 
6292 2247 2246 2248 
6293 430 432 574 
6294 199 198 3593 
6295 2582 2584 2595 
6296 2461 1913 3376 
6297 2424 2425 2738 
6298 1697 1397 1905 
6299 459 461 3784 
6300 194 193 3705 
6301 580 581 582 
6302 2330 3772 3991 
6303 3257 2936 4758 
6304 1152 1153 1154 
6305 2776 2777 4349 
6306 3733 3146 4192 
6307 1690 1849 2243 
6308 2548 4578 4748 
6309 1656 1787 1983 
6310 1331 1332 3764 
6311 573 939 992 
6312 408 410 495 
6313 1229 1228 1230 
6314 1309 1432 1690 
6315 672 674 2194 
6316 1968 1970 2420 
6317 2351 2939 3692 
6318 191 190 3682 
6319 1638 1640 3911 
6320 3379 3381 4447 
6321 2703 2679 4772 
6322 643 898 3842 
6323 578 579 580 
6324 576 577 578 
6325 2539 2327 2725 
6326 576 575 577 
6327 180 179 3715 
6328 844 709 4168 
6329 560 562 3650 
6330 3472 2430 4252 
6331 1957 2294 3750 
6332 301 300 793 
6333 2999 2998 4623 
6334 424 426 494 
6335 206 205 759 
6336 3357 3733 4192 
6337 1611 1729 3752 
6338 184 183 3729 
6339 1564 1718 1942 
6340 3441 4320 4554 
6341 3149 3148 4362 
6342 1522 1621 4490 
6343 2586 2588 2593 
6344 2613 3649 4632 
6345 2830 2551 4314 
6346 207 206 3770 
6347 4376 2632 4606 
6348 1733 1735 3765 
6349 2326 2323 2327 
6350 1892 2418 3817 
6351 2906 2907 3473 
6352 532 534 536 
6353 115 114 1164 
6354 1518 1516 1701 
6355 1018 1024 1651 
6356 1078 1076 1079 
6357 1294 1634 1704 
6358 739 742 3527 
6359 182 181 3820 
6360 2079 1354 2080 
6361 613 617 3749 
6362 2433 3520 3884 
6363 172 171 3721 
6364 170 169 3722 
6365 138 137 1392 
6366 1348 1330 1349 
6367 208 207 3664 
6368 47 48 3969 
6369 188 3561 4328 
6370 2342 2339 3681 
6371 3394 557 4370 
6372 1396 1597 1598 
6373 2087 1744 3824 
6374 2110 1742 2133 
6375 1983 2477 2821 
6376 2396 2207 3678 
6377 2100 1687 3698 
6378 3540 2444 3878 
6379 121 120 3812 
6380 2006 1997 2238 
6381 2391 2390 2602 
6382 3701 340 4090 
6383 131 130 1398 
6384 149 148 3712 
6385 1684 578 3828 
6386 1595 1596 1622 
6387 1325 693 3736 
6388 679 682 3894 
6389 1920 1922 1939 
6390 3954 3634 4008 
6391 1467 1466 1511 
6392 530 532 3965 
6393 3114 2836 4779 
6394 2368 1673 3786 
6395 876 878 3779 
6396 1396 491 1597 
6397 2220 2221 2624 
6398 1666 1639 4071 
6399 1504 1502 1505 
6400 1587 3633 3826 
6401 2655 3754 4179 
6402 1744 1743 3824 
6403 2941 2676 2942 
6404 177 3474 4704 
6405 158 157 3818 
6406 1964 3624 4144 
6407 2177 1985 2178 
6408 1530 1602 1724 
6409 1050 1069 1070 
6410 192 191 3760 
6411 2193 2992 3714 
6412 420 422 1435 
6413 2358 2566 2567 
6414 2675 2674 2676 
6415 1872 2086 3796 
6416 1316 2297 3808 
6417 3267 2350 3741 
6418 1724 1725 2010 
6419 114 113 3776 
6420 2010 2011 2220 
6421 1328 1329 1330 
6422 412 414 1454 
6423 1871 1677 3841 
6424 1303 1575 1605 
6425 1702 1701 2165 
6426 2807 2913 4507 
6427 2358 1969 2566 
6428 574 575 576 
6429 3088 2354 3692 
6430 639 2283 3823 
6431 162 161 3730 
6432 447 449 1439 
6433 2207 2165 2645 
6434 894 937 3726 
6435 2228 1866 2834 
6436 1427 1521 1530 
6437 154 153 3745 
6438 3626 1377 4252 
6439 2980 3027 4267 
6440 1180 1179 3373 
6441 2680 2704 2705 
6442 1008 1001 3455 
6443 1577 3626 4410 
6444 652 650 3803 
6445 2376 1375 3851 
6446 1937 1934 1938 
6447 111 110 3942 
6448 2430 2684 2714 
6449 559 1401 3809 
6450 1828 3492 4888 
6451 789 790 794 
6452 2465 2008 2616 
6453 1497 1495 1499 
6454 2406 2488 3087 
6455 1057 1054 1058 
6456 3546 1708 3898 
6457 761 760 762 
6458 1933 1932 1934 
6459 2468 2470 2471 
6460 1314 613 3749 
6461 1598 1968 1969 
6462 1249 1250 1254 
6463 2264 2276 3630 
6464 2628 2549 4032 
6465 152 151 3746 
6466 160 159 3845 
6467 2109 1620 2429 
6468 4153 2553 4435 
6469 1073 1065 1075 
6470 3575 926 3831 
6471 2444 2205 2503 
6472 113 112 3621 
6473 2557 2559 2759 
6474 1949 1611 3752 
6475 1912 1872 3796 
6476 2949 3087 4644 
6477 127 126 1399 
6478 2249 2248 2250 
6479 865 614 3754 
6480 823 3424 4756 
6481 1383 3541 3734 
6482 2108 3586 3587 
6483 185 184 2060 
6484 1606 1681 1751 
6485 480 482 1444 
6486 935 1264 3848 
6487 1470 1278 2107 
6488 324 3354 4246 
6489 811 812 813 
6490 2949 3623 4833 
6491 2528 1892 3817 
6492 1693 1783 2205 
6493 193 192 1218 
6494 1981 1905 2456 
6495 2345 2352 3741 
6496 1550 1310 3847 
6497 1328 1327 1329 
6498 819 820 822 
6499 385 387 3690 
6500 328 74 4521 
6501 743 746 3543 
6502 4240 3974 4311 
6503 2477 2517 2775 
6504 2485 3684 4108 
6505 120 119 1402 
6506 2430 2429 2684 
6507 2286 1875 3733 
6508 2458 2456 3541 
6509 1348 1349 1350 
6510 532 536 3965 
6511 2408 2073 3739 
6512 813 814 815 
6513 815 816 817 
6514 574 432 575 
6515 1457 1458 1459 
6516 3320 1291 4092 
6517 896 646 3864 
6518 2238 2626 4721 
6519 555 605 3823 
6520 3148 3762 4890 
6521 2882 2883 2884 
6522 2905 2904 4297 
6523 157 156 1908 
6524 817 818 819 
6525 2677 2678 4163 
6526 918 905 919 
6527 659 661 3671 
6528 550 557 3851 
6529 181 180 1210 
6530 3455 1297 4324 
6531 1524 1335 3738 
6532 2330 952 3772 
6533 1268 2498 3737 
6534 141 140 3863 
6535 978 3221 4422 
6536 3443 2466 4562 
6537 2961 829 3822 
6538 3734 2457 4685 
6539 44 362 4361 
6540 761 777 2475 
6541 1012 1010 1406 
6542 2432 1956 3732 
6543 3743 1599 4099 
6544 1286 1259 2085 
6545 3539 2504 4542 
6546 899 1343 3843 
6547 4053 2718 4770 
6548 2442 2443 2512 
6549 2431 2912 4407 
6550 1305 1304 3826 
6551 1200 1199 3408 
6552 549 550 3851 
6553 2485 2441 3183 
6554 2268 2266 3821 
6555 3933 2749 4116 
6556 929 979 1404 
6557 3570 2601 4660 
6558 1061 1059 1062 
6559 2109 2429 2430 
6560 1089 1085 1090 
6561 1528 1995 3832 
6562 1487 1441 1488 
6563 650 648 3829 
6564 55 56 4084 
6565 2083 1733 3765 
6566 520 499 3856 
6567 421 419 4020 
6568 1589 1590 1693 
6569 255 104 4011 
6570 1266 618 4355 
6571 1459 1460 1461 
6572 139 138 3862 
6573 1601 3163 4480 
6574 302 301 3767 
6575 1887 2157 4571 
6576 1466 1464 1615 
6577 171 170 1201 
6578 963 990 3751 
6579 982 983 1407 
6580 1970 3723 3724 
6581 1083 1080 1084 
6582 1048 1046 1053 
6583 1534 1532 1535 
6584 645 1411 3864 
6585 859 911 3637 
6586 1430 1305 3826 
6587 1020 1016 1081 
6588 1746 2087 3732 
6589 2450 4057 4291 
6590 491 470 3849 
6591 547 551 3838 
6592 2783 4603 4789 
6593 404 406 1438 
6594 2387 1959 3750 
6595 2115 2114 3046 
6596 2350 2347 3741 
6597 93 94 4095 
6598 1694 3420 3991 
6599 1461 1462 1464 
6600 1598 1597 1968 
6601 1462 1463 1468 
6602 1036 1034 1037 
6603 621 623 3833 
6604 2951 2546 2985 
6605 1963 2674 2675 
6606 2146 2145 2464 
6607 200 199 3890 
6608 2987 2249 3503 
6609 342 43 4361 
6610 1618 1485 1619 
6611 2826 2193 3714 
6612 1357 385 3690 
6613 1962 3625 4021 
6614 2500 1849 3731 
6615 2283 641 3842 
6616 661 879 3671 
6617 126 125 3806 
6618 3402 3198 4732 
6619 1732 2372 3752 
6620 1861 1860 1893 
6621 1093 1091 1094 
6622 1468 1469 1656 
6623 2154 1789 2231 
6624 1032 1028 1033 
6625 676 679 680 
6626 1830 1828 4888 
6627 1040 1038 1043 
6628 524 573 3742 
6629 526 3064 4359 
6630 4364 3778 4385 
6631 692 1325 1326 
6632 1326 1325 1327 
6633 2219 3748 3877 
6634 684 686 688 
6635 1397 919 3923 
6636 1664 1663 1665 
6637 940 941 982 
6638 1956 1748 3732 
6639 1144 1145 1146 
6640 1407 1408 1573 
6641 2073 2448 3739 
6642 1668 1665 2114 
6643 1899 1420 3785 
6644 1539 1537 1631 
6645 924 1395 3810 
6646 2675 2676 2941 
6647 2456 1905 2457 
6648 1769 2068 3782 
6649 2530 2263 3796 
6650 4277 2895 4687 
6651 2416 2335 3811 
6652 4223 837 4327 
6653 455 457 1443 
6654 902 924 3810 
6655 3552 688 4323 
6656 161 160 1194 
6657 1599 1331 3764 
6658 774 773 775 
6659 1576 1707 3761 
6660 1570 1918 2442 
6661 318 3506 4736 
6662 2157 3642 4571 
6663 4076 1060 4880 
6664 2612 1967 4642 
6665 1334 1564 3624 
6666 130 129 3895 
6667 1334 1563 1564 
6668 2066 4170 4306 
6669 626 1786 3833 
6670 2688 1117 2689 
6671 1247 1246 1248 
6672 703 706 828 
6673 151 150 1184 
6674 1876 3146 3733 
6675 1888 2244 3109 
6676 1335 1599 3738 
6677 2404 1940 2495 
6678 529 530 3881 
6679 1404 1405 1589 
6680 1482 1785 3786 
6681 2659 2660 4341 
6682 1376 3933 4116 
6683 2727 2726 2728 
6684 990 1572 3751 
6685 2390 1946 2696 
6686 2555 2813 4663 
6687 886 914 3768 
6688 3164 3165 4874 
6689 972 3337 4080 
6690 2335 2333 3811 
6691 974 2927 4325 
6692 617 635 3749 
6693 3437 1194 4308 
6694 380 377 3860 
6695 2377 1287 3751 
6696 3790 2523 4520 
6697 1543 1541 1705 
6698 1415 1436 3785 
6699 1374 1560 1765 
6700 2547 2545 4395 
6701 1676 2369 3841 
6702 3677 2401 4412 
6703 1287 963 3751 
6704 3292 844 4870 
6705 2308 2309 3968 
6706 3370 2408 3739 
6707 2244 3229 4701 
6708 982 1407 1409 
6709 128 127 3896 
6710 1154 1155 1156 
6711 3160 2686 4740 
6712 116 115 3777 
6713 3242 323 4622 
6714 778 775 779 
6715 4180 2082 4458 
6716 134 317 3669 
6717 2943 1771 4406 
6718 323 31 4622 
6719 1476 2108 3978 
6720 1056 1057 4076 
6721 2705 2996 3663 
6722 975 944 1284 
6723 937 902 3810 
6724 2603 2604 3996 
6725 3397 1680 4438 
6726 234 306 3599 
6727 2333 2337 3811 
6728 1506 1505 1632 
6729 1766 3761 3762 
6730 1297 3442 4518 
6731 306 233 3598 
6732 2689 1117 4201 
6733 223 310 3597 
6734 1704 2088 2089 
6735 943 923 944 
6736 265 311 3613 
6737 1389 1528 3832 
6738 1420 1415 3785 
6739 3751 1572 4100 
6740 1729 1732 3752 
6741 2294 2432 3954 
6742 1326 1327 1328 
6743 324 39 4862 
6744 1765 1560 1857 
6745 2622 3281 4602 
6746 2969 3086 4703 
6747 3796 2086 4117 
6748 648 896 3829 
6749 2918 2919 4679 
6750 387 390 3690 
6751 1142 1141 1143 
6752 4173 3977 4208 
6753 4166 1558 4444 
6754 1994 1524 3738 
6755 125 124 1870 
6756 4366 221 4837 
6757 2218 2216 3877 
6758 2328 1337 4019 
6759 307 254 3601 
6760 3085 2313 4079 
6761 1500 1499 1726 
6762 900 876 3779 
6763 3588 2371 4630 
6764 2732 3717 4853 
6765 2437 2436 2764 
6766 3360 2932 3467 
6767 890 892 3850 
6768 1572 1389 3832 
6769 1656 1657 1787 
6770 2748 1857 2750 
6771 2418 3149 3817 
6772 1936 2239 3625 
6773 1780 1645 2076 
6774 2683 3211 4524 
6775 1937 2404 3999 
6776 140 139 1177 
6777 1321 1319 3793 
6778 1926 1928 1935 
6779 3678 984 4238 
6780 781 783 836 
6781 1491 1490 1492 
6782 3304 830 4761 
6783 3417 732 4257 
6784 2690 2692 2808 
6785 1449 1448 1450 
6786 2377 3751 4100 
6787 1735 1885 3765 
6788 167 3528 4585 
6789 1983 1787 2477 
6790 1752 1868 2112 
6791 897 899 3831 
6792 857 652 3803 
6793 3075 4449 4802 
6794 4476 2562 4816 
6795 2124 1668 3908 
6796 921 884 923 
6797 287 312 3615 
6798 212 305 3595 
6799 1352 1484 1485 
6800 581 579 3766 
6801 1668 2114 2115 
6802 1930 1932 1933 
6803 2121 2622 4376 
6804 2171 2400 4564 
6805 1309 1690 3847 
6806 1457 1337 1458 
6807 1661 1663 1664 
6808 1723 1349 4050 
6809 2104 542 3838 
6810 1447 1478 4293 
6811 1489 1488 1490 
6812 931 907 3903 
6813 2253 2252 2254 
6814 3560 1368 4137 
6815 2635 2727 4311 
6816 119 118 3813 
6817 1493 1492 1498 
6818 308 275 3607 
6819 3108 2695 4200 
6820 1664 1665 1668 
6821 599 571 3794 
6822 1350 1351 1352 
6823 1875 1876 3733 
6824 311 264 3612 
6825 2635 2634 2726 
6826 1290 912 1448 
6827 1765 1857 2748 
6828 1453 3521 4119 
6829 2373 1871 3841 
6830 2272 2270 3867 
6831 1350 1349 1351 
6832 2065 4130 4563 
6833 712 714 833 
6834 1358 3680 4526 
6835 1352 1351 1484 
6836 204 203 802 
6837 276 308 3608 
6838 1743 2069 3824 
6839 778 779 1337 
6840 1958 2385 4049 
6841 503 505 3859 
6842 1937 1938 1940 
6843 3778 2670 4385 
6844 2263 1912 3796 
6845 3819 3142 4866 
6846 779 781 4019 
6847 1766 1576 3761 
6848 2469 2467 4298 
6849 2324 2665 3913 
6850 1254 1255 1333 
6851 1459 1458 1460 
6852 829 845 846 
6853 1461 1460 1462 
6854 799 797 4332 
6855 1451 1450 1531 
6856 2004 3181 4488 
6857 1640 1714 3911 
6858 2159 1654 4123 
6859 2756 4166 4444 
6860 605 639 3823 
6861 3719 2292 4121 
6862 461 467 3784 
6863 1933 1934 1937 
6864 1822 1820 4872 
6865 846 904 905 
6866 975 1284 1376 
6867 1318 1316 3808 
6868 2458 3541 3805 
6869 2323 2324 3913 
6870 1559 1882 3827 
6871 4065 3069 4264 
6872 926 897 3831 
6873 1670 2175 3982 
6874 227 226 4064 
6875 4274 2745 4592 
6876 1721 1762 2091 
6877 883 843 884 
6878 542 547 3838 
6879 2752 2755 4790 
6880 3537 1898 3921 
6881 2138 2140 3876 
6882 492 498 4190 
6883 326 3239 4848 
6884 1097 1099 1100 
6885 546 393 3897 
6886 1953 1952 2132 
6887 305 211 3594 
6888 561 559 3809 
6889 610 881 3869 
6890 1343 1346 3843 
6891 2786 4430 4856 
6892 1150 1149 1151 
6893 842 832 843 
6894 1531 1450 1952 
6895 831 728 832 
6896 3609 2469 4854 
6897 726 728 831 
6898 201 200 1292 
6899 1070 1071 1086 
6900 117 116 3852 
6901 943 944 975 
6902 749 752 826 
6903 1054 1053 3592 
6904 737 736 4155 
6905 2402 3334 4896 
6906 641 643 3842 
6907 1707 2242 3761 
6908 129 128 1169 
6909 319 186 3596 
6910 54 55 4217 
6911 1304 1587 3826 
6912 3566 3565 4730 
6913 1319 1323 3793 
6914 921 923 943 
6915 914 890 3850 
6916 3549 2521 3740 
6917 4079 2313 4213 
6918 3439 1558 4166 
6919 4441 945 4873 
6920 3358 2903 4836 
6921 1095 1094 1115 
6922 2214 2212 4006 
6923 2692 2691 2693 
6924 757 760 761 
6925 433 435 3844 
6926 805 807 824 
6927 1086 1087 1096 
6928 202 201 3891 
6929 17 18 4285 
6930 2266 3630 3821 
6931 4235 2646 4406 
6932 1463 1460 3980 
6933 1767 1526 3827 
6934 3083 1633 4186 
6935 155 316 3819 
6936 3642 2314 4571 
6937 1429 1428 1616 
6938 56 347 4084 
6939 1002 225 3644 
6940 4070 2885 4733 
6941 2532 2531 2701 
6942 892 3726 3850 
6943 3970 1776 4515 
6944 32 357 4622 
6945 2292 1991 2316 
6946 828 4016 4590 
6947 2258 2152 3846 
6948 1044 1043 1281 
6949 1105 1106 1107 
6950 2282 2268 3821 
6951 2249 2250 3503 
6952 2175 2174 2614 
6953 2592 2598 4205 
6954 94 337 4095 
6955 905 904 940 
6956 761 762 777 
6957 2542 3724 3868 
6958 2549 2648 4032 
6959 3724 2541 4250 
6960 315 175 3600 
6961 3181 3182 4761 
6962 1905 1397 3923 
6963 224 3597 3644 
6964 1623 1626 4004 
6965 2670 4594 4753 
6966 846 845 904 
6967 2230 2833 4014 
6968 2207 2645 3678 
6969 1689 1321 3793 
6970 235 3599 3647 
6971 3528 167 4855 
6972 2392 2308 2819 
6973 203 202 3875 
6974 40 358 4862 
6975 343 28 4829 
6976 1526 1559 3827 
6977 1400 975 3944 
6978 831 1877 3992 
6979 3598 232 3649 
6980 1014 246 3646 
6981 883 884 921 
6982 102 154 4110 
6983 842 843 883 
6984 2683 2414 3885 
6985 2152 2644 3846 
6986 1354 439 3907 
6987 1210 3715 4489 
6988 1156 1157 1158 
6989 1063 1062 1261 
6990 878 3768 3779 
6991 3827 1882 4150 
6992 2407 3285 4399 
6993 2627 3516 4216 
6994 1706 1412 4543 
6995 4379 3073 4669 
6996 1949 3752 4109 
6997 2519 1948 4705 
6998 986 935 987 
6999 3273 2614 3926 
7000 1953 2132 2634 
7001 569 2359 3861 
7002 1363 236 3647 
7003 708 710 1481 
7004 623 626 3833 
7005 445 3666 4159 
7006 2821 4556 4735 
7007 1375 549 3851 
7008 26 27 4239 
7009 231 1366 3649 
7010 2490 2398 4189 
7011 789 794 796 
7012 3348 966 4391 
7013 3601 253 3654 
7014 536 2104 3965 
7015 578 580 3828 
7016 913 935 986 
7017 781 836 4019 
7018 831 832 842 
7019 312 3288 4357 
7020 3459 2811 4614 
7021 1599 3764 4099 
7022 3855 2280 3867 
7023 1359 3518 4207 
7024 2496 1940 3953 
7025 317 133 3606 
7026 2293 503 3859 
7027 3807 2230 4014 
7028 101 3914 4790 
7029 2359 600 3869 
7030 248 247 4106 
7031 252 1367 3654 
7032 2634 2132 4441 
7033 3799 3798 4174 
7034 304 303 705 
7035 829 827 845 
7036 1886 2532 4003 
7037 716 718 1480 
7038 798 800 1434 
7039 1076 1075 3554 
7040 2389 1767 3827 
7041 912 849 913 
7042 1556 1595 4003 
7043 2637 2218 3877 
7044 720 722 791 
7045 577 575 4417 
7046 2393 2394 3383 
7047 205 103 3771 
7048 1902 1903 1904 
7049 596 3311 4768 
7050 2212 2472 4006 
7051 826 827 829 
7052 3462 3461 3970 
7053 567 565 3861 
7054 848 835 849 
7055 3831 899 3843 
7056 1781 1782 4013 
7057 1609 2445 2501 
7058 600 610 3869 
7059 753 755 1525 
7060 1953 2635 4023 
7061 2256 2254 3497 
7062 1360 1694 3991 
7063 772 773 774 
7064 1393 135 3669 
7065 439 441 3907 
7066 3163 3117 4480 
7067 1885 1737 4030 
7068 3573 1686 4269 
7069 511 513 3912 
7070 2095 2094 2096 
7071 1532 1531 4023 
7072 1693 2444 3971 
7073 1442 856 3935 
7074 3818 2986 4533 
7075 435 438 3844 
7076 123 321 3616 
7077 118 117 1163 
7078 1419 3357 4192 
7079 449 451 3900 
7080 1455 987 1456 
7081 694 690 4670 
7082 2096 2308 2392 
7083 854 900 4062 
7084 320 144 3611 
7085 505 519 3859 
7086 2270 2282 3867 
7087 2584 2586 3929 
7088 2302 2736 4081 
7089 241 1364 3656 
7090 1657 1659 3839 
7091 1005 219 3643 
7092 772 774 776 
7093 2998 3118 4762 
7094 393 395 3897 
7095 3341 3340 4103 
7096 834 822 835 
7097 1116 1115 1121 
7098 1852 1853 1854 
7099 2454 2189 2455 
7100 1737 1739 4030 
7101 237 1363 3686 
7102 2216 2219 3877 
7103 1364 240 3687 
7104 4161 400 4677 
7105 2389 3827 4150 
7106 3735 2647 4185 
7107 197 196 4280 
7108 2219 2214 4006 
7109 1366 230 3688 
7110 1741 2094 2095 
7111 1531 1952 1953 
7112 469 1396 3917 
7113 2580 2582 3918 
7114 1726 1499 2435 
7115 3241 3242 4077 
7116 1695 1340 3934 
7117 1740 1456 1741 
7118 2885 3092 4400 
7119 4295 376 4487 
7120 2536 3494 4647 
7121 3589 2292 3719 
7122 359 3634 3954 
7123 438 2079 3844 
7124 1433 474 3931 
7125 483 481 4138 
7126 3886 1632 3887 
7127 507 509 3927 
7128 1264 1896 3848 
7129 794 795 830 
7130 2879 2881 4404 
7131 2746 4274 4458 
7132 565 569 3861 
7133 515 517 3899 
7134 3763 2219 4006 
7135 1795 1799 4152 
7136 414 416 3938 
7137 2400 4074 4564 
7138 939 529 3881 
7139 1989 1695 3934 
7140 2963 2159 4347 
7141 2280 2272 3867 
7142 1136 1584 4512 
7143 2106 1855 2236 
7144 2530 3796 4117 
7145 1498 1492 1986 
7146 1179 1181 1852 
7147 321 122 3618 
7148 2629 2758 4723 
7149 945 533 4218 
7150 3649 1366 4632 
7151 1490 1488 2476 
7152 2500 3570 4613 
7153 635 619 4066 
7154 198 314 3593 
7155 2727 2728 4041 
7156 443 445 4159 
7157 808 841 4621 
7158 1651 1024 3676 
7159 1158 1159 1160 
7160 1616 1428 1990 
7161 1038 1037 4005 
7162 856 658 3935 
7163 986 987 1455 
7164 1933 1937 3999 
7165 774 775 778 
7166 1555 1556 4003 
7167 3301 825 4725 
7168 3134 3133 4568 
7169 3612 263 3658 
7170 3794 567 3861 
7171 2371 3588 4681 
7172 1404 1874 4009 
7173 3522 911 4139 
7174 687 685 4448 
7175 4016 1481 4904 
7176 3782 3783 4030 
7177 2091 2156 2431 
7178 418 420 3919 
7179 1622 1623 4004 
7180 410 412 3945 
7181 2423 1719 2424 
7182 1152 1151 1153 
7183 474 476 3931 
7184 1080 1079 4044 
7185 4382 4253 4460 
7186 4049 2385 4191 
7187 1281 1043 1423 
7188 213 3595 3709 
7189 2294 3954 4008 
7190 3803 650 3829 
7191 2543 3902 4209 
7192 251 250 4128 
7193 1898 1920 3921 
7194 1296 3305 4198 
7195 3300 1237 4574 
7196 222 221 4366 
7197 848 849 912 
7198 1724 2010 2241 
7199 2409 3089 4209 
7200 1410 608 3905 
7201 978 931 3903 
7202 1643 1901 1902 
7203 2608 2138 3876 
7204 3403 2564 4734 
7205 2259 3033 4118 
7206 2007 1603 2189 
7207 209 792 3674 
7208 2368 3786 4087 
7209 2681 1112 4446 
7210 2881 2882 4070 
7211 826 752 827 
7212 2475 777 3536 
7213 274 273 4124 
7214 2184 1986 2652 
7215 4343 3215 4414 
7216 592 596 3950 
7217 1107 1108 1109 
7218 272 271 4137 
7219 987 935 3848 
7220 277 3608 3718 
7221 3659 3073 4379 
7222 3173 3885 4431 
7223 1376 3563 3944 
7224 517 3742 3899 
7225 1109 1110 1113 
7226 834 835 848 
7227 290 1067 3659 
7228 1455 1456 1740 
7229 2548 2195 4397 
7230 658 857 3935 
7231 608 597 3905 
7232 3438 2397 4013 
7233 110 109 1880 
7234 2436 2435 2564 
7235 2320 2326 3961 
7236 2690 2689 2691 
7237 1886 1622 2012 
7238 2442 2512 3975 
7239 852 854 4062 
7240 2255 2254 2256 
7241 1426 1425 1427 
7242 453 455 3910 
7243 513 521 3912 
7244 2140 2657 3876 
7245 2688 2690 4000 
7246 2046 3306 4496 
7247 3594 210 3674 
7248 1854 1855 1856 
7249 2450 827 4057 
7250 2970 2146 4074 
7251 1814 1813 1815 
7252 1991 1990 2537 
7253 1861 1893 3882 
7254 735 738 4203 
7255 3764 2491 4099 
7256 1626 1719 2423 
7257 4523 2378 4706 
7258 3090 2517 4525 
7259 2474 3252 4387 
7260 2250 2251 2252 
7261 1938 1963 3953 
7262 1595 1622 1886 
7263 1249 1248 1250 
7264 701 3983 4390 
7265 2841 3517 4035 
7266 1424 1423 1425 
7267 189 188 4328 
7268 1826 1825 1827 
7269 3786 1785 4087 
7270 2424 2738 2928 
7271 1468 3655 3987 
7272 3601 2547 4395 
7273 1058 1054 3592 
7274 1373 294 3662 
7275 3854 335 3855 
7276 1085 1084 3581 
7277 1836 1835 1837 
7278 1942 4081 4082 
7279 1007 238 3686 
7280 2531 2012 2561 
7281 239 1007 3687 
7282 1739 3782 4030 
7283 2310 3145 3645 
7284 785 787 1552 
7285 1430 3826 4123 
7286 1633 1625 4431 
7287 1853 1181 2001 
7288 229 1000 3688 
7289 3961 2326 4403 
7290 467 465 3917 
7291 597 599 3905 
7292 3643 218 3672 
7293 2242 1754 3932 
7294 3607 2703 4772 
7295 3132 3390 4439 
7296 3584 2342 4077 
7297 2651 2243 4034 
7298 2388 2653 4048 
7299 1860 1758 4046 
7300 2509 4299 4318 
7301 406 408 3922 
7302 2633 2562 4476 
7303 2105 1476 3978 
7304 2372 2832 4109 
7305 619 621 4066 
7306 521 515 3899 
7307 2122 2815 3932 
7308 2243 2500 4034 
7309 1726 2435 2436 
7310 2174 2105 3107 
7311 865 3754 4249 
7312 829 846 3822 
7313 1609 847 2445 
7314 2202 3229 4545 
7315 1508 1506 3886 
7316 3635 3653 4142 
7317 3915 1261 4293 
7318 3104 3403 4734 
7319 2108 3587 3978 
7320 582 583 3892 
7321 2882 2880 2883 
7322 23 24 4462 
7323 4452 3402 4732 
7324 1714 2447 3911 
7325 2565 4096 4217 
7326 2236 1855 4464 
7327 2565 2387 4096 
7328 1498 1986 2184 
7329 1704 2089 2382 
7330 441 464 3907 
7331 2327 2323 3913 
7332 1326 3553 4183 
7333 318 111 3942 
7334 4315 2537 4348 
7335 217 1004 3672 
7336 3750 2294 4008 
7337 2727 4041 4240 
7338 585 582 3892 
7339 1603 1378 4018 
7340 1970 3724 4250 
7341 3425 2715 4667 
7342 1620 380 3860 
7343 583 2405 3892 
7344 2959 3070 4620 
7345 3236 3235 4728 
7346 2517 1787 3839 
7347 3224 2712 4785 
7348 2112 2401 2731 
7349 112 318 3621 
7350 519 507 3927 
7351 465 469 3917 
7352 1610 1950 4169 
7353 3756 3757 4136 
7354 1708 1710 3898 
7355 1670 1476 2105 
7356 1904 2245 2246 
7357 2827 2826 4739 
7358 3090 4525 4780 
7359 2838 3825 4031 
7360 3190 3209 4276 
7361 2444 2503 3878 
7362 4060 3012 4488 
7363 2508 2507 4265 
7364 476 490 3931 
7365 2622 2463 3270 
7366 1059 1058 4037 
7367 653 3735 4185 
7368 2337 2331 4261 
7369 2682 2683 4524 
7370 732 730 4348 
7371 1086 1096 1111 
7372 3469 1013 4548 
7373 1754 2122 3932 
7374 1403 585 3892 
7375 3340 3342 4338 
7376 1432 988 3952 
7377 2394 1788 4502 
7378 3439 2754 4616 
7379 3127 3132 3301 
7380 1100 1117 2687 
7381 262 1274 3658 
7382 1261 1062 1446 
7383 395 1382 3897 
7384 2256 3623 4474 
7385 4306 2800 4905 
7386 1004 216 3710 
7387 1100 1101 1117 
7388 16 17 4868 
7389 1506 1632 3886 
7390 3122 3124 4094 
7391 1365 214 3709 
7392 451 463 3900 
7393 3512 2362 4363 
7394 422 424 3956 
7395 3970 3328 4752 
7396 2179 2178 2180 
7397 1910 1861 3882 
7398 669 667 4091 
7399 2501 2445 3117 
7400 1426 1427 1428 
7401 2985 3473 4894 
7402 784 782 4319 
7403 3563 1376 4116 
7404 4015 2093 4797 
7405 3752 2372 4109 
7406 1356 1114 1378 
7407 136 1393 3667 
7408 22 23 4333 
7409 2242 3932 3972 
7410 509 1445 3927 
7411 2620 1894 2621 
7412 590 592 3950 
7413 299 298 4394 
7414 1445 511 3912 
7415 2621 1894 4167 
7416 2775 4138 4556 
7417 1616 1990 1991 
7418 2735 2639 4911 
7419 2958 4151 4640 
7420 1573 3993 4820 
7421 1516 1514 3959 
7422 1886 2012 2531 
7423 1865 2513 3517 
7424 3826 3633 4123 
7425 1378 1114 3323 
7426 3471 3189 3989 
7427 3252 3251 4521 
7428 1372 278 3718 
7429 1340 3620 3934 
7430 4035 2513 4036 
7431 819 822 834 
7432 4169 1950 4358 
7433 2115 3046 4052 
7434 2382 2089 2428 
7435 72 73 4626 
7436 1231 1230 4056 
7437 3063 3042 4161 
7438 1424 1425 1426 
7439 2089 2718 4053 
7440 345 71 4473 
7441 3600 174 3697 
7442 2915 2914 4815 
7443 1281 1423 1424 
7444 293 1066 3662 
7445 2640 2639 2735 
7446 1670 2105 2174 
7447 1758 1757 4046 
7448 1502 1500 3925 
7449 1426 1429 4630 
7450 1718 1563 2301 
7451 1564 1563 1718 
7452 215 1365 3710 
7453 942 3876 4863 
7454 1814 2123 2553 
7455 436 2101 4352 
7456 2910 2883 3207 
7457 226 1002 4064 
7458 3754 606 4179 
7459 1339 1341 4172 
7460 3881 530 3965 
7461 1399 3720 4272 
7462 2092 3392 4595 
7463 2081 4147 4342 
7464 1334 1255 1562 
7465 1458 2328 3980 
7466 257 1371 3704 
7467 3554 1075 3555 
7468 1027 258 3704 
7469 259 1027 3706 
7470 1043 1038 4005 
7471 1566 1788 1789 
7472 1475 1474 1476 
7473 2434 1701 3959 
7474 1933 3999 4045 
7475 1893 2070 2560 
7476 633 653 4185 
7477 3169 3170 4262 
7478 1893 1860 2070 
7479 3060 3261 4307 
7480 2250 2248 2251 
7481 1500 1726 3925 
7482 1378 3323 4221 
7483 2245 1903 2639 
7484 2237 2236 4836 
7485 2091 2431 2506 
7486 2694 2691 4243 
7487 2256 3497 3623 
7488 988 957 3952 
7489 680 679 3894 
7490 1055 280 3717 
7491 957 978 3952 
7492 103 204 3873 
7493 922 3405 4817 
7494 1787 1657 3839 
7495 1495 1493 3936 
7496 4236 3116 4881 
7497 281 1055 3711 
7498 1447 1446 1474 
7499 2322 2318 3961 
7500 1079 1076 3554 
7501 3332 3807 4014 
7502 603 595 4097 
7503 2590 2580 3918 
7504 463 453 3910 
7505 426 428 3957 
7506 173 1384 3697 
7507 3405 1877 4817 
7508 279 1372 3717 
7509 416 468 3938 
7510 2081 1727 4147 
7511 247 1014 4106 
7512 2457 1905 3923 
7513 282 3711 3716 
7514 2690 2691 2692 
7515 2709 3802 4420 
7516 1128 1294 3937 
7517 1475 1476 1670 
7518 1300 283 3716 
7519 4215 2974 4743 
7520 1514 1519 3959 
7521 1065 1063 3915 
7522 792 208 3664 
7523 468 418 3919 
7524 1493 1498 3936 
7525 2586 2593 3929 
7526 1789 1788 2393 
7527 3783 3799 4576 
7528 3681 3241 4077 
7529 2405 590 3950 
7530 2688 2689 2690 
7531 1333 1255 1334 
7532 2595 2584 3929 
7533 4126 3245 4436 
7534 3395 58 4279 
7535 1062 1059 4037 
7536 3610 3685 4156 
7537 1874 1589 3971 
7538 2808 2692 2809 
7539 190 1219 3682 
7540 2582 2595 3918 
7541 86 87 4114 
7542 813 815 821 
7543 2884 2883 2910 
7544 3135 4094 4725 
7545 1573 1408 3993 
7546 402 404 3979 
7547 574 576 4806 
7548 618 616 4355 
7549 1792 1795 4152 
7550 1261 1446 1447 
7551 2318 2320 3961 
7552 1349 1330 4050 
7553 1541 1539 3988 
7554 1130 1303 3939 
7555 2755 2753 2756 
7556 1940 1938 3953 
7557 699 701 4390 
7558 1284 1374 3933 
7559 1439 449 3900 
7560 1016 1012 3960 
7561 331 3790 4520 
7562 1447 1474 1475 
7563 3837 3795 4477 
7564 1144 1143 1145 
7565 2451 2603 4090 
7566 1111 1437 1566 
7567 2491 2492 4099 
7568 2302 2301 2606 
7569 1154 1153 1155 
7570 1010 1008 3962 
7571 3755 3756 4136 
7572 2454 2455 2610 
7573 3611 143 3727 
7574 1537 1534 3973 
7575 2252 2251 2627 
7576 1562 3360 4883 
7577 1779 3269 4414 
7578 1379 194 3705 
7579 2313 2312 4213 
7580 1615 1464 3987 
7581 3691 629 4419 
7582 495 410 3945 
7583 1408 1888 3993 
7584 1668 2115 3908 
7585 420 1435 3919 
7586 3513 922 4075 
7587 621 3833 4066 
7588 1367 251 4128 
7589 883 922 4817 
7590 329 54 4217 
7591 2777 3695 4282 
7592 1454 414 3938 
7593 3608 308 3609 
7594 1122 1121 1132 
7595 2094 2093 4015 
7596 1604 2007 2008 
7597 1785 2258 4087 
7598 424 494 3956 
7599 2668 2667 4148 
7600 4279 326 4848 
7601 101 304 3914 
7602 1356 1603 1604 
7603 1046 1044 3955 
7604 2966 2967 4722 
7605 179 1381 3715 
7606 2643 3793 4169 
7607 2709 2708 4421 
7608 1904 1903 2245 
7609 1566 1437 1788 
7610 1920 1939 3921 
7611 1079 3554 3556 
7612 1330 1361 4050 
7613 1441 1286 3966 
7614 3607 274 4124 
7615 3583 3335 4456 
7616 4231 2835 4570 
7617 1519 3441 4554 
7618 185 2060 3596 
7619 496 402 3979 
7620 2687 1117 2688 
7621 1205 1200 3408 
7622 2522 2368 4087 
7623 2112 2113 2401 
7624 312 286 4204 
7625 1361 3870 4050 
7626 3345 3346 4864 
7627 3453 2360 4126 
7628 148 1185 3712 
7629 1063 1261 3915 
7630 4000 2394 4714 
7631 1111 1096 1437 
7632 975 1376 3944 
7633 2850 4546 4757 
7634 2128 2706 2707 
7635 1751 1752 4073 
7636 1409 3484 4635 
7637 879 929 4009 
7638 1531 1953 4023 
7639 2181 2180 2315 
7640 911 858 4139 
7641 1384 172 3721 
7642 3562 3114 4061 
7643 142 1394 3727 
7644 169 1385 3722 
7645 954 916 4784 
7646 494 426 3957 
7647 1156 1155 1157 
7648 1337 779 4019 
7649 1096 1097 4107 
7650 1392 137 3667 
7651 1186 1180 3373 
7652 340 3702 4194 
7653 412 1454 3945 
7654 2716 3281 4561 
7655 183 1380 3729 
7656 1044 1281 3955 
7657 1535 1532 4023 
7658 1881 1722 4908 
7659 2443 1918 2453 
7660 1710 2406 3898 
7661 1580 1299 4219 
7662 1209 1207 1252 
7663 2302 2606 2607 
7664 3081 3082 4898 
7665 1908 156 3819 
7666 3797 3799 4495 
7667 2819 2308 3968 
7668 1090 1085 3581 
7669 4448 685 4839 
7670 3526 2481 4105 
7671 1435 422 3956 
7672 1380 182 3820 
7673 2707 2708 2709 
7674 1113 1114 1356 
7675 2429 1620 3860 
7676 3720 3143 4272 
7677 1963 2675 3953 
7678 1133 1132 1570 
7679 3637 911 4068 
7680 2455 2189 4171 
7681 286 285 4204 
7682 2616 2008 2618 
7683 3230 2890 4656 
7684 916 851 4273 
7685 4267 3027 4829 
7686 3683 3277 4205 
7687 2442 1918 2443 
7688 1718 2301 2302 
7689 1985 1984 4292 
7690 2566 1969 4193 
7691 3687 1007 3836 
7692 408 495 3922 
7693 1216 1214 1313 
7694 4529 320 4741 
7695 1701 1516 3959 
7696 1190 1188 1237 
7697 2430 2714 4252 
7698 710 712 3995 
7699 2830 4288 4438 
7700 1647 1508 3886 
7701 2710 3220 4841 
7702 3618 121 3812 
7703 1197 1195 1453 
7704 2379 2377 4100 
7705 766 768 840 
7706 3885 1633 4431 
7707 1376 1284 3933 
7708 1160 1159 1161 
7709 3798 345 4174 
7710 2718 3801 4770 
7711 2604 4231 4570 
7712 1387 162 3730 
7713 1170 1167 1171 
7714 4096 329 4217 
7715 1696 2172 4270 
7716 250 1013 4128 
7717 1589 1693 3971 
7718 3857 1651 4614 
7719 928 870 4149 
7720 3373 3374 4127 
7721 2690 2808 4000 
7722 1250 1248 1295 
7723 1836 1894 2082 
7724 2031 2029 2065 
7725 1799 1801 2167 
7726 2027 2025 2166 
7727 993 939 4228 
7728 228 227 4211 
7729 3549 1161 4413 
7730 4790 3914 4915 
7731 809 811 1600 
7732 1803 1805 1847 
7733 587 1403 4179 
7734 1555 3775 4711 
7735 2019 2017 2656 
7736 3311 596 4812 
7737 2725 2327 4177 
7738 1626 2423 4004 
7739 2106 2236 2237 
7740 3494 3631 4647 
7741 313 243 4283 
7742 4058 1295 4226 
7743 3145 1910 3882 
7744 2023 2021 2062 
7745 1137 1135 1571 
7746 1570 1132 1917 
7747 2195 1452 4301 
7748 786 850 4547 
7749 455 1443 3910 
7750 1363 3647 4088 
7751 3653 341 4142 
7752 1121 1115 1391 
7753 1770 3413 4235 
7754 4148 2667 4749 
7755 1179 1175 1181 
7756 2533 3595 4579 
7757 1178 4369 4413 
7758 1891 4625 4826 
7759 1386 158 3818 
7760 18 332 4285 
7761 2189 1603 4018 
7762 4027 4028 4593 
7763 2001 1181 4416 
7764 2044 2042 2067 
7765 306 3598 4098 
7766 4604 4376 4606 
7767 2741 3684 4690 
7768 206 759 3770 
7769 261 260 4227 
7770 2035 2033 2137 
7771 2509 2511 4299 
7772 1084 1080 4044 
7773 2991 3193 4651 
7774 153 1388 3745 
7775 2482 3949 4822 
7776 1254 1250 1255 
7777 2039 2037 2040 
7778 370 3576 4048 
7779 1224 1222 1256 
7780 1752 2112 4073 
7781 3256 3075 4802 
7782 3041 839 4411 
7783 706 708 4016 
7784 3152 1257 4372 
7785 3664 207 3770 
7786 1388 152 3746 
7787 1595 1886 4003 
7788 191 3682 3760 
7789 629 631 4419 
7790 1374 1765 3933 
7791 841 3257 4758 
7792 1964 1333 3624 
7793 2050 2048 2061 
7794 1464 1462 3987 
7795 761 2475 4038 
7796 3530 164 4151 
7797 273 1368 4124 
7798 271 1041 4137 
7799 168 167 4585 
7800 159 1386 3845 
7801 3484 3986 4635 
7802 1334 1562 1563 
7803 244 313 4330 
7804 3024 2381 4271 
7805 1153 1151 1235 
7806 1811 1813 1814 
7807 748 995 4336 
7808 1807 1809 1978 
7809 3719 2105 3978 
7810 2194 674 4001 
7811 164 163 4151 
7812 3901 2566 4193 
7813 4317 2535 4440 
7814 557 553 4370 
7815 1164 114 3776 
7816 3684 2485 4690 
7817 1550 3847 4147 
7818 1368 272 4137 
7819 3605 2001 4416 
7820 2708 2973 4421 
7821 1852 1181 1853 
7822 752 753 4057 
7823 1484 1351 4089 
7824 2923 3228 4229 
7825 193 1218 3705 
7826 2054 2052 2185 
7827 2578 2590 4175 
7828 3793 1323 4169 
7829 1505 1502 3925 
7830 2169 2171 2402 
7831 2525 2852 4494 
7832 2473 1949 4109 
7833 3832 2835 4231 
7834 714 716 4010 
7835 3973 1535 3974 
7836 1460 1458 3980 
7837 858 865 4139 
7838 2337 4261 4500 
7839 1705 3853 4202 
7840 2060 184 3729 
7841 1158 1157 1159 
7842 778 1457 4104 
7843 1394 141 3863 
7844 1351 1723 4089 
7845 1654 1430 4123 
7846 2239 2925 4021 
7847 1663 2003 4436 
7848 309 297 4310 
7849 2836 3781 4779 
7850 1854 1853 1855 
7851 2367 3661 4575 
7852 2172 1979 4902 
7853 1922 1924 4378 
7854 3325 2503 4800 
7855 2399 3610 4156 
7856 2576 2578 4175 
7857 177 176 4675 
7858 2754 2490 4189 
7859 1438 406 3922 
7860 1365 3709 4017 
7861 3894 682 3998 
7862 1827 1829 1848 
7863 1109 1113 1262 
7864 1210 180 3715 
7865 2963 4347 4501 
7866 1823 1825 1826 
7867 2007 2189 2454 
7868 1819 1821 1914 
7869 4101 3014 4750 
7870 1902 1901 1903 
7871 3838 2285 4549 
7872 4330 313 4878 
7873 2626 3537 4256 
7874 120 1402 3812 
7875 1856 1855 2106 
7876 113 3621 3776 
7877 1499 1495 3936 
7878 2342 3681 4077 
7879 181 1210 3820 
7880 3518 3809 4207 
7881 1968 2420 4193 
7882 1218 192 3760 
7883 199 3593 3890 
7884 2696 1946 4022 
7885 109 108 3941 
7886 301 793 3767 
7887 2128 2127 2129 
7888 1817 3583 4456 
7889 2535 3481 4408 
7890 3036 3386 4907 
7891 4242 2774 4892 
7892 674 676 4001 
7893 1870 124 3616 
7894 1534 1535 3973 
7895 2659 4341 4550 
7896 157 1908 3818 
7897 3565 2483 4730 
7898 1012 1406 3960 
7899 783 785 4054 
7900 3555 3915 4293 
7901 2086 3021 4117 
7902 1294 1704 3937 
7903 138 1392 3862 
7904 4444 3079 4560 
7905 2104 4549 4552 
7906 1000 228 4211 
7907 171 1201 3721 
7908 1201 170 3722 
7909 2074 2075 4440 
7910 929 1404 4009 
7911 1146 1145 1202 
7912 1627 3383 4618 
7913 1075 1065 3915 
7914 1462 1468 3987 
7915 882 702 4782 
7916 3584 4077 4475 
7917 3645 1982 4672 
7918 1705 1541 3988 
7919 1246 1231 4056 
7920 4147 2650 4342 
7921 1228 1226 1565 
7922 2561 4498 4611 
7923 3721 3256 4802 
7924 3198 3201 4732 
7925 1558 1142 4791 
7926 1833 1835 1836 
7927 1303 1605 3939 
7928 1159 1157 1178 
7929 1406 3962 3963 
7930 2245 2639 2640 
7931 2854 3976 4354 
7932 3669 317 3670 
7933 3146 2459 4513 
7934 3963 3962 4324 
7935 2058 2056 2066 
7936 682 684 3998 
7937 1008 3455 3962 
7938 2479 2478 2723 
7939 2414 2412 4186 
7940 1333 1334 3624 
7941 288 3615 4289 
7942 167 166 4855 
7943 1643 1642 1865 
7944 1928 1930 4045 
7945 2242 3972 4309 
7946 1539 1631 3988 
7947 1286 2085 3966 
7948 870 868 4149 
7949 1410 3905 4543 
7950 2551 2533 4579 
7951 1942 1718 4081 
7952 2924 2923 4229 
7953 1473 1721 4012 
7954 2591 2592 4205 
7955 2927 3238 4834 
7956 606 587 4179 
7957 178 177 4704 
7958 1631 1537 3973 
7959 4149 3319 4427 
7960 3936 1498 4368 
7961 1067 289 4289 
7962 3507 3575 4356 
7963 3934 3512 4363 
7964 4531 2237 4836 
7965 1398 130 3895 
7966 3651 3811 4225 
7967 734 735 4203 
7968 320 3611 4086 
7969 1989 3934 4363 
7970 602 3577 4522 
7971 242 3656 4283 
7972 1727 1550 4147 
7973 2248 2246 4067 
7974 2984 4002 4334 
7975 3646 245 4330 
7976 1618 1619 4022 
7977 430 574 4286 
7978 919 905 3986 
7979 3975 2512 3976 
7980 115 1164 3777 
7981 3674 792 3675 
7982 1882 2415 4150 
7983 2396 3678 4238 
7984 4705 3005 4808 
7985 1888 3109 3993 
7986 2611 2613 4632 
7987 309 3476 4511 
7988 161 1194 3730 
7989 260 3706 4227 
7990 1081 1016 3960 
7991 2455 4082 4573 
7992 1202 1145 1642 
7993 2753 2490 2754 
7994 3510 2259 4118 
7995 1274 261 4227 
7996 2078 3510 4641 
7997 154 3745 4110 
7998 2224 3032 4251 
7999 1103 1105 1527 
8000 2145 2063 2284 
8001 1399 126 3806 
8002 1799 2167 4152 
8003 2742 2740 4700 
8004 2443 2453 3429 
8005 3165 3166 4608 
8006 1406 1010 3962 
8007 1946 1618 4022 
8008 391 546 4468 
8009 1423 1043 4005 
8010 1570 1917 1918 
8011 1466 1615 4027 
8012 1194 160 3845 
8013 3676 1030 4745 
8014 3700 729 4463 
8015 922 921 4075 
8016 2643 4169 4358 
8017 1606 1751 4277 
8018 1323 1610 4169 
8019 803 805 4029 
8020 905 940 3986 
8021 2692 2693 4047 
8022 4052 2630 4479 
8023 498 558 4190 
8024 151 1184 3746 
8025 718 720 4042 
8026 2070 1860 4046 
8027 1053 1046 3955 
8028 3287 976 4339 
8029 2012 1622 4004 
8030 1488 1441 3966 
8031 3392 3393 4595 
8032 404 1438 3979 
8033 1568 1647 4302 
8034 1604 1603 2007 
8035 1377 3472 4252 
8036 3946 2132 4727 
8037 751 3964 4794 
8038 3706 2908 4227 
8039 4130 2166 4838 
8040 1814 1815 2123 
8041 755 757 4038 
8042 3825 344 4031 
8043 3847 2650 4147 
8044 1659 1661 4043 
8045 3393 527 4627 
8046 3510 3349 4641 
8047 3333 4324 4518 
8048 127 1399 3896 
8049 729 731 4463 
8050 2716 3677 4412 
8051 464 443 4159 
8052 337 3570 4660 
8053 921 943 4075 
8054 762 764 4346 
8055 3671 879 4009 
8056 1643 1865 1901 
8057 3147 2417 4287 
8058 913 986 4026 
8059 2315 2180 2478 
8060 1385 4585 4698 
8061 3360 3467 4883 
8062 2315 2478 2479 
8063 852 4062 4273 
8064 4074 2464 4564 
8065 2557 2759 4506 
8066 1511 1466 4027 
8067 2072 2378 4523 
8068 2553 2123 2554 
8069 4047 839 4294 
8070 676 680 4001 
8071 2936 2937 4247 
8072 2390 2696 4033 
8073 753 1525 4057 
8074 3531 2905 4297 
8075 2895 2896 4867 
8076 2933 2936 4777 
8077 1930 1933 4045 
8078 1839 1841 2135 
8079 3652 3651 4225 
8080 800 803 4039 
8081 2907 3531 4457 
8082 2015 3496 4386 
8083 3533 3534 4281 
8084 2653 2483 4212 
8085 1826 1827 3958 
8086 3144 3394 4798 
8087 901 633 4185 
8088 295 1373 4321 
8089 3962 3455 4324 
8090 14 15 4254 
8091 3570 3569 4613 
8092 861 3637 4381 
8093 3660 2567 4103 
8094 1427 1530 4002 
8095 3013 3012 4519 
8096 1082 1083 4503 
8097 3038 3375 4593 
8098 915 863 4381 
8099 795 798 4059 
8100 163 1387 4151 
8101 3516 2627 4764 
8102 1356 1378 1603 
8103 1661 1664 4043 
8104 140 1177 3863 
8105 1409 1407 4040 
8106 1097 1100 4107 
8107 3239 2720 4848 
8108 2814 2605 4478 
8109 3421 3837 4477 
8110 1990 1428 4002 
8111 1446 1062 4037 
8112 2604 4100 4231 
8113 2602 2390 4033 
8114 1402 119 3813 
8115 289 288 4289 
8116 836 783 4054 
8117 2599 2574 4465 
8118 2703 3607 4124 
8119 4486 2555 4663 
8120 1969 1968 4193 
8121 2852 2543 4209 
8122 684 688 3998 
8123 2965 3372 4284 
8124 243 242 4283 
8125 3625 2239 4021 
8126 555 3823 4370 
8127 828 706 4016 
8128 2666 3161 4731 
8129 2447 1716 4337 
8130 1143 1141 1253 
8131 1177 139 3862 
8132 285 284 4278 
8133 3022 2729 4865 
8134 2111 1418 4716 
8135 689 692 4183 
8136 4177 1266 4355 
8137 2761 3283 4792 
8138 2553 2554 3994 
8139 58 59 4279 
8140 712 833 3995 
8141 807 809 4101 
8142 125 1870 3806 
8143 847 669 4091 
8144 3701 4090 4688 
8145 4206 2830 4314 
8146 2398 2315 4176 
8147 3124 3127 4094 
8148 836 4054 4065 
8149 4109 2832 4304 
8150 2279 2277 4599 
8151 2112 2731 4073 
8152 830 795 4059 
8153 575 432 4409 
8154 284 1300 4278 
8155 1202 1642 1643 
8156 2387 3750 4096 
8157 1836 1837 1894 
8158 4059 1434 4060 
8159 1407 1573 4040 
8160 912 913 4026 
8161 227 4064 4211 
8162 3739 2448 4398 
8163 814 837 4536 
8164 1843 1845 1846 
8165 2205 1783 4766 
8166 1935 1928 4045 
8167 2547 3654 4565 
8168 365 4375 4619 
8169 3667 1393 3668 
8170 3925 2437 4275 
8171 3789 2258 4581 
8172 3468 3816 4553 
8173 759 205 3771 
8174 3316 3318 4437 
8175 3597 310 4187 
8176 833 714 4010 
8177 344 22 4333 
8178 1149 1146 3990 
8179 748 4336 4657 
8180 2359 3454 4605 
8181 749 826 4078 
8182 29 30 4267 
8183 3775 1998 4711 
8184 1543 1705 4202 
8185 1545 1543 4202 
8186 3467 2301 4883 
8187 2402 2171 3951 
8188 2435 1499 3936 
8189 3462 1357 4760 
8190 1998 1280 4711 
8191 2277 2274 4557 
8192 787 789 4085 
8193 2971 1943 4673 
8194 3208 2461 4331 
8195 1448 912 4026 
8196 692 1326 4183 
8197 1877 3405 4759 
8198 1783 1895 4499 
8199 1237 4127 4574 
8200 2231 1789 4025 
8201 3802 2709 4421 
8202 2862 2864 4251 
8203 86 4114 4312 
8204 1292 200 3890 
8205 2875 2873 4223 
8206 1002 3644 4108 
8207 3520 2636 4207 
8208 4091 1601 4480 
8209 3149 3758 4875 
8210 2620 2621 2747 
8211 297 296 4310 
8212 4029 3013 4039 
8213 3000 2528 4638 
8214 268 1042 4443 
8215 2492 3088 4246 
8216 4243 1527 4244 
8217 822 823 4756 
8218 3043 2568 4694 
8219 746 749 4078 
8220 3613 3321 4615 
8221 3543 746 4078 
8222 757 761 4038 
8223 2292 2316 4121 
8224 2476 1488 3966 
8225 3616 321 3617 
8226 482 484 4492 
8227 1780 2076 4236 
8228 129 1169 3895 
8229 3712 3283 4429 
8230 3885 2414 4186 
8231 2472 2210 4641 
8232 3685 2226 4156 
8233 2428 2089 4053 
8234 2929 1900 4664 
8235 2771 2396 4238 
8236 3637 3317 4381 
8237 2082 1894 2620 
8238 296 295 4321 
8239 1770 4235 4406 
8240 716 1480 4010 
8241 1481 710 3995 
8242 433 3844 4409 
8243 1428 1427 4002 
8244 291 3659 4379 
8245 3839 1659 4043 
8246 116 3777 3852 
8247 805 824 4029 
8248 1079 3556 4044 
8249 1169 128 3896 
8250 1100 2687 4107 
8251 2822 2824 4393 
8252 1185 147 4313 
8253 2523 3792 4763 
8254 844 4168 4870 
8255 2096 2392 4260 
8256 2133 1742 4302 
8257 3750 4008 4096 
8258 3502 2751 4683 
8259 1070 3689 4745 
8260 145 320 4529 
8261 720 791 4042 
8262 1041 270 4383 
8263 708 1481 4016 
8264 680 3894 3947 
8265 1879 2127 2128 
8266 3497 2254 4216 
8267 2880 2877 4083 
8268 2917 2918 4845 
8269 594 602 4522 
8270 722 724 4181 
8271 1386 3818 4533 
8272 1434 800 4039 
8273 866 915 4544 
8274 2755 2756 4389 
8275 1066 292 4379 
8276 4018 1378 4221 
8277 2665 2659 4550 
8278 1028 1022 4452 
8279 688 686 4323 
8280 837 4223 4536 
8281 827 752 4057 
8282 2159 4123 4347 
8283 3497 678 4833 
8284 3441 3039 4320 
8285 266 3613 4615 
8286 3604 2236 4464 
8287 110 1880 3942 
8288 2943 4406 4523 
8289 147 146 4313 
8290 1757 1580 4219 
8291 1437 1096 4107 
8292 3883 3054 4256 
8293 3876 942 4884 
8294 3662 3230 4656 
8295 724 3992 4181 
8296 3820 2999 4623 
8297 3997 2237 4531 
8298 1371 256 4442 
8299 245 244 4330 
8300 3788 3787 4581 
8301 2485 3183 4690 
8302 1359 4207 4485 
8303 4209 3089 4432 
8304 798 1434 4059 
8305 1986 1492 4102 
8306 1042 267 4615 
8307 2361 1780 4236 
8308 2645 2165 4426 
8309 1952 1450 4377 
8310 2701 4611 4666 
8311 1525 755 4038 
8312 3286 3857 4614 
8313 2473 4109 4304 
8314 2943 4523 4706 
8315 4370 3823 4798 
8316 802 203 3875 
8317 1480 718 4042 
8318 1704 2382 3937 
8319 336 3571 4827 
8320 3645 3145 4718 
8321 789 796 4085 
8322 2534 3424 4531 
8323 1529 1390 4317 
8324 85 86 4312 
8325 3955 2371 4316 
8326 4299 1479 4318 
8327 2707 2706 2708 
8328 1721 2091 4012 
8329 2809 2692 4047 
8330 3555 1075 3915 
8331 370 4048 4375 
8332 1789 2393 4025 
8333 201 1292 3891 
8334 1291 3334 4819 
8335 3463 824 4750 
8336 824 807 4101 
8337 2369 2523 4763 
8338 3743 4099 4405 
8339 1742 1568 4302 
8340 2496 3953 4305 
8341 1295 4058 4540 
8342 1829 1831 4115 
8343 108 107 1549 
8344 2254 2252 4216 
8345 3052 3174 4825 
8346 4122 3411 4365 
8347 3599 306 4105 
8348 4824 2747 4877 
8349 2331 2330 4261 
8350 325 4495 4739 
8351 1814 2553 4153 
8352 220 1005 4837 
8353 2003 4126 4436 
8354 3746 1184 3747 
8355 2373 3792 4813 
8356 851 852 4273 
8357 3333 3963 4324 
8358 1379 3705 4093 
8359 2488 2991 4474 
8360 1013 249 4548 
8361 785 1552 4054 
8362 118 1163 3813 
8363 3940 2392 4861 
8364 3529 2957 4607 
8365 347 3949 4678 
8366 4077 3242 4475 
8367 2128 2129 2706 
8368 3875 202 3891 
8369 4099 2492 4405 
8370 691 3928 4897 
8371 2252 2627 4216 
8372 1605 1606 4277 
8373 2110 2133 4680 
8374 2483 3565 4823 
8375 2502 4144 4221 
8376 2228 2834 4610 
8377 2291 2439 2716 
8378 791 722 4181 
8379 1685 516 4804 
8380 3844 3449 4409 
8381 3511 2591 4788 
8382 314 197 4280 
8383 3182 3304 4761 
8384 3258 1266 4509 
8385 2834 3550 4610 
8386 1192 3948 4860 
8387 1201 3722 4455 
8388 3747 2762 4349 
8389 2721 3395 4279 
8390 1163 117 3852 
8391 3811 2337 4225 
8392 774 778 4104 
8393 4260 3443 4562 
8394 545 2989 4721 
8395 255 4011 4442 
8396 2561 2012 4423 
8397 1199 1197 4119 
8398 2381 2623 4271 
8399 2420 1970 4250 
8400 1207 1205 4145 
8401 3170 3173 4262 
8402 3564 355 4823 
8403 1071 4505 4831 
8404 3136 3581 4335 
8405 776 774 4104 
8406 4008 329 4096 
8407 1815 1817 4456 
8408 2759 2559 4560 
8409 496 3979 4200 
8410 2854 4035 4353 
8411 1212 1209 4122 
8412 373 372 4487 
8413 2251 2248 4067 
8414 1218 3760 4567 
8415 3957 428 4286 
8416 105 101 4434 
8417 2040 3619 4895 
8418 3953 2675 4305 
8419 4013 2536 4647 
8420 459 3784 4876 
8421 3795 26 4239 
8422 2330 3991 4261 
8423 4026 2901 4377 
8424 3559 319 4755 
8425 1069 1074 4505 
8426 2029 2027 4130 
8427 1718 2302 4081 
8428 2435 3936 4368 
8429 428 430 4286 
8430 3488 2664 4633 
8431 2307 2509 4318 
8432 2567 2566 4270 
8433 24 330 4462 
8434 4259 1917 4382 
8435 1220 1216 4129 
8436 2371 1424 4630 
8437 1572 3832 4231 
8438 3143 2849 4222 
8439 2884 2910 4268 
8440 982 1409 4635 
8441 1133 1570 4184 
8442 2021 2019 4134 
8443 2025 2023 4140 
8444 1117 1101 4201 
8445 3207 2883 4083 
8446 1160 1161 4258 
8447 43 44 4361 
8448 1877 842 4817 
8449 4556 1263 4735 
8450 1188 1186 4127 
8451 2821 2477 4556 
8452 3661 3371 4575 
8453 2033 2031 4143 
8454 1492 1490 4102 
8455 1717 1577 4410 
8456 1950 2474 4358 
8457 2042 2039 4141 
8458 2314 3573 4269 
8459 3689 3676 4745 
8460 3471 2457 4901 
8461 2128 2707 4237 
8462 2327 3913 4177 
8463 1490 2476 4102 
8464 4060 3181 4461 
8465 1801 1803 4133 
8466 2680 2705 4415 
8467 4691 2809 4702 
8468 2284 4214 4671 
8469 1031 1032 4498 
8470 292 291 4379 
8471 2981 4396 4805 
8472 3853 3096 4202 
8473 4127 3374 4574 
8474 4248 2781 4795 
8475 2445 847 4091 
8476 2610 2455 4573 
8477 1222 1220 4132 
8478 1167 1165 4146 
8479 2091 2506 4012 
8480 1165 1160 4258 
8481 348 3788 4810 
8482 352 3759 4362 
8483 3801 2718 4774 
8484 149 3712 4429 
8485 3026 4366 4837 
8486 1552 787 4085 
8487 1535 4023 4311 
8488 1402 3813 3814 
8489 2667 3020 4749 
8490 3127 3301 4094 
8491 3010 4402 4709 
8492 3762 3761 4309 
8493 2952 2951 4457 
8494 1809 1811 4153 
8495 3606 132 4569 
8496 4028 3038 4593 
8497 2865 3952 4422 
8498 2704 2703 4742 
8499 367 370 4375 
8500 4204 285 4278 
8501 790 788 4445 
8502 2908 2909 4914 
8503 1724 2241 4334 
8504 1827 1848 3958 
8505 2483 1954 4730 
8506 2851 4102 4566 
8507 2453 1918 4259 
8508 3251 2473 4304 
8509 2316 1991 4315 
8510 3177 3179 4846 
8511 3572 3762 4309 
8512 4048 2653 4375 
8513 1107 1109 4178 
8514 1805 1807 4157 
8515 4213 3642 4513 
8516 2095 2096 4260 
8517 4084 347 4678 
8518 2129 2556 4051 
8519 2877 2875 4327 
8520 204 802 3873 
8521 2185 4158 4857 
8522 2052 2050 4158 
8523 2511 2906 4299 
8524 2886 2884 4268 
8525 4415 2705 4490 
8526 3777 1164 3778 
8527 2623 3765 4392 
8528 2996 3560 4799 
8529 2688 4000 4714 
8530 4055 3465 4696 
8531 2208 2770 4828 
8532 270 269 4383 
8533 4035 4036 4353 
8534 3831 3843 4356 
8535 2625 3333 4518 
8536 1146 1202 3990 
8537 3247 3311 4812 
8538 3976 2854 4353 
8539 803 4029 4039 
8540 2362 2535 4408 
8541 3917 3345 4864 
8542 1679 577 4417 
8543 2496 3491 4830 
8544 1510 3325 4800 
8545 3792 2373 4763 
8546 2769 4529 4741 
8547 3162 2202 4545 
8548 1226 1224 4160 
8549 2115 4052 4479 
8550 4119 3103 4532 
8551 1633 3885 4186 
8552 3472 1510 4771 
8553 1821 1823 4165 
8554 2178 1985 4292 
8555 4100 1572 4231 
8556 2180 2178 4224 
8557 3087 2488 4644 
8558 2883 2880 4083 
8559 1101 1103 4201 
8560 3029 3529 4607 
8561 2631 3487 4499 
8562 2660 2663 4341 
8563 1184 150 4429 
8564 809 1600 4101 
8565 3462 3970 4752 
8566 4525 2124 4780 
8567 1836 2082 4180 
8568 3537 3921 4256 
8569 3968 2309 4707 
8570 248 4106 4548 
8571 1139 1137 4173 
8572 2734 2530 4639 
8573 4261 3420 4500 
8574 1647 3886 4230 
8575 131 1398 4569 
8576 2392 2819 4861 
8577 103 3873 3874 
8578 2255 2256 4601 
8579 306 4098 4105 
8580 1632 1505 4275 
8581 4174 2623 4392 
8582 2076 1645 4668 
8583 4549 3356 4552 
8584 2056 2054 4170 
8585 150 149 4429 
8586 1716 1778 4337 
8587 4085 796 4163 
8588 2220 3909 4909 
8589 4484 3381 4633 
8590 1967 1965 4642 
8591 3181 4060 4488 
8592 939 3881 4228 
8593 4023 2635 4311 
8594 1035 1036 4666 
8595 1837 1839 4167 
8596 3352 3523 4398 
8597 3886 3887 4230 
8598 3391 2609 4771 
8599 3801 1470 4770 
8600 4148 2367 4575 
8601 2675 2941 4305 
8602 2618 2008 4154 
8603 3991 3420 4261 
8604 3664 3400 4326 
8605 2995 895 4583 
8606 3196 3960 4765 
8607 1454 3542 4796 
8608 893 891 4586 
8609 4832 1182 4846 
8610 3457 2608 4884 
8611 1741 2095 4900 
8612 3069 3155 4807 
8613 4389 2975 4695 
8614 553 555 4370 
8615 107 106 4241 
8616 1283 1555 4711 
8617 1562 1255 4255 
8618 4294 763 4702 
8619 1952 4377 4727 
8620 3602 4484 4633 
8621 2559 2975 4389 
8622 1135 1133 4184 
8623 71 72 4473 
8624 3737 2498 4738 
8625 2008 2007 4154 
8626 3851 557 4296 
8627 2789 2790 4340 
8628 2642 2641 4359 
8629 1831 1833 4180 
8630 3725 2599 4339 
8631 4103 3340 4338 
8632 4188 2402 4896 
8633 4474 3623 4644 
8634 3588 3586 4681 
8635 310 222 4366 
8636 686 689 4323 
8637 4123 3633 4347 
8638 1116 1122 4558 
8639 487 485 4433 
8640 2258 3846 4581 
8641 4470 2172 4902 
8642 256 255 4442 
8643 836 4065 4264 
8644 772 776 4659 
8645 2811 2231 4384 
8646 304 705 3914 
8647 3594 3674 4206 
8648 1982 2946 4672 
8649 3596 3119 4755 
8650 3789 331 4520 
8651 3102 3988 4851 
8652 1632 4275 4401 
8653 2644 2643 4358 
8654 1991 2537 4315 
8655 3784 3889 4876 
8656 4195 2711 4196 
8657 1356 1604 4263 
8658 2650 2651 4342 
8659 1781 4013 4647 
8660 4310 296 4321 
8661 4271 345 4473 
8662 745 748 4657 
8663 269 268 4443 
8664 873 699 4390 
8665 2679 3609 4772 
8666 3876 2657 4863 
8667 3210 3471 4901 
8668 4301 2696 4397 
8669 4090 2603 4688 
8670 2820 1989 4363 
8671 2246 2245 4197 
8672 3658 1274 4654 
8673 2647 4235 4245 
8674 3498 2519 4551 
8675 1219 189 4328 
8676 4082 4572 4573 
8677 302 3767 4591 
8678 2736 2607 4781 
8679 3405 2615 4759 
8680 1948 1915 4705 
8681 813 821 4232 
8682 2619 3943 4491 
8683 3643 2791 4858 
8684 4324 1297 4518 
8685 1771 1770 4406 
8686 3889 1443 4876 
8687 2471 2538 4380 
8688 1109 1262 4178 
8689 2465 3477 4859 
8690 3992 1877 4182 
8691 3690 390 4608 
8692 3821 3630 4535 
8693 1393 3669 4199 
8694 2469 4298 4854 
8695 2576 4175 4465 
8696 1505 3925 4275 
8697 3579 3821 4535 
8698 4137 1041 4676 
8699 4287 2111 4716 
8700 863 861 4381 
8701 2538 2680 4415 
8702 317 3606 4195 
8703 4112 1185 4537 
8704 1443 457 4876 
8705 1027 3704 4297 
8706 4181 3992 4182 
8707 1094 3582 4371 
8708 2748 2750 4352 
8709 2398 4176 4189 
8710 1918 1917 4259 
8711 3021 2373 4813 
8712 73 328 4626 
8713 2401 2113 4412 
8714 1917 1132 4253 
8715 2406 3087 4350 
8716 1530 1724 4334 
8717 3592 1053 4316 
8718 4207 2636 4485 
8719 1050 1070 4745 
8720 1498 2184 4368 
8721 1621 4380 4415 
8722 3602 463 4484 
8723 2617 2616 4428 
8724 2376 3851 4296 
8725 4748 1619 4801 
8726 2745 4832 4846 
8727 777 762 4346 
8728 3761 2242 4309 
8729 3942 1880 3943 
8730 3423 4031 4333 
8731 2328 4264 4807 
8732 1209 1252 4122 
8733 3473 2907 4894 
8734 2326 2539 4403 
8735 2722 3769 4822 
8736 3843 2111 4356 
8737 3977 3976 4353 
8738 3656 2915 4283 
8739 3960 1406 4765 
8740 2711 2102 4534 
8741 3865 2750 4699 
8742 2723 2478 4372 
8743 1252 1207 4145 
8744 2718 2088 4774 
8745 4374 3130 4646 
8746 3905 599 4720 
8747 4007 1148 4434 
8748 298 309 4394 
8749 1216 1313 4129 
8750 4067 2246 4197 
8751 2536 2407 4399 
8752 4149 868 4544 
8753 4079 2376 4296 
8754 2448 3352 4398 
8755 1197 1453 4119 
8756 3489 2311 4441 
8757 3264 2516 4799 
8758 2907 4457 4894 
8759 3575 3831 4356 
8760 4380 2538 4415 
8761 3633 2529 4347 
8762 1759 3650 4418 
8763 2512 2443 4322 
8764 3964 2614 4794 
8765 1214 1212 4365 
8766 678 2947 4833 
8767 2206 3029 4607 
8768 368 3504 4478 
8769 1894 1837 4167 
8770 4347 2529 4501 
8771 4019 836 4264 
8772 1205 3408 4145 
8773 2007 2454 4154 
8774 2027 2166 4130 
8775 2328 4019 4264 
8776 3506 2669 4736 
8777 1939 1922 4378 
8778 811 813 4232 
8779 2065 2029 4130 
8780 2063 2058 4214 
8781 2906 3473 4329 
8782 2256 4474 4601 
8783 2852 4209 4432 
8784 1434 4039 4519 
8785 2031 2065 4143 
8786 2315 2479 4176 
8787 2019 2656 4134 
8788 305 3594 4314 
8789 2166 2025 4140 
8790 2527 2820 4697 
8791 1171 1167 4146 
8792 2475 4360 4682 
8793 1261 1447 4293 
8794 2062 2021 4134 
8795 1256 1222 4132 
8796 4845 4425 4879 
8797 3159 3160 4720 
8798 2067 2042 4141 
8799 2167 1801 4133 
8800 74 75 4521 
8801 3648 2641 4715 
8802 2023 2062 4140 
8803 4090 340 4194 
8804 3642 2157 4513 
8805 3229 2497 4545 
8806 3898 2406 4350 
8807 1237 1188 4127 
8808 2120 2169 4188 
8809 2137 2033 4143 
8810 325 3797 4495 
8811 2039 2040 4141 
8812 1186 3373 4127 
8813 2983 4330 4878 
8814 1803 1847 4133 
8815 4461 3181 4761 
8816 1563 1562 4883 
8817 3974 1535 4311 
8818 1141 1139 4208 
8819 1848 1829 4115 
8820 631 901 4419 
8821 4468 546 4874 
8822 1847 1805 4157 
8823 4082 4081 4572 
8824 1295 1248 4226 
8825 873 4390 4724 
8826 2931 2933 4777 
8827 3523 342 4398 
8828 3870 2642 4776 
8829 4043 2124 4525 
8830 2755 4389 4695 
8831 1053 3955 4316 
8832 4293 1478 4374 
8833 432 433 4409 
8834 2697 3658 4654 
8835 1845 1879 4237 
8836 3100 3101 4459 
8837 3615 312 4357 
8838 2769 4741 4793 
8839 1248 1246 4226 
8840 2648 2649 4677 
8841 2245 2640 4197 
8842 3707 3382 4470 
8843 2478 2180 4224 
8844 4002 1530 4334 
8845 2694 4367 4692 
8846 2231 4025 4307 
8847 705 303 4591 
8848 3046 3047 4453 
8849 354 16 4868 
8850 2556 2557 4506 
8851 2535 2074 4440 
8852 2913 1239 4588 
8853 3581 1084 4335 
8854 3802 1243 4420 
8855 3585 4037 4451 
8856 2050 2061 4158 
8857 4264 3069 4807 
8858 1880 109 3941 
8859 1978 1809 4153 
8860 2185 2052 4158 
8861 2156 1762 4718 
8862 1841 1843 4233 
8863 1811 1814 4153 
8864 1224 1256 4160 
8865 2701 2531 4611 
8866 3212 1627 4691 
8867 2466 2940 4562 
8868 919 3986 4454 
8869 1448 4026 4377 
8870 4242 2897 4871 
8871 4061 3114 4779 
8872 1391 1115 4371 
8873 2875 4223 4327 
8874 1834 2844 4689 
8875 3130 3556 4646 
8876 2649 4161 4677 
8877 1199 4119 4532 
8878 1807 1978 4157 
8879 1565 1226 4160 
8880 2564 2435 4368 
8881 2574 2576 4465 
8882 1137 1571 4173 
8883 3972 336 4827 
8884 4618 2808 4691 
8885 4344 3002 4345 
8886 1185 4313 4537 
8887 817 4055 4696 
8888 2902 1887 4571 
8889 1313 1214 4365 
8890 3033 2389 4913 
8891 2475 3536 4360 
8892 2706 2129 4051 
8893 2955 3559 4215 
8894 29 4267 4829 
8895 390 391 4468 
8896 2066 2056 4170 
8897 689 4183 4323 
8898 3253 4141 4895 
8899 1103 1527 4201 
8900 4150 2995 4913 
8901 2054 2185 4170 
8902 146 145 4529 
8903 2988 4095 4660 
8904 4078 2961 4596 
8905 106 105 1148 
8906 3623 3497 4833 
8907 4046 1757 4344 
8908 3674 3675 4206 
8909 1450 1448 4377 
8910 3605 1171 4816 
8911 3420 3421 4500 
8912 3949 2722 4822 
8913 3571 3572 4827 
8914 249 248 4548 
8915 1084 4044 4335 
8916 3990 3562 4061 
8917 319 3596 4755 
8918 3560 4676 4799 
8919 4083 2877 4327 
8920 3226 2550 4748 
8921 976 932 4783 
8922 3328 3535 4752 
8923 3226 4748 4801 
8924 2554 3872 4634 
8925 1914 1821 4165 
8926 2092 4595 4907 
8927 2098 3500 4661 
8928 3836 1007 4424 
8929 2443 3429 4322 
8930 680 3947 4486 
8931 3414 3691 4419 
8932 311 3612 4388 
8933 1823 1826 4165 
8934 3591 2719 4778 
8935 3465 2191 4709 
8936 2361 4236 4881 
8937 2165 2434 4426 
8938 1665 1663 4436 
8939 307 3601 4395 
8940 3590 333 4852 
8941 3321 2329 4891 
8942 2231 4307 4384 
8943 4081 2736 4572 
8944 4031 344 4333 
8945 4288 3397 4438 
8946 1178 1157 4472 
8947 3687 3836 4516 
8948 1847 4157 4248 
8949 3479 521 4893 
8950 1571 1135 4184 
8951 2721 4279 4848 
8952 3670 4195 4196 
8953 2113 2291 4412 
8954 2942 3563 4343 
8955 2725 4177 4355 
8956 2829 2830 4438 
8957 2815 3699 4645 
8958 4191 3022 4865 
8959 3969 2526 4494 
8960 4037 1058 4451 
8961 1600 811 4232 
8962 2809 4047 4294 
8963 4390 3141 4724 
8964 3699 336 4645 
8965 2010 2220 4909 
8966 4235 3413 4245 
8967 4377 2901 4727 
8968 3896 1399 4272 
8969 2614 2174 4794 
8970 132 131 4569 
8971 3696 2778 4430 
8972 2616 2618 4559 
8973 3874 4604 4606 
8974 2686 2685 4740 
8975 3091 3090 4780 
8976 2702 2701 4450 
8977 1582 3493 4697 
8978 3765 1885 4392 
8979 3950 596 4768 
8980 1764 3302 4701 
8981 3556 3554 4646 
8982 4146 1165 4258 
8983 4383 269 4443 
8984 3569 351 4613 
8985 3670 317 4195 
8986 4039 3013 4519 
8987 2505 4152 4466 
8988 2824 2823 4555 
8989 3767 3508 4591 
8990 3200 4005 4775 
8991 1250 1295 4255 
8992 2284 2063 4214 
8993 1839 2135 4167 
8994 2896 3384 4867 
8995 372 3361 4778 
8996 1161 1159 4413 
8997 3394 4370 4798 
8998 3361 3591 4778 
8999 1833 1836 4180 
9000 4064 2742 4211 
9001 3887 1632 4401 
9002 1757 4219 4344 
9003 1121 1391 4253 
9004 3391 4771 4800 
9005 3635 3584 4475 
9006 3166 3462 4760 
9007 31 32 4622 
9008 1220 4129 4132 
9009 4368 2184 4598 
9010 4354 882 4782 
9011 3815 1403 4809 
9012 4033 2696 4301 
9013 3711 1055 4373 
9014 2506 2431 4407 
9015 3669 3670 4199 
9016 2656 2017 4386 
9017 4220 3498 4551 
9018 2526 2525 4494 
9019 3986 940 4635 
9020 2189 4018 4171 
9021 2058 2066 4214 
9022 2135 4233 4234 
9023 1793 1241 4649 
9024 303 302 4591 
9025 1195 1192 4860 
9026 3923 919 4454 
9027 2707 2709 4481 
9028 4385 2670 4674 
9029 2646 2072 4523 
9030 2529 3000 4501 
9031 2636 2637 4485 
9032 4313 146 4529 
9033 3353 3743 4405 
9034 731 734 4463 
9035 792 3664 4326 
9036 2516 2514 4528 
9037 1813 1812 4769 
9038 2280 4136 4557 
9039 4341 1641 4550 
9040 1181 1175 4416 
9041 1246 4056 4226 
9042 3965 2104 4552 
9043 2445 4091 4480 
9044 3668 1393 4199 
9045 2432 3732 4643 
9046 4186 2412 4680 
9047 1255 1250 4255 
9048 3609 308 4772 
9049 1412 1410 4543 
9050 1132 1121 4253 
9051 2751 3893 4683 
9052 815 817 4696 
9053 1642 1145 4300 
9054 2200 3468 4553 
9055 1388 3746 4282 
9056 2017 2015 4386 
9057 1357 3690 4760 
9058 1776 3409 4515 
9059 2808 2809 4691 
9060 2169 2402 4188 
9061 1437 4107 4502 
9062 1584 4176 4512 
9063 2291 2716 4412 
9064 4095 337 4660 
9065 4430 2778 4856 
9066 2924 4229 4418 
9067 327 3969 4494 
9068 3931 3255 4849 
9069 1262 1113 4263 
9070 3675 792 4326 
9071 4075 1400 4684 
9072 3817 3149 4875 
9073 3393 4320 4595 
9074 1855 1853 4464 
9075 1194 3845 4308 
9076 4331 2461 4662 
9077 1175 1173 4416 
9078 4392 1885 4576 
9079 4299 2906 4329 
9080 4009 1874 4542 
9081 1033 1028 4452 
9082 4224 2178 4292 
9083 2765 4131 4401 
9084 2835 3239 4570 
9085 3725 4339 4694 
9086 2523 2522 4520 
9087 576 1684 4806 
9088 3566 4342 4658 
9089 4559 2618 4834 
9090 2061 2048 4496 
9091 4000 2808 4618 
9092 2378 2451 4706 
9093 3342 4337 4338 
9094 2778 2009 4856 
9095 4034 2500 4613 
9096 2738 2739 4541 
9097 1253 1141 4208 
9098 4107 2687 4502 
9099 267 266 4615 
9100 1545 4202 4668 
9101 2195 4301 4397 
9102 1113 1356 4263 
9103 840 768 4652 
9104 3744 2743 4580 
9105 1444 482 4492 
9106 3619 3253 4895 
9107 868 866 4544 
9108 1485 1484 4801 
9109 2627 2251 4897 
9110 2394 4502 4714 
9111 4569 1398 4841 
9112 1212 4122 4365 
9113 1235 1151 4786 
9114 596 594 4522 
9115 3985 2823 4735 
9116 2618 4154 4325 
9117 4115 1831 4180 
9118 2834 3801 4774 
9119 4292 1984 4636 
9120 2632 4376 4602 
9121 357 3635 4475 
9122 3567 3566 4658 
9123 2758 4845 4879 
9124 2696 4022 4397 
9125 2930 4120 4411 
9126 3943 2619 4577 
9127 3758 334 4875 
9128 4103 2567 4530 
9129 2642 4135 4776 
9130 1058 3592 4451 
9131 2126 2897 4892 
9132 4011 2952 4442 
9133 2373 3841 4763 
9134 3220 3606 4569 
9135 2504 3671 4542 
9136 1901 1865 4597 
9137 2309 3163 4707 
9138 2135 1841 4233 
9139 3909 2220 4910 
9140 2274 2280 4557 
9141 2833 1881 4908 
9142 4244 4178 4367 
9143 39 40 4862 
9144 1365 4017 4628 
9145 1846 1845 4237 
9146 3024 4271 4473 
9147 28 29 4829 
9148 4120 2617 4428 
9149 2752 4790 4915 
9150 2564 4368 4598 
9151 2477 2775 4556 
9152 3319 4149 4544 
9153 3043 4694 4783 
9154 361 3701 4688 
9155 1159 1178 4413 
9156 2670 2151 4674 
9157 1843 1846 4233 
9158 928 4149 4427 
9159 4572 850 4573 
9160 3150 3543 4596 
9161 4225 2337 4500 
9162 2544 3645 4672 
9163 3212 4691 4702 
9164 2800 1242 4905 
9165 3868 1433 4849 
9166 3608 3609 4854 
9167 3638 325 4739 
9168 3341 4103 4530 
9169 2040 2037 4726 
9170 2495 4020 4889 
9171 2553 3994 4435 
9172 3928 2627 4897 
9173 3188 3502 4683 
9174 1879 2128 4237 
9175 3594 4206 4314 
9176 3117 2445 4480 
9177 2731 2401 4446 
9178 2670 3778 4594 
9179 3408 1199 4532 
9180 2137 3981 4726 
9181 2132 1952 4727 
9182 3914 705 4303 
9183 1984 3703 4636 
9184 4005 1037 4775 
9185 1548 3737 4738 
9186 3746 3747 4282 
9187 2035 2137 4726 
9188 4337 1778 4338 
9189 3771 103 4482 
9190 1007 3686 4424 
9191 2930 2694 4692 
9192 3981 2040 4726 
9193 4611 1035 4666 
9194 3983 3141 4390 
9195 1332 954 4784 
9196 4229 1759 4418 
9197 1115 1094 4371 
9198 3861 2359 4605 
9199 4537 2769 4793 
9200 4136 3757 4557 
9201 2901 3946 4727 
9202 355 4212 4823 
9203 4414 3269 4754 
9204 2762 2014 4835 
9205 3728 496 4773 
9206 4053 3072 4844 
9207 2733 4284 4373 
9208 3787 3789 4581 
9209 3283 3712 4792 
9210 841 4268 4621 
9211 691 4197 4839 
9212 4176 2479 4512 
9213 4771 1510 4800 
9214 2988 2279 4599 
9215 321 3618 4493 
9216 1853 2001 4464 
9217 4723 2758 4879 
9218 2210 2078 4641 
9219 1561 3734 4685 
9220 3563 4116 4343 
9221 2949 2948 4737 
9222 2514 2228 4610 
9223 4309 3972 4827 
9224 3555 4293 4374 
9225 4514 2494 4787 
9226 3966 2085 4617 
9227 3617 321 4493 
9228 1145 1143 4300 
9229 777 4346 4648 
9230 4228 3881 4552 
9231 1619 1485 4801 
9232 3083 4186 4680 
9233 3533 4281 4643 
9234 4205 3277 4788 
9235 3630 2810 4535 
9236 3952 978 4422 
9237 4468 3165 4608 
9238 3671 4009 4542 
9239 4234 4420 4539 
9240 2992 2943 4706 
9241 4307 3261 4384 
9242 2967 4204 4278 
9243 4076 2428 4844 
9244 3994 2780 4435 
9245 4466 4351 4906 
9246 2705 3663 4490 
9247 1788 1437 4502 
9248 1139 4173 4208 
9249 3560 4137 4676 
9250 4015 2501 4916 
9251 4331 3176 4686 
9252 4118 3033 4586 
9253 3836 3244 4516 
9254 4406 2646 4523 
9255 4025 2393 4847 
9256 2942 4414 4754 
9257 2048 2046 4496 
9258 4111 3696 4430 
9259 2123 1815 4456 
9260 1143 1253 4300 
9261 2498 2902 4661 
9262 336 3972 4645 
9263 4373 4284 4744 
9264 2739 4230 4903 
9265 3996 2604 4570 
9266 3899 2638 4893 
9267 2717 2486 4664 
9268 4239 3652 4477 
9269 2567 4270 4530 
9270 3391 2205 4766 
9271 2454 2610 4497 
9272 2730 2612 4673 
9273 1364 3687 4516 
9274 4196 2711 4534 
9275 3565 3564 4823 
9276 4154 2454 4497 
9277 3910 1443 4447 
9278 4457 2951 4894 
9279 108 1549 3941 
9280 2070 4046 4345 
9281 2743 2741 4690 
9282 1385 168 4585 
9283 3012 3011 4886 
9284 3623 2949 4644 
9285 2104 3838 4549 
9286 3908 2115 4479 
9287 3932 2815 4645 
9288 2167 4133 4351 
9289 4215 3559 4755 
9290 3874 2452 4604 
9291 2501 3117 4916 
9292 3690 4608 4760 
9293 3973 3974 4631 
9294 4069 3102 4851 
9295 1280 1283 4711 
9296 4176 1584 4189 
9297 3839 4043 4525 
9298 833 4010 4425 
9299 4060 1434 4519 
9300 2492 4246 4405 
9301 3179 4592 4846 
9302 2412 2110 4680 
9303 4045 3999 4609 
9304 4001 680 4486 
9305 4212 2483 4823 
9306 4528 2514 4610 
9307 2093 3557 4797 
9308 3846 2644 4810 
9309 2476 3966 4617 
9310 2847 3617 4493 
9311 2591 4205 4788 
9312 2082 2620 4584 
9313 3982 2175 4439 
9314 2607 4445 4781 
9315 221 220 4837 
9316 2461 3376 4662 
9317 176 315 4675 
9318 4339 976 4694 
9319 305 4314 4579 
9320 4059 4060 4461 
9321 2787 4111 4430 
9322 2439 2632 4602 
9323 2521 2255 4601 
9324 315 3600 4546 
9325 4340 2790 4808 
9326 2936 4247 4758 
9327 2601 2988 4660 
9328 2548 4397 4578 
9329 3595 305 4579 
9330 3119 4215 4755 
9331 2517 3839 4525 
9332 2486 2090 4693 
9333 1030 1050 4745 
9334 4129 1313 4404 
9335 3795 4239 4477 
9336 3852 3777 4364 
9337 1418 1766 4716 
9338 3654 1367 4565 
9339 3881 3965 4552 
9340 463 3910 4484 
9341 1256 4070 4733 
9342 1565 4160 4400 
9343 2482 2565 4678 
9344 351 4034 4613 
9345 4325 4154 4497 
9346 4046 4344 4345 
9347 1917 4253 4382 
9348 1979 2527 4902 
9349 1885 4030 4576 
9350 1621 4415 4490 
9351 830 4059 4461 
9352 3631 1781 4647 
9353 2750 2751 4699 
9354 3762 3572 4890 
9355 1157 1155 4472 
9356 4020 2495 4830 
9357 4469 4466 4906 
9358 3270 2463 4517 
9359 3039 3036 4907 
9360 2863 4196 4534 
9361 4086 2768 4741 
9362 1444 4492 4712 
9363 3951 2171 4564 
9364 835 822 4756 
9365 3694 2789 4869 
9366 4262 3173 4431 
9367 1424 1426 4630 
9368 940 982 4635 
9369 1107 4178 4850 
9370 1826 3958 4710 
9371 2527 3707 4902 
9372 2457 3923 4901 
9373 3994 2554 4634 
9374 2459 4213 4513 
9375 3592 4316 4840 
9376 4595 3039 4907 
9377 2085 3924 4620 
9378 1645 1545 4668 
9379 3536 777 4648 
9380 2528 3817 4638 
9381 2896 2894 4831 
9382 2097 4015 4916 
9383 824 4101 4750 
9384 1403 3892 4809 
9385 768 770 4652 
9386 2624 4155 4910 
9387 1605 4277 4687 
9388 2464 3951 4564 
9389 3217 3605 4816 
9390 1149 3990 4786 
9391 1527 1105 4850 
9392 4041 1685 4459 
9393 2531 2561 4611 
9394 4375 2653 4619 
9395 2633 4146 4258 
9396 4281 2432 4643 
9397 1398 3895 4527 
9398 4241 1148 4242 
9399 3356 4228 4552 
9400 3949 2482 4678 
9401 4163 796 4650 
9402 3794 3861 4605 
9403 3732 2087 4643 
9404 2608 3876 4884 
9405 2664 3602 4633 
9406 3990 4061 4786 
9407 2428 4076 4880 
9408 4004 2423 4423 
9409 1402 3814 4653 
9410 3777 3778 4364 
9411 4546 2806 4757 
9412 802 3875 4508 
9413 2765 2764 4713 
9414 3778 1164 4594 
9415 1470 2107 4770 
9416 4541 2739 4903 
9417 2117 2120 4729 
9418 1954 2081 4730 
9419 3972 3932 4645 
9420 4202 3096 4668 
9421 4152 2167 4466 
9422 3265 4383 4443 
9423 1433 3931 4849 
9424 3984 635 4882 
9425 2641 2238 4715 
9426 1865 3517 4597 
9427 3471 3989 4685 
9428 4440 2075 4865 
9429 4664 2486 4693 
9430 4463 734 4686 
9431 2095 4260 4562 
9432 3891 1292 4514 
9433 2885 4400 4733 
9434 770 772 4659 
9435 1381 178 4704 
9436 2657 3297 4863 
9437 4120 3041 4411 
9438 2184 2652 4625 
9439 3363 1477 4911 
9440 2720 2721 4848 
9441 1847 4248 4795 
9442 2434 3959 4554 
9443 3959 1519 4554 
9444 4022 1619 4578 
9445 3444 4469 4767 
9446 4325 2927 4834 
9447 4061 1235 4786 
9448 2942 4343 4414 
9449 4505 2896 4831 
9450 4402 3465 4709 
9451 2823 2821 4735 
9452 4224 3152 4372 
9453 1760 4428 4559 
9454 2012 4004 4423 
9455 3152 4224 4292 
9456 3147 4287 4716 
9457 1164 3776 4594 
9458 3543 4078 4596 
9459 2673 3513 4684 
9460 4664 1900 4747 
9461 3238 4559 4834 
9462 833 4425 4679 
9463 2564 4598 4734 
9464 4741 2768 4793 
9465 4659 776 4749 
9466 546 3804 4874 
9467 4117 3021 4852 
9468 4244 1527 4850 
9469 2941 2942 4754 
9470 166 322 4855 
9471 2452 3874 4603 
9472 4458 2082 4584 
9473 842 883 4817 
9474 467 3917 4864 
9475 4270 2172 4530 
9476 2763 4537 4793 
9477 4342 2651 4658 
9478 3554 3555 4646 
9479 3740 2521 4651 
9480 2121 4376 4604 
9481 2124 3908 4780 
9482 1479 4299 4329 
9483 2603 3996 4688 
9484 2135 4234 4717 
9485 1723 4050 4776 
9486 2479 2723 4629 
9487 4316 2371 4681 
9488 2719 4295 4487 
9489 2301 1563 4883 
9490 1511 4027 4593 
9491 4474 2991 4601 
9492 3996 361 4688 
9493 3823 2283 4798 
9494 2951 2985 4894 
9495 2521 4601 4651 
9496 4388 2524 4898 
9497 3710 1365 4628 
9498 4258 1161 4510 
9499 2668 4148 4575 
9500 2503 3391 4800 
9501 3794 4605 4719 
9502 1627 4618 4691 
9503 4625 2652 4826 
9504 3293 3945 4796 
9505 3769 3194 4822 
9506 821 815 4696 
9507 2194 4001 4663 
9508 320 4086 4741 
9509 3506 3943 4577 
9510 2568 3725 4694 
9511 1549 107 4241 
9512 2565 4084 4678 
9513 457 459 4876 
9514 4178 4244 4850 
9515 2645 4426 4627 
9516 2769 4313 4529 
9517 4527 2710 4841 
9518 4030 3783 4576 
9519 3711 4373 4744 
9520 2037 2035 4726 
9521 1373 3662 4656 
9522 4155 2624 4912 
9523 2539 2725 4885 
9524 3999 3213 4609 
9525 3407 4025 4847 
9526 4168 2453 4870 
9527 3513 4075 4684 
9528 2627 3928 4764 
9529 1406 3963 4765 
9530 4268 2910 4621 
9531 4447 3381 4484 
9532 3958 4592 4710 
9533 4539 2621 4717 
9534 3582 3134 4568 
9535 4255 1295 4540 
9536 3220 4569 4841 
9537 4188 2737 4729 
9538 2495 2496 4830 
9539 2167 4351 4466 
9540 2677 4163 4650 
9541 2137 4143 4507 
9542 4340 1569 4869 
9543 599 3794 4719 
9544 521 3899 4893 
9545 1380 3820 4623 
9546 1000 4211 4700 
9547 2687 2688 4714 
9548 4102 2476 4566 
9549 4583 3033 4913 
9550 1270 4012 4899 
9551 2530 4117 4639 
9552 3890 3425 4667 
9553 2506 4210 4899 
9554 3840 2539 4885 
9555 4291 1525 4682 
9556 4652 770 4659 
9557 4234 4539 4717 
9558 4151 1387 4640 
9559 2653 4212 4619 
9560 2719 4487 4778 
9561 1935 4045 4609 
9562 1274 4227 4914 
9563 1171 4146 4476 
9564 3910 4447 4484 
9565 4428 2616 4559 
9566 3939 1605 4687 
9567 3989 1561 4685 
9568 3131 4382 4460 
9569 2726 2634 4873 
9570 3841 2369 4763 
9571 2790 4551 4808 
9572 2621 4167 4717 
9573 308 3607 4772 
9574 2644 4387 4810 
9575 4135 1723 4776 
9576 2763 4112 4537 
9577 2725 4097 4885 
9578 4278 1300 4722 
9579 1631 3973 4631 
9580 2789 4340 4869 
9581 2120 4188 4729 
9582 4547 850 4572 
9583 2768 4086 4811 
9584 2174 3107 4794 
9585 1151 1149 4786 
9586 2478 4224 4372 
9587 3165 4468 4874 
9588 1372 4298 4853 
9589 3621 318 4736 
9590 1234 3994 4634 
9591 2717 4664 4747 
9592 3572 4309 4827 
9593 3968 949 4655 
9594 3812 1402 4653 
9595 1148 105 4434 
9596 2736 4547 4572 
9597 1484 4624 4801 
9598 4687 2895 4867 
9599 3980 2328 4807 
9600 4397 4022 4578 
9601 3908 3091 4780 
9602 3555 4374 4646 
9603 313 4283 4815 
9604 4631 4069 4851 
9605 2393 3383 4847 
9606 3892 2405 4809 
9607 4038 2475 4682 
9608 4566 2476 4617 
9609 4284 3372 4744 
9610 2488 4474 4644 
9611 2220 2624 4910 
9612 635 4066 4882 
9613 3943 1880 4491 
9614 3874 3873 4603 
9615 1631 4631 4851 
9616 2654 3506 4577 
9617 3384 3939 4867 
9618 2929 4664 4693 
9619 1740 1741 4900 
9620 4146 2633 4476 
9621 2241 2010 4909 
9622 2505 4466 4469 
9623 4487 372 4778 
9624 3995 833 4679 
9625 734 4203 4686 
9626 4316 4681 4840 
9627 4502 2687 4714 
9628 2754 4189 4616 
9629 4124 1368 4742 
9630 1453 1195 4860 
9631 4512 2479 4629 
9632 3372 3716 4744 
9633 2819 3968 4655 
9634 3716 3711 4744 
9635 3408 4532 4814 
9636 4265 1005 4858 
9637 4189 1584 4616 
9638 3152 4292 4636 
9639 4314 2551 4579 
9640 4320 3039 4595 
9641 3998 688 4728 
9642 1880 3941 4491 
9643 3729 1380 4762 
9644 2075 4191 4865 
9645 106 1148 4241 
9646 3718 3608 4854 
9647 2494 4508 4787 
9648 4493 3618 4803 
9649 1219 4328 4612 
9650 4313 2769 4537 
9651 3776 3621 4753 
9652 3945 1454 4796 
9653 4042 791 4708 
9654 1005 3643 4858 
9655 103 3874 4606 
9656 1235 4061 4779 
9657 1252 4145 4637 
9658 1480 4723 4879 
9659 3100 4459 4804 
9660 1384 3721 4802 
9661 1480 4042 4723 
9662 4425 2918 4679 
9663 1292 3890 4667 
9664 3618 3812 4803 
9665 1525 4038 4682 
9666 4112 2761 4792 
9667 4454 3210 4901 
9668 1105 1107 4850 
9669 4420 1243 4539 
9670 390 4468 4608 
9671 3717 1372 4853 
9672 1394 3863 4805 
9673 1935 4609 4825 
9674 4050 3870 4776 
9675 314 4280 4703 
9676 1060 4162 4880 
9677 2737 4188 4896 
9678 4601 2991 4651 
9679 496 4200 4773 
9680 974 4325 4497 
9681 4223 2976 4536 
9682 2559 4389 4560 
9683 2809 4294 4702 
9684 1380 4623 4762 
9685 2633 4258 4510 
9686 3993 3109 4828 
9687 2389 4150 4913 
9688 4211 2742 4700 
9689 4617 2085 4620 
9690 4527 3895 4785 
9691 4514 1292 4667 
9692 4594 3776 4753 
9693 3895 1169 4785 
9694 4066 2672 4882 
9695 4182 1877 4759 
9696 4459 1685 4804 
9697 4349 2762 4835 
9698 3875 3891 4787 
9699 3988 1631 4851 
9700 4371 3582 4568 
9701 4608 3166 4760 
9702 3020 4652 4659 
9703 4094 3301 4725 
9704 2776 4349 4835 
9705 2402 3951 4819 
9706 2698 4385 4674 
9707 3891 4514 4787 
9708 4112 2763 4751 
9709 540 4063 4889 
9710 4001 4486 4663 
9711 4598 2184 4625 
9712 3070 4566 4617 
9713 4425 4010 4879 
9714 4508 3875 4787 
9715 4811 2767 4843 
9716 3873 802 4789 
9717 4694 976 4783 
9718 4165 1826 4710 
9719 3812 4653 4803 
9720 2967 4278 4722 
9721 4010 1480 4879 
9722 2634 4441 4873 
9723 2640 4448 4839 
9724 4450 2701 4666 
9725 2761 4112 4751 
9726 3621 4736 4753 
9727 4241 4242 4871 
9728 802 4508 4789 
9729 333 4639 4852 
9730 4303 2489 4915 
9731 4592 3179 4710 
9732 2955 4215 4743 
9733 4227 2908 4914 
9734 4351 4133 4795 
9735 4376 2622 4602 
9736 4200 2695 4773 
9737 2121 4604 4746 
9738 2746 4458 4584 
9739 4133 1847 4795 
9740 4266 740 4912 
9741 1033 4452 4732 
9742 4362 3148 4890 
9743 4167 2135 4717 
9744 4482 103 4606 
9745 3020 4659 4749 
9746 4160 1256 4733 
9747 2766 4811 4843 
9748 4695 101 4790 
9749 2703 4124 4742 
9750 4367 3477 4692 
9751 2428 4053 4844 
9752 4751 2763 4842 
9753 2004 4488 4886 
9754 4012 2506 4899 
9755 4426 3393 4627 
9756 4400 4160 4733 
9757 2715 4514 4667 
9758 4145 3408 4814 
9759 2251 4067 4897 
9760 3005 4340 4808 
9761 4445 788 4781 
9762 3941 1549 4600 
9763 1171 4476 4816 
9764 2453 4259 4870 
9765 830 4461 4761 
9766 4578 1619 4748 
9767 4603 3873 4789 
9768 4387 348 4810 
9769 3070 4617 4620 
9770 4042 4708 4723 
9771 4230 3887 4903 
9772 4547 2736 4781 
9773 4141 2040 4895 
9774 4086 2767 4811 
9775 4197 2640 4839 
9776 2618 4325 4834 
9777 2729 4440 4865 
9778 3707 4470 4902 
9779 4222 2849 4888 
9780 596 4522 4812 
9781 4451 3592 4840 
9782 4491 3941 4600 
9783 3106 4598 4625 
9784 2995 4583 4913 
9785 4719 3159 4720 
9786 3923 4454 4901 
9787 4623 2998 4762 
9788 4283 2915 4815 
9789 599 4719 4720 
9790 4604 2452 4746 
9791 4551 2519 4808 
9792 2760 4751 4842 
9793 4259 3292 4870 
9794 2781 4887 4906 
9795 2712 4527 4785 
9796 3914 4303 4915 
9797 4637 4145 4814 
9798 4598 3106 4734 
9799 4351 2781 4906 
9800 334 4638 4875 
9801 4653 2848 4803 
9802 4488 3012 4886 
9803 4639 4117 4852 
9804 313 4815 4878 
9805 4736 2669 4753 
9806 4654 1274 4914 
9807 2918 4425 4845 
9808 2909 4654 4914 
9809 1398 4527 4841 
9810 2781 4351 4795 
9811 2863 4534 4872 
9812 4469 1236 4767 
9813 3018 4541 4903 
9814 1549 4241 4871 
9815 4708 2629 4723 
9816 4624 3226 4801 
9817 3939 4687 4867 
9818 4815 2914 4878 
9819 4638 3817 4875 
9820 4676 3264 4799 
9821 1262 4263 4859 
9822 2632 4482 4606 
9823 4600 1549 4871 
9824 4592 2745 4846 
9825 1236 4469 4906 
9826 4887 1236 4906 
9827 4508 2783 4789 
9828 2755 4695 4790 
9829 4681 3586 4840 
9830 2878 4637 4814 
9831 2897 4600 4871 
9832 3611 3727 4396 
$EndElements
