$MeshFormat
4.1 0 8
$EndMeshFormat
$PhysicalNames
2
1 2 "c"
2 1 "Volume"
$EndPhysicalNames
$Entities
104 104 1 0
1 4.596266658713868 -3.856725658119236 0 0 
2 4.829362784135484 -3.560513319622208 0 0 
3 5.043399620974105 -3.250249261696439 0 0 
4 5.237532463618858 -2.927157954832396 0 0 
5 5.410995158430682 -2.592514492811893 0 0 
6 5.563103127400724 -2.247639560495472 0 0 
7 5.69325606986698 -1.893894221682615 0 0 
8 5.800940331626756 -1.532674547614743 0 0 
9 5.88573093209515 -1.165406107319831 0 0 
10 5.94729324150925 -0.7935383415427335 0 0 
11 5.985384301558945 -0.4185388424647516 0 0 
12 5.999853784232368 -0.04188756178776964 0 0 
13 5.990644585091885 0.3349290299589831 0 0 
14 5.957793048639221 0.7104238098390061 0 0 
15 5.901428824880315 1.08311487150336 0 0 
16 5.821774357655979 1.451531373598006 0 0 
17 5.719144006757681 1.814219344502667 0 0 
18 5.593942807293073 2.169747420492556 0 0 
19 5.446664871197452 2.516712494677063 0 0 
20 5.277891437199699 2.853745254421651 0 0 
21 5.088288576938555 3.179515585399229 0 0 
22 4.878604566282165 3.492737820943736 0 0 
23 4.649666932225077 3.792175815989104 0 0 
24 4.402379187017258 4.076647825569098 0 0 
25 4.137717262414019 4.345031168624804 0 0 
26 3.856725658119236 4.596266658713868 0 0 
27 3.560513319622208 4.829362784135484 0 0 
28 3.250249261696439 5.043399620974105 0 0 
29 2.927157954832396 5.237532463618858 0 0 
30 2.592514492811893 5.410995158430682 0 0 
31 2.247639560495474 5.563103127400723 0 0 
32 1.893894221682616 5.693256069866979 0 0 
33 1.532674547614742 5.800940331626755 0 0 
34 1.165406107319831 5.885730932095149 0 0 
35 0.7935383415427331 5.94729324150925 0 0 
36 0.418538842464752 5.985384301558945 0 0 
37 0.0418875617877692 5.999853784232369 0 0 
38 -0.3349290299589835 5.990644585091886 0 0 
39 -0.7104238098390043 5.957793048639221 0 0 
40 -1.083114871503359 5.901428824880316 0 0 
41 -1.451531373598006 5.821774357655979 0 0 
42 -1.814219344502665 5.719144006757682 0 0 
43 -2.169747420492555 5.593942807293073 0 0 
44 -2.516712494677061 5.446664871197452 0 0 
45 -2.85374525442165 5.277891437199699 0 0 
46 -3.179515585399229 5.088288576938556 0 0 
47 -3.492737820943734 4.878604566282167 0 0 
48 -3.792175815989105 4.649666932225077 0 0 
49 -4.076647825569098 4.402379187017259 0 0 
50 -4.345031168624804 4.137717262414019 0 0 
51 -4.596266658713867 3.856725658119236 0 0 
52 -4.829362784135484 3.560513319622208 0 0 
53 -5.043399620974105 3.250249261696438 0 0 
54 -5.237532463618857 2.927157954832394 0 0 
55 -5.410995158430682 2.592514492811895 0 0 
56 -5.563103127400724 2.247639560495473 0 0 
57 -5.69325606986698 1.893894221682615 0 0 
58 -5.800940331626755 1.532674547614745 0 0 
59 -5.885730932095149 1.165406107319831 0 0 
60 -5.94729324150925 0.7935383415427357 0 0 
61 -5.985384301558945 0.4185388424647547 0 0 
62 -5.999853784232368 0.04188756178776964 0 0 
63 -5.990644585091886 -0.3349290299589809 0 0 
64 -5.957793048639221 -0.7104238098390061 0 0 
65 -5.901428824880314 -1.083114871503361 0 0 
66 -5.821774357655979 -1.451531373598006 0 0 
67 -5.719144006757681 -1.814219344502669 0 0 
68 -5.593942807293073 -2.169747420492555 0 0 
69 -5.44666487119745 -2.516712494677066 0 0 
70 -5.277891437199698 -2.853745254421653 0 0 
71 -5.088288576938556 -3.179515585399229 0 0 
72 -4.878604566282164 -3.492737820943738 0 0 
73 -4.649666932225077 -3.792175815989105 0 0 
74 -4.402379187017259 -4.076647825569097 0 0 
75 -4.137717262414017 -4.345031168624805 0 0 
76 -3.856725658119236 -4.596266658713867 0 0 
77 -3.56051331962221 -4.829362784135482 0 0 
78 -3.250249261696439 -5.043399620974105 0 0 
79 -2.927157954832397 -5.237532463618856 0 0 
80 -2.592514492811893 -5.410995158430683 0 0 
81 -2.247639560495473 -5.563103127400724 0 0 
82 -1.893894221682618 -5.693256069866978 0 0 
83 -1.532674547614748 -5.800940331626755 0 0 
84 -1.165406107319829 -5.885730932095149 0 0 
85 -0.7935383415427331 -5.94729324150925 0 0 
86 -0.4185388424647529 -5.985384301558945 0 0 
87 -0.04188756178777231 -5.999853784232368 0 0 
88 0.3349290299589778 -5.990644585091886 0 0 
89 0.7104238098390034 -5.957793048639221 0 0 
90 1.083114871503361 -5.901428824880314 0 0 
91 1.451531373598005 -5.821774357655979 0 0 
92 1.814219344502663 -5.719144006757682 0 0 
93 2.169747420492548 -5.593942807293075 0 0 
94 2.51671249467706 -5.446664871197453 0 0 
95 2.853745254421653 -5.277891437199699 0 0 
96 3.179515585399229 -5.088288576938556 0 0 
97 3.492737820943733 -4.878604566282167 0 0 
98 3.792175815989105 -4.649666932225077 0 0 
99 4.076647825569097 -4.402379187017259 0 0 
100 4.345031168624805 -4.137717262414018 0 0 
101 0.766044443118978 -0.6427876096865393 0 0 
102 0.3958779737532198 -0.30607291598089 0 0 
103 0 0 0 0 
104 0.3701664693657582 -0.3367146937056492 0 0 
1 4.596266658713868 -3.856725658119236 0 4.829362784135484 -3.560513319622208 0 1 2 2 1 -2 
2 4.829362784135484 -3.560513319622208 0 5.043399620974105 -3.250249261696439 0 1 2 2 2 -3 
3 5.043399620974105 -3.250249261696439 0 5.237532463618858 -2.927157954832396 0 1 2 2 3 -4 
4 5.237532463618858 -2.927157954832396 0 5.410995158430682 -2.592514492811893 0 1 2 2 4 -5 
5 5.410995158430682 -2.592514492811893 0 5.563103127400724 -2.247639560495472 0 1 2 2 5 -6 
6 5.563103127400724 -2.247639560495472 0 5.69325606986698 -1.893894221682615 0 1 2 2 6 -7 
7 5.69325606986698 -1.893894221682615 0 5.800940331626756 -1.532674547614743 0 1 2 2 7 -8 
8 5.800940331626756 -1.532674547614743 0 5.88573093209515 -1.165406107319831 0 1 2 2 8 -9 
9 5.88573093209515 -1.165406107319831 0 5.94729324150925 -0.7935383415427335 0 1 2 2 9 -10 
10 5.94729324150925 -0.7935383415427335 0 5.985384301558945 -0.4185388424647516 0 1 2 2 10 -11 
11 5.985384301558945 -0.4185388424647516 0 5.999853784232368 -0.04188756178776964 0 1 2 2 11 -12 
12 5.990644585091885 -0.04188756178776964 0 5.999853784232368 0.3349290299589831 0 1 2 2 12 -13 
13 5.957793048639221 0.3349290299589831 0 5.990644585091885 0.7104238098390061 0 1 2 2 13 -14 
14 5.901428824880315 0.7104238098390061 0 5.957793048639221 1.08311487150336 0 1 2 2 14 -15 
15 5.821774357655979 1.08311487150336 0 5.901428824880315 1.451531373598006 0 1 2 2 15 -16 
16 5.719144006757681 1.451531373598006 0 5.821774357655979 1.814219344502667 0 1 2 2 16 -17 
17 5.593942807293073 1.814219344502667 0 5.719144006757681 2.169747420492556 0 1 2 2 17 -18 
18 5.446664871197452 2.169747420492556 0 5.593942807293073 2.516712494677063 0 1 2 2 18 -19 
19 5.277891437199699 2.516712494677063 0 5.446664871197452 2.853745254421651 0 1 2 2 19 -20 
20 5.088288576938555 2.853745254421651 0 5.277891437199699 3.179515585399229 0 1 2 2 20 -21 
21 4.878604566282165 3.179515585399229 0 5.088288576938555 3.492737820943736 0 1 2 2 21 -22 
22 4.649666932225077 3.492737820943736 0 4.878604566282165 3.792175815989104 0 1 2 2 22 -23 
23 4.402379187017258 3.792175815989104 0 4.649666932225077 4.076647825569098 0 1 2 2 23 -24 
24 4.137717262414019 4.076647825569098 0 4.402379187017258 4.345031168624804 0 1 2 2 24 -25 
25 3.856725658119236 4.345031168624804 0 4.137717262414019 4.596266658713868 0 1 2 2 25 -26 
26 3.560513319622208 4.596266658713868 0 3.856725658119236 4.829362784135484 0 1 2 2 26 -27 
27 3.250249261696439 4.829362784135484 0 3.560513319622208 5.043399620974105 0 1 2 2 27 -28 
28 2.927157954832396 5.043399620974105 0 3.250249261696439 5.237532463618858 0 1 2 2 28 -29 
29 2.592514492811893 5.237532463618858 0 2.927157954832396 5.410995158430682 0 1 2 2 29 -30 
30 2.247639560495474 5.410995158430682 0 2.592514492811893 5.563103127400723 0 1 2 2 30 -31 
31 1.893894221682616 5.563103127400723 0 2.247639560495474 5.693256069866979 0 1 2 2 31 -32 
32 1.532674547614742 5.693256069866979 0 1.893894221682616 5.800940331626755 0 1 2 2 32 -33 
33 1.165406107319831 5.800940331626755 0 1.532674547614742 5.885730932095149 0 1 2 2 33 -34 
34 0.7935383415427331 5.885730932095149 0 1.165406107319831 5.94729324150925 0 1 2 2 34 -35 
35 0.418538842464752 5.94729324150925 0 0.7935383415427331 5.985384301558945 0 1 2 2 35 -36 
36 0.0418875617877692 5.985384301558945 0 0.418538842464752 5.999853784232369 0 1 2 2 36 -37 
37 -0.3349290299589835 5.990644585091886 0 0.0418875617877692 5.999853784232369 0 1 2 2 37 -38 
38 -0.7104238098390043 5.957793048639221 0 -0.3349290299589835 5.990644585091886 0 1 2 2 38 -39 
39 -1.083114871503359 5.901428824880316 0 -0.7104238098390043 5.957793048639221 0 1 2 2 39 -40 
40 -1.451531373598006 5.821774357655979 0 -1.083114871503359 5.901428824880316 0 1 2 2 40 -41 
41 -1.814219344502665 5.719144006757682 0 -1.451531373598006 5.821774357655979 0 1 2 2 41 -42 
42 -2.169747420492555 5.593942807293073 0 -1.814219344502665 5.719144006757682 0 1 2 2 42 -43 
43 -2.516712494677061 5.446664871197452 0 -2.169747420492555 5.593942807293073 0 1 2 2 43 -44 
44 -2.85374525442165 5.277891437199699 0 -2.516712494677061 5.446664871197452 0 1 2 2 44 -45 
45 -3.179515585399229 5.088288576938556 0 -2.85374525442165 5.277891437199699 0 1 2 2 45 -46 
46 -3.492737820943734 4.878604566282167 0 -3.179515585399229 5.088288576938556 0 1 2 2 46 -47 
47 -3.792175815989105 4.649666932225077 0 -3.492737820943734 4.878604566282167 0 1 2 2 47 -48 
48 -4.076647825569098 4.402379187017259 0 -3.792175815989105 4.649666932225077 0 1 2 2 48 -49 
49 -4.345031168624804 4.137717262414019 0 -4.076647825569098 4.402379187017259 0 1 2 2 49 -50 
50 -4.596266658713867 3.856725658119236 0 -4.345031168624804 4.137717262414019 0 1 2 2 50 -51 
51 -4.829362784135484 3.560513319622208 0 -4.596266658713867 3.856725658119236 0 1 2 2 51 -52 
52 -5.043399620974105 3.250249261696438 0 -4.829362784135484 3.560513319622208 0 1 2 2 52 -53 
53 -5.237532463618857 2.927157954832394 0 -5.043399620974105 3.250249261696438 0 1 2 2 53 -54 
54 -5.410995158430682 2.592514492811895 0 -5.237532463618857 2.927157954832394 0 1 2 2 54 -55 
55 -5.563103127400724 2.247639560495473 0 -5.410995158430682 2.592514492811895 0 1 2 2 55 -56 
56 -5.69325606986698 1.893894221682615 0 -5.563103127400724 2.247639560495473 0 1 2 2 56 -57 
57 -5.800940331626755 1.532674547614745 0 -5.69325606986698 1.893894221682615 0 1 2 2 57 -58 
58 -5.885730932095149 1.165406107319831 0 -5.800940331626755 1.532674547614745 0 1 2 2 58 -59 
59 -5.94729324150925 0.7935383415427357 0 -5.885730932095149 1.165406107319831 0 1 2 2 59 -60 
60 -5.985384301558945 0.4185388424647547 0 -5.94729324150925 0.7935383415427357 0 1 2 2 60 -61 
61 -5.999853784232368 0.04188756178776964 0 -5.985384301558945 0.4185388424647547 0 1 2 2 61 -62 
62 -5.999853784232368 -0.3349290299589809 0 -5.990644585091886 0.04188756178776964 0 1 2 2 62 -63 
63 -5.990644585091886 -0.7104238098390061 0 -5.957793048639221 -0.3349290299589809 0 1 2 2 63 -64 
64 -5.957793048639221 -1.083114871503361 0 -5.901428824880314 -0.7104238098390061 0 1 2 2 64 -65 
65 -5.901428824880314 -1.451531373598006 0 -5.821774357655979 -1.083114871503361 0 1 2 2 65 -66 
66 -5.821774357655979 -1.814219344502669 0 -5.719144006757681 -1.451531373598006 0 1 2 2 66 -67 
67 -5.719144006757681 -2.169747420492555 0 -5.593942807293073 -1.814219344502669 0 1 2 2 67 -68 
68 -5.593942807293073 -2.516712494677066 0 -5.44666487119745 -2.169747420492555 0 1 2 2 68 -69 
69 -5.44666487119745 -2.853745254421653 0 -5.277891437199698 -2.516712494677066 0 1 2 2 69 -70 
70 -5.277891437199698 -3.179515585399229 0 -5.088288576938556 -2.853745254421653 0 1 2 2 70 -71 
71 -5.088288576938556 -3.492737820943738 0 -4.878604566282164 -3.179515585399229 0 1 2 2 71 -72 
72 -4.878604566282164 -3.792175815989105 0 -4.649666932225077 -3.492737820943738 0 1 2 2 72 -73 
73 -4.649666932225077 -4.076647825569097 0 -4.402379187017259 -3.792175815989105 0 1 2 2 73 -74 
74 -4.402379187017259 -4.345031168624805 0 -4.137717262414017 -4.076647825569097 0 1 2 2 74 -75 
75 -4.137717262414017 -4.596266658713867 0 -3.856725658119236 -4.345031168624805 0 1 2 2 75 -76 
76 -3.856725658119236 -4.829362784135482 0 -3.56051331962221 -4.596266658713867 0 1 2 2 76 -77 
77 -3.56051331962221 -5.043399620974105 0 -3.250249261696439 -4.829362784135482 0 1 2 2 77 -78 
78 -3.250249261696439 -5.237532463618856 0 -2.927157954832397 -5.043399620974105 0 1 2 2 78 -79 
79 -2.927157954832397 -5.410995158430683 0 -2.592514492811893 -5.237532463618856 0 1 2 2 79 -80 
80 -2.592514492811893 -5.563103127400724 0 -2.247639560495473 -5.410995158430683 0 1 2 2 80 -81 
81 -2.247639560495473 -5.693256069866978 0 -1.893894221682618 -5.563103127400724 0 1 2 2 81 -82 
82 -1.893894221682618 -5.800940331626755 0 -1.532674547614748 -5.693256069866978 0 1 2 2 82 -83 
83 -1.532674547614748 -5.885730932095149 0 -1.165406107319829 -5.800940331626755 0 1 2 2 83 -84 
84 -1.165406107319829 -5.94729324150925 0 -0.7935383415427331 -5.885730932095149 0 1 2 2 84 -85 
85 -0.7935383415427331 -5.985384301558945 0 -0.4185388424647529 -5.94729324150925 0 1 2 2 85 -86 
86 -0.4185388424647529 -5.999853784232368 0 -0.04188756178777231 -5.985384301558945 0 1 2 2 86 -87 
87 -0.04188756178777231 -5.999853784232368 0 0.3349290299589778 -5.990644585091886 0 1 2 2 87 -88 
88 0.3349290299589778 -5.990644585091886 0 0.7104238098390034 -5.957793048639221 0 1 2 2 88 -89 
89 0.7104238098390034 -5.957793048639221 0 1.083114871503361 -5.901428824880314 0 1 2 2 89 -90 
90 1.083114871503361 -5.901428824880314 0 1.451531373598005 -5.821774357655979 0 1 2 2 90 -91 
91 1.451531373598005 -5.821774357655979 0 1.814219344502663 -5.719144006757682 0 1 2 2 91 -92 
92 1.814219344502663 -5.719144006757682 0 2.169747420492548 -5.593942807293075 0 1 2 2 92 -93 
93 2.169747420492548 -5.593942807293075 0 2.51671249467706 -5.446664871197453 0 1 2 2 93 -94 
94 2.51671249467706 -5.446664871197453 0 2.853745254421653 -5.277891437199699 0 1 2 2 94 -95 
95 2.853745254421653 -5.277891437199699 0 3.179515585399229 -5.088288576938556 0 1 2 2 95 -96 
96 3.179515585399229 -5.088288576938556 0 3.492737820943733 -4.878604566282167 0 1 2 2 96 -97 
97 3.492737820943733 -4.878604566282167 0 3.792175815989105 -4.649666932225077 0 1 2 2 97 -98 
98 3.792175815989105 -4.649666932225077 0 4.076647825569097 -4.402379187017259 0 1 2 2 98 -99 
99 4.076647825569097 -4.402379187017259 0 4.345031168624805 -4.137717262414018 0 1 2 2 99 -100 
100 4.345031168624805 -4.137717262414018 0 4.596266658713868 -3.856725658119236 0 1 2 2 100 -1 
101 0.3958779737532198 -0.6427876096865393 0 0.766044443118978 -0.30607291598089 0 1 3 2 101 -102 
102 0 -0.30607291598089 0 0.3958779737532198 0 0 1 3 2 102 -103 
103 0 -0.3367146937056492 0 0.3701664693657582 0 0 1 3 2 103 -104 
104 0.3701664693657582 -0.6427876096865393 0 0.766044443118978 -0.3367146937056492 0 1 3 2 104 -101 
1 -5.999853784232368 -5.999853784232368 0 5.999853784232368 5.999853784232368 0 1 1 104 1 2 3 4 5 6 7 8 9 10 11 12 13 14 15 16 17 18 19 20 21 22 23 24 25 26 27 28 29 30 31 32 33 34 35 36 37 38 39 40 41 42 43 44 45 46 47 48 49 50 51 52 53 54 55 56 57 58 59 60 61 62 63 64 65 66 67 68 69 70 71 72 73 74 75 76 77 78 79 80 81 82 83 84 85 86 87 88 89 90 91 92 93 94 95 96 97 98 99 100 -104 -103 -102 -101 
$EndEntities
$Nodes
209 4919 1 4919
0 1 0 1
1
4.596266658713868 -3.856725658119236 0
0 2 0 1
2
4.829362784135484 -3.560513319622208 0
0 3 0 1
3
5.043399620974105 -3.250249261696439 0
0 4 0 1
4
5.237532463618858 -2.927157954832396 0
0 5 0 1
5
5.410995158430682 -2.592514492811893 0
0 6 0 1
6
5.563103127400724 -2.247639560495472 0
0 7 0 1
7
5.69325606986698 -1.893894221682615 0
0 8 0 1
8
5.800940331626756 -1.532674547614743 0
0 9 0 1
9
5.88573093209515 -1.165406107319831 0
0 10 0 1
10
5.94729324150925 -0.7935383415427335 0
0 11 0 1
11
5.985384301558945 -0.4185388424647516 0
0 12 0 1
12
5.999853784232368 -0.04188756178776964 0
0 13 0 1
13
5.990644585091885 0.3349290299589831 0
0 14 0 1
14
5.957793048639221 0.7104238098390061 0
0 15 0 1
15
5.901428824880315 1.08311487150336 0
0 16 0 1
16
5.821774357655979 1.451531373598006 0
0 17 0 1
17
5.719144006757681 1.814219344502667 0
0 18 0 1
18
5.593942807293073 2.169747420492556 0
0 19 0 1
19
5.446664871197452 2.516712494677063 0
0 20 0 1
20
5.277891437199699 2.853745254421651 0
0 21 0 1
21
5.088288576938555 3.179515585399229 0
0 22 0 1
22
4.878604566282165 3.492737820943736 0
0 23 0 1
23
4.649666932225077 3.792175815989104 0
0 24 0 1
24
4.402379187017258 4.076647825569098 0
0 25 0 1
25
4.137717262414019 4.345031168624804 0
0 26 0 1
26
3.856725658119236 4.596266658713868 0
0 27 0 1
27
3.560513319622208 4.829362784135484 0
0 28 0 1
28
3.250249261696439 5.043399620974105 0
0 29 0 1
29
2.927157954832396 5.237532463618858 0
0 30 0 1
30
2.592514492811893 5.410995158430682 0
0 31 0 1
31
2.247639560495474 5.563103127400723 0
0 32 0 1
32
1.893894221682616 5.693256069866979 0
0 33 0 1
33
1.532674547614742 5.800940331626755 0
0 34 0 1
34
1.165406107319831 5.885730932095149 0
0 35 0 1
35
0.7935383415427331 5.94729324150925 0
0 36 0 1
36
0.418538842464752 5.985384301558945 0
0 37 0 1
37
0.0418875617877692 5.999853784232369 0
0 38 0 1
38
-0.3349290299589835 5.990644585091886 0
0 39 0 1
39
-0.7104238098390043 5.957793048639221 0
0 40 0 1
40
-1.083114871503359 5.901428824880316 0
0 41 0 1
41
-1.451531373598006 5.821774357655979 0
0 42 0 1
42
-1.814219344502665 5.719144006757682 0
0 43 0 1
43
-2.169747420492555 5.593942807293073 0
0 44 0 1
44
-2.516712494677061 5.446664871197452 0
0 45 0 1
45
-2.85374525442165 5.277891437199699 0
0 46 0 1
46
-3.179515585399229 5.088288576938556 0
0 47 0 1
47
-3.492737820943734 4.878604566282167 0
0 48 0 1
48
-3.792175815989105 4.649666932225077 0
0 49 0 1
49
-4.076647825569098 4.402379187017259 0
0 50 0 1
50
-4.345031168624804 4.137717262414019 0
0 51 0 1
51
-4.596266658713867 3.856725658119236 0
0 52 0 1
52
-4.829362784135484 3.560513319622208 0
0 53 0 1
53
-5.043399620974105 3.250249261696438 0
0 54 0 1
54
-5.237532463618857 2.927157954832394 0
0 55 0 1
55
-5.410995158430682 2.592514492811895 0
0 56 0 1
56
-5.563103127400724 2.247639560495473 0
0 57 0 1
57
-5.69325606986698 1.893894221682615 0
0 58 0 1
58
-5.800940331626755 1.532674547614745 0
0 59 0 1
59
-5.885730932095149 1.165406107319831 0
0 60 0 1
60
-5.94729324150925 0.7935383415427357 0
0 61 0 1
61
-5.985384301558945 0.4185388424647547 0
0 62 0 1
62
-5.999853784232368 0.04188756178776964 0
0 63 0 1
63
-5.990644585091886 -0.3349290299589809 0
0 64 0 1
64
-5.957793048639221 -0.7104238098390061 0
0 65 0 1
65
-5.901428824880314 -1.083114871503361 0
0 66 0 1
66
-5.821774357655979 -1.451531373598006 0
0 67 0 1
67
-5.719144006757681 -1.814219344502669 0
0 68 0 1
68
-5.593942807293073 -2.169747420492555 0
0 69 0 1
69
-5.44666487119745 -2.516712494677066 0
0 70 0 1
70
-5.277891437199698 -2.853745254421653 0
0 71 0 1
71
-5.088288576938556 -3.179515585399229 0
0 72 0 1
72
-4.878604566282164 -3.492737820943738 0
0 73 0 1
73
-4.649666932225077 -3.792175815989105 0
0 74 0 1
74
-4.402379187017259 -4.076647825569097 0
0 75 0 1
75
-4.137717262414017 -4.345031168624805 0
0 76 0 1
76
-3.856725658119236 -4.596266658713867 0
0 77 0 1
77
-3.56051331962221 -4.829362784135482 0
0 78 0 1
78
-3.250249261696439 -5.043399620974105 0
0 79 0 1
79
-2.927157954832397 -5.237532463618856 0
0 80 0 1
80
-2.592514492811893 -5.410995158430683 0
0 81 0 1
81
-2.247639560495473 -5.563103127400724 0
0 82 0 1
82
-1.893894221682618 -5.693256069866978 0
0 83 0 1
83
-1.532674547614748 -5.800940331626755 0
0 84 0 1
84
-1.165406107319829 -5.885730932095149 0
0 85 0 1
85
-0.7935383415427331 -5.94729324150925 0
0 86 0 1
86
-0.4185388424647529 -5.985384301558945 0
0 87 0 1
87
-0.04188756178777231 -5.999853784232368 0
0 88 0 1
88
0.3349290299589778 -5.990644585091886 0
0 89 0 1
89
0.7104238098390034 -5.957793048639221 0
0 90 0 1
90
1.083114871503361 -5.901428824880314 0
0 91 0 1
91
1.451531373598005 -5.821774357655979 0
0 92 0 1
92
1.814219344502663 -5.719144006757682 0
0 93 0 1
93
2.169747420492548 -5.593942807293075 0
0 94 0 1
94
2.51671249467706 -5.446664871197453 0
0 95 0 1
95
2.853745254421653 -5.277891437199699 0
0 96 0 1
96
3.179515585399229 -5.088288576938556 0
0 97 0 1
97
3.492737820943733 -4.878604566282167 0
0 98 0 1
98
3.792175815989105 -4.649666932225077 0
0 99 0 1
99
4.076647825569097 -4.402379187017259 0
0 100 0 1
100
4.345031168624805 -4.137717262414018 0
0 101 0 1
101
0.766044443118978 -0.6427876096865393 0
0 102 0 1
102
0.3958779737532198 -0.30607291598089 0
0 103 0 1
103
0 0 0
0 104 0 1
104
0.3701664693657582 -0.3367146937056492 0
1 1 0 0
1 2 0 0
1 3 0 0
1 4 0 0
1 5 0 0
1 6 0 0
1 7 0 0
1 8 0 0
1 9 0 0
1 10 0 0
1 11 0 0
1 12 0 0
1 13 0 0
1 14 0 0
1 15 0 0
1 16 0 0
1 17 0 0
1 18 0 0
1 19 0 0
1 20 0 0
1 21 0 0
1 22 0 0
1 23 0 0
1 24 0 0
1 25 0 0
1 26 0 0
1 27 0 0
1 28 0 0
1 29 0 0
1 30 0 0
1 31 0 0
1 32 0 0
1 33 0 0
1 34 0 0
1 35 0 0
1 36 0 0
1 37 0 0
1 38 0 0
1 39 0 0
1 40 0 0
1 41 0 0
1 42 0 0
1 43 0 0
1 44 0 0
1 45 0 0
1 46 0 0
1 47 0 0
1 48 0 0
1 49 0 0
1 50 0 0
1 51 0 0
1 52 0 0
1 53 0 0
1 54 0 0
1 55 0 0
1 56 0 0
1 57 0 0
1 58 0 0
1 59 0 0
1 60 0 0
1 61 0 0
1 62 0 0
1 63 0 0
1 64 0 0
1 65 0 0
1 66 0 0
1 67 0 0
1 68 0 0
1 69 0 0
1 70 0 0
1 71 0 0
1 72 0 0
1 73 0 0
1 74 0 0
1 75 0 0
1 76 0 0
1 77 0 0
1 78 0 0
1 79 0 0
1 80 0 0
1 81 0 0
1 82 0 0
1 83 0 0
1 84 0 0
1 85 0 0
1 86 0 0
1 87 0 0
1 88 0 0
1 89 0 0
1 90 0 0
1 91 0 0
1 92 0 0
1 93 0 0
1 94 0 0
1 95 0 0
1 96 0 0
1 97 0 0
1 98 0 0
1 99 0 0
1 100 0 0
1 101 0 50
105
106
107
108
109
110
111
112
113
114
115
116
117
118
119
120
121
122
123
124
125
126
127
128
129
130
131
132
133
134
135
136
137
138
139
140
141
142
143
144
145
146
147
148
149
150
151
152
153
154
0.7587862770529875 -0.6361853607903544 0
0.751528110986997 -0.6295831118941695 0
0.7442699449210123 -0.6229808629979899 0
0.7370117788550381 -0.6163786141018198 0
0.7297536127890688 -0.6097763652056543 0
0.7224954467230998 -0.603174116309489 0
0.7152372806571331 -0.5965718674133257 0
0.7079791145911642 -0.5899696185171606 0
0.7007209485251737 -0.5833673696209757 0
0.6934627824591845 -0.5767651207247919 0
0.6862046163932165 -0.5701628718286276 0
0.6789464503272261 -0.5635606229324427 0
0.6716882842612356 -0.5569583740362579 0
0.6644301181952451 -0.550356125140073 0
0.6571719521292546 -0.5437538762438882 0
0.6499137860632876 -0.5371516273477247 0
0.642655619997337 -0.530549378451576 0
0.6353974539313627 -0.523947129555406 0
0.6281392878653885 -0.517344880659236 0
0.620881121799436 -0.5107426317630855 0
0.6136229557334834 -0.5041403828669352 0
0.6063647896675268 -0.4975381339707812 0
0.5991066236015656 -0.4909358850746229 0
0.591848457535586 -0.484333636178448 0
0.584590291469626 -0.4777313872822909 0
0.5773321254036355 -0.471129138386106 0
0.570073959337645 -0.4645268894899212 0
0.5628157932716293 -0.4579246405937133 0
0.5555576272056015 -0.4513223916974946 0
0.5482994611395733 -0.4447201428012754 0
0.5410412950735353 -0.4381178939050472 0
0.5337831290075259 -0.4315156450088452 0
0.5265249629415273 -0.4249133961126529 0
0.5192667968755089 -0.4183111472164427 0
0.5120086308094818 -0.4117088983202245 0
0.5047504647434514 -0.4051066494240034 0
0.4974922986774481 -0.3985044005278069 0
0.4902341326114273 -0.3919021516315945 0
0.4829759665454039 -0.3852999027353796 0
0.4757178004793913 -0.3786976538391747 0
0.4684596344133775 -0.3720954049429686 0
0.4612014683473555 -0.365493156046755 0
0.4539433022813343 -0.3588909071505422 0
0.4466851362153262 -0.3522886582543415 0
0.4394269701493068 -0.3456864093581302 0
0.4321688040832989 -0.3390841604619296 0
0.4249106380172851 -0.3324819115657235 0
0.4176524719512685 -0.3258796626695148 0
0.4103943058852522 -0.3192774137733065 0
0.4031361398192419 -0.3126751648771036 0
1 102 0 50
155
156
157
158
159
160
161
162
163
164
165
166
167
168
169
170
171
172
173
174
175
176
177
178
179
180
181
182
183
184
185
186
187
188
189
190
191
192
193
194
195
196
197
198
199
200
201
202
203
204
0.3881156605423903 -0.3000714862557884 0
0.3803533473315607 -0.2940700565306867 0
0.3725910341207178 -0.2880686268055747 0
0.364828720909888 -0.282067197080473 0
0.3570664076990557 -0.2760657673553691 0
0.349304094488229 -0.2700643376302697 0
0.3415417812773969 -0.264062907905166 0
0.3337794680665636 -0.2580614781800615 0
0.326017154855738 -0.2520600484549629 0
0.318254841644924 -0.2460586187298733 0
0.3104925284341074 -0.2400571890047816 0
0.302730215223281 -0.2340557592796824 0
0.2949679020124469 -0.2280543295545772 0
0.2872055888016086 -0.2220528998294688 0
0.2794432755907899 -0.2160514701043755 0
0.2716809623799643 -0.2100500403792769 0
0.263918649169147 -0.2040486106541848 0
0.2561563359583288 -0.1980471809290918 0
0.2483940227474911 -0.192045751203984 0
0.2406317095366661 -0.1860443214788858 0
0.2328693963258414 -0.1800428917537879 0
0.2251070831150172 -0.1740414620286904 0
0.2173447699041946 -0.1680400323035941 0
0.2095824566933704 -0.1620386025784966 0
0.2018201434825477 -0.1560371728534002 0
0.1940578302716967 -0.150035743128282 0
0.1862955170608221 -0.1440343134031455 0
0.1785332038499585 -0.1380328836780175 0
0.1707708906390946 -0.1320314539528893 0
0.1630085774282254 -0.126030024227757 0
0.1552462642173591 -0.1200285945026269 0
0.1474839510064867 -0.1140271647774922 0
0.1397216377956166 -0.1080257350523591 0
0.1319593245847492 -0.1020243053272282 0
0.1241970113738894 -0.09602287560210315 0
0.1164346981630229 -0.090021445876973 0
0.1086723849521551 -0.08402001615184176 0
0.1009100717412779 -0.07801858642670326 0
0.09314775853041002 -0.07201715670157197 0
0.08538544531954229 -0.06601572697644079 0
0.07762313210867861 -0.06001429725131274 0
0.06986081889781182 -0.05401286752618228 0
0.06209850568693898 -0.04801143780104716 0
0.05433619247606686 -0.0420100080759126 0
0.04657387926520024 -0.03600857835078231 0
0.0388115660543219 -0.03000714862564291 0
0.03104925284345533 -0.02400571890051262 0
0.02328693963258777 -0.0180042891753816 0
0.01552462642173447 -0.01200285945026158 0
0.007762313210867178 -0.006001429725130736 0
1 103 0 50
205
206
207
208
209
210
211
212
213
214
215
216
217
218
219
220
221
222
223
224
225
226
227
228
229
230
231
232
233
234
235
236
237
238
239
240
241
242
243
244
245
246
247
248
249
250
251
252
253
254
0.00725816606598144 -0.00660224889617663 0
0.01451633213196164 -0.01320449779235213 0
0.0217744981979405 -0.01980674668852642 0
0.0290326642639233 -0.02640899558470429 0
0.03629083032990817 -0.03301124448088404 0
0.0435489963958919 -0.03961349337706275 0
0.05080716246186875 -0.0462157422732352 0
0.05806532852784294 -0.05281799116940524 0
0.06532349459381692 -0.05942024006557509 0
0.07258166065978985 -0.06602248896174398 0
0.07983982672576148 -0.07262473785791168 0
0.08709799279173464 -0.07922698675408078 0
0.09435615885771241 -0.08582923565025406 0
0.1016143249236868 -0.0924314845464243 0
0.1088724909896596 -0.09903373344259307 0
0.1161306570556313 -0.1056359823387608 0
0.1233888231216064 -0.1122382312349317 0
0.1306469891875833 -0.1188404801311042 0
0.13790515525356 -0.1254427290272765 0
0.1451633213195358 -0.132044977923448 0
0.1524214873855081 -0.1386472268196163 0
0.1596796534514798 -0.1452494757157841 0
0.1669378195174549 -0.151851724611955 0
0.174195985583434 -0.1584539735081295 0
0.1814541516494043 -0.165056222404296 0
0.1887123177154002 -0.1716584713004858 0
0.1959704837814111 -0.1782607201966891 0
0.2032286498474241 -0.1848629690928945 0
0.2104868159134371 -0.1914652179890999 0
0.2177449819794552 -0.1980674668853098 0
0.2250031480454708 -0.2046697157815176 0
0.2322613141114853 -0.2112719646777242 0
0.2395194801774981 -0.2178742135739294 0
0.2467776462435127 -0.2244764624701362 0
0.2540358123095255 -0.2310787113663413 0
0.2612939783755427 -0.2376809602625506 0
0.2685521444415472 -0.2442832091587481 0
0.2758103105075683 -0.2508854580549608 0
0.2830684765735889 -0.2574877069511731 0
0.2903266426396002 -0.2640899558473768 0
0.2975848087056128 -0.2706922047435819 0
0.3048429747716336 -0.2772944536397943 0
0.3121011408376536 -0.2838967025360059 0
0.3193593069036604 -0.2904989514322057 0
0.3266174729696786 -0.2971012003284157 0
0.3338756390356852 -0.3037034492246152 0
0.3411338051016978 -0.3103056981208202 0
0.3483919711677132 -0.3169079470170277 0
0.3556501372337283 -0.323510195913235 0
0.3629083032997374 -0.3301124448094367 0
1 104 0 50
255
256
257
258
259
260
261
262
263
264
265
266
267
268
269
270
271
272
273
274
275
276
277
278
279
280
281
282
283
284
285
286
287
288
289
290
291
292
293
294
295
296
297
298
299
300
301
302
303
304
0.3779287825765874 -0.3427161234307505 0
0.3856910957874166 -0.348717553155852 0
0.3934534089982592 -0.3547189828809637 0
0.4012157222090885 -0.3607204126060652 0
0.4089780354199205 -0.3667218423311687 0
0.4167403486307469 -0.372723272056268 0
0.4245026618415786 -0.3787247017813713 0
0.4322649750524116 -0.3847261315064756 0
0.4400272882632368 -0.3907275612315739 0
0.4477896014740504 -0.3967289909566633 0
0.4555519146848668 -0.4027304206817547 0
0.4633142278957009 -0.4087318504068599 0
0.471076541106537 -0.4147332801319666 0
0.4788388543173667 -0.4207347098570684 0
0.4866011675281828 -0.4267361395821596 0
0.4943634807390163 -0.4327375693072643 0
0.50212579394984 -0.4387389990323614 0
0.5098881071606669 -0.4447404287574611 0
0.5176504203714816 -0.4507418584825511 0
0.5254127335823315 -0.4567432882076686 0
0.5331750467931636 -0.4627447179327722 0
0.5409373600039395 -0.4687461476578324 0
0.5486996732147766 -0.4747475773829399 0
0.5564619864256211 -0.480749007108053 0
0.5642242996364522 -0.4867504368331559 0
0.5719866128472909 -0.4927518665582647 0
0.5797489260581508 -0.4987532962833898 0
0.5875112392690319 -0.5047547260085313 0
0.5952735524798761 -0.5107561557336443 0
0.6030358656907115 -0.5167575854587505 0
0.6107981789015912 -0.5227590151838909 0
0.6185604921124549 -0.528760444909019 0
0.6263228053233461 -0.5347618746341682 0
0.6340851185342113 -0.5407633043592975 0
0.6418474317450525 -0.5467647340844082 0
0.6496097449559618 -0.5527661638095714 0
0.6573720581667897 -0.5587675935346718 0
0.6651343713776594 -0.5647690232598045 0
0.6728966845885471 -0.5707704529849512 0
0.6806589977993839 -0.5767718827100583 0
0.6884213110102857 -0.5827733124352159 0
0.6961836242211212 -0.5887747421603222 0
0.703945937431973 -0.594776171885441 0
0.7117082506428785 -0.6007776016106015 0
0.719470563853716 -0.6067790313357091 0
0.7272328770646319 -0.6127804610608776 0
0.7349951902755111 -0.6187818907860176 0
0.7427575034863622 -0.6247833205111359 0
0.7505198166972575 -0.6307847502362885 0
0.7582821299080963 -0.6367861799613973 0
2 1 0 4615
305
306
307
308
309
310
311
312
313
314
315
316
317
318
319
320
321
322
323
324
325
326
327
328
329
330
331
332
333
334
335
336
337
338
339
340
341
342
343
344
345
346
347
348
349
350
351
352
353
354
355
356
357
358
359
360
361
362
363
364
365
366
367
368
369
370
371
372
373
374
375
376
377
378
379
380
381
382
383
384
385
386
387
388
389
390
391
392
393
394
395
396
397
398
399
400
401
402
403
404
405
406
407
408
409
410
411
412
413
414
415
416
417
418
419
420
421
422
423
424
425
426
427
428
429
430
431
432
433
434
435
436
437
438
439
440
441
442
443
444
445
446
447
448
449
450
451
452
453
454
455
456
457
458
459
460
461
462
463
464
465
466
467
468
469
470
471
472
473
474
475
476
477
478
479
480
481
482
483
484
485
486
487
488
489
490
491
492
493
494
495
496
497
498
499
500
501
502
503
504
505
506
507
508
509
510
511
512
513
514
515
516
517
518
519
520
521
522
523
524
525
526
527
528
529
530
531
532
533
534
535
536
537
538
539
540
541
542
543
544
545
546
547
548
549
550
551
552
553
554
555
556
557
558
559
560
561
562
563
564
565
566
567
568
569
570
571
572
573
574
575
576
577
578
579
580
581
582
583
584
585
586
587
588
589
590
591
592
593
594
595
596
597
598
599
600
601
602
603
604
605
606
607
608
609
610
611
612
613
614
615
616
617
618
619
620
621
622
623
624
625
626
627
628
629
630
631
632
633
634
635
636
637
638
639
640
641
642
643
644
645
646
647
648
649
650
651
652
653
654
655
656
657
658
659
660
661
662
663
664
665
666
667
668
669
670
671
672
673
674
675
676
677
678
679
680
681
682
683
684
685
686
687
688
689
690
691
692
693
694
695
696
697
698
699
700
701
702
703
704
705
706
707
708
709
710
711
712
713
714
715
716
717
718
719
720
721
722
723
724
725
726
727
728
729
730
731
732
733
734
735
736
737
738
739
740
741
742
743
744
745
746
747
748
749
750
751
752
753
754
755
756
757
758
759
760
761
762
763
764
765
766
767
768
769
770
771
772
773
774
775
776
777
778
779
780
781
782
783
784
785
786
787
788
789
790
791
792
793
794
795
796
797
798
799
800
801
802
803
804
805
806
807
808
809
810
811
812
813
814
815
816
817
818
819
820
821
822
823
824
825
826
827
828
829
830
831
832
833
834
835
836
837
838
839
840
841
842
843
844
845
846
847
848
849
850
851
852
853
854
855
856
857
858
859
860
861
862
863
864
865
866
867
868
869
870
871
872
873
874
875
876
877
878
879
880
881
882
883
884
885
886
887
888
889
890
891
892
893
894
895
896
897
898
899
900
901
902
903
904
905
906
907
908
909
910
911
912
913
914
915
916
917
918
919
920
921
922
923
924
925
926
927
928
929
930
931
932
933
934
935
936
937
938
939
940
941
942
943
944
945
946
947
948
949
950
951
952
953
954
955
956
957
958
959
960
961
962
963
964
965
966
967
968
969
970
971
972
973
974
975
976
977
978
979
980
981
982
983
984
985
986
987
988
989
990
991
992
993
994
995
996
997
998
999
1000
1001
1002
1003
1004
1005
1006
1007
1008
1009
1010
1011
1012
1013
1014
1015
1016
1017
1018
1019
1020
1021
1022
1023
1024
1025
1026
1027
1028
1029
1030
1031
1032
1033
1034
1035
1036
1037
1038
1039
1040
1041
1042
1043
1044
1045
1046
1047
1048
1049
1050
1051
1052
1053
1054
1055
1056
1057
1058
1059
1060
1061
1062
1063
1064
1065
1066
1067
1068
1069
1070
1071
1072
1073
1074
1075
1076
1077
1078
1079
1080
1081
1082
1083
1084
1085
1086
1087
1088
1089
1090
1091
1092
1093
1094
1095
1096
1097
1098
1099
1100
1101
1102
1103
1104
1105
1106
1107
1108
1109
1110
1111
1112
1113
1114
1115
1116
1117
1118
1119
1120
1121
1122
1123
1124
1125
1126
1127
1128
1129
1130
1131
1132
1133
1134
1135
1136
1137
1138
1139
1140
1141
1142
1143
1144
1145
1146
1147
1148
1149
1150
1151
1152
1153
1154
1155
1156
1157
1158
1159
1160
1161
1162
1163
1164
1165
1166
1167
1168
1169
1170
1171
1172
1173
1174
1175
1176
1177
1178
1179
1180
1181
1182
1183
1184
1185
1186
1187
1188
1189
1190
1191
1192
1193
1194
1195
1196
1197
1198
1199
1200
1201
1202
1203
1204
1205
1206
1207
1208
1209
1210
1211
1212
1213
1214
1215
1216
1217
1218
1219
1220
1221
1222
1223
1224
1225
1226
1227
1228
1229
1230
1231
1232
1233
1234
1235
1236
1237
1238
1239
1240
1241
1242
1243
1244
1245
1246
1247
1248
1249
1250
1251
1252
1253
1254
1255
1256
1257
1258
1259
1260
1261
1262
1263
1264
1265
1266
1267
1268
1269
1270
1271
1272
1273
1274
1275
1276
1277
1278
1279
1280
1281
1282
1283
1284
1285
1286
1287
1288
1289
1290
1291
1292
1293
1294
1295
1296
1297
1298
1299
1300
1301
1302
1303
1304
1305
1306
1307
1308
1309
1310
1311
1312
1313
1314
1315
1316
1317
1318
1319
1320
1321
1322
1323
1324
1325
1326
1327
1328
1329
1330
1331
1332
1333
1334
1335
1336
1337
1338
1339
1340
1341
1342
1343
1344
1345
1346
1347
1348
1349
1350
1351
1352
1353
1354
1355
1356
1357
1358
1359
1360
1361
1362
1363
1364
1365
1366
1367
1368
1369
1370
1371
1372
1373
1374
1375
1376
1377
1378
1379
1380
1381
1382
1383
1384
1385
1386
1387
1388
1389
1390
1391
1392
1393
1394
1395
1396
1397
1398
1399
1400
1401
1402
1403
1404
1405
1406
1407
1408
1409
1410
1411
1412
1413
1414
1415
1416
1417
1418
1419
1420
1421
1422
1423
1424
1425
1426
1427
1428
1429
1430
1431
1432
1433
1434
1435
1436
1437
1438
1439
1440
1441
1442
1443
1444
1445
1446
1447
1448
1449
1450
1451
1452
1453
1454
1455
1456
1457
1458
1459
1460
1461
1462
1463
1464
1465
1466
1467
1468
1469
1470
1471
1472
1473
1474
1475
1476
1477
1478
1479
1480
1481
1482
1483
1484
1485
1486
1487
1488
1489
1490
1491
1492
1493
1494
1495
1496
1497
1498
1499
1500
1501
1502
1503
1504
1505
1506
1507
1508
1509
1510
1511
1512
1513
1514
1515
1516
1517
1518
1519
1520
1521
1522
1523
1524
1525
1526
1527
1528
1529
1530
1531
1532
1533
1534
1535
1536
1537
1538
1539
1540
1541
1542
1543
1544
1545
1546
1547
1548
1549
1550
1551
1552
1553
1554
1555
1556
1557
1558
1559
1560
1561
1562
1563
1564
1565
1566
1567
1568
1569
1570
1571
1572
1573
1574
1575
1576
1577
1578
1579
1580
1581
1582
1583
1584
1585
1586
1587
1588
1589
1590
1591
1592
1593
1594
1595
1596
1597
1598
1599
1600
1601
1602
1603
1604
1605
1606
1607
1608
1609
1610
1611
1612
1613
1614
1615
1616
1617
1618
1619
1620
1621
1622
1623
1624
1625
1626
1627
1628
1629
1630
1631
1632
1633
1634
1635
1636
1637
1638
1639
1640
1641
1642
1643
1644
1645
1646
1647
1648
1649
1650
1651
1652
1653
1654
1655
1656
1657
1658
1659
1660
1661
1662
1663
1664
1665
1666
1667
1668
1669
1670
1671
1672
1673
1674
1675
1676
1677
1678
1679
1680
1681
1682
1683
1684
1685
1686
1687
1688
1689
1690
1691
1692
1693
1694
1695
1696
1697
1698
1699
1700
1701
1702
1703
1704
1705
1706
1707
1708
1709
1710
1711
1712
1713
1714
1715
1716
1717
1718
1719
1720
1721
1722
1723
1724
1725
1726
1727
1728
1729
1730
1731
1732
1733
1734
1735
1736
1737
1738
1739
1740
1741
1742
1743
1744
1745
1746
1747
1748
1749
1750
1751
1752
1753
1754
1755
1756
1757
1758
1759
1760
1761
1762
1763
1764
1765
1766
1767
1768
1769
1770
1771
1772
1773
1774
1775
1776
1777
1778
1779
1780
1781
1782
1783
1784
1785
1786
1787
1788
1789
1790
1791
1792
1793
1794
1795
1796
1797
1798
1799
1800
1801
1802
1803
1804
1805
1806
1807
1808
1809
1810
1811
1812
1813
1814
1815
1816
1817
1818
1819
1820
1821
1822
1823
1824
1825
1826
1827
1828
1829
1830
1831
1832
1833
1834
1835
1836
1837
1838
1839
1840
1841
1842
1843
1844
1845
1846
1847
1848
1849
1850
1851
1852
1853
1854
1855
1856
1857
1858
1859
1860
1861
1862
1863
1864
1865
1866
1867
1868
1869
1870
1871
1872
1873
1874
1875
1876
1877
1878
1879
1880
1881
1882
1883
1884
1885
1886
1887
1888
1889
1890
1891
1892
1893
1894
1895
1896
1897
1898
1899
1900
1901
1902
1903
1904
1905
1906
1907
1908
1909
1910
1911
1912
1913
1914
1915
1916
1917
1918
1919
1920
1921
1922
1923
1924
1925
1926
1927
1928
1929
1930
1931
1932
1933
1934
1935
1936
1937
1938
1939
1940
1941
1942
1943
1944
1945
1946
1947
1948
1949
1950
1951
1952
1953
1954
1955
1956
1957
1958
1959
1960
1961
1962
1963
1964
1965
1966
1967
1968
1969
1970
1971
1972
1973
1974
1975
1976
1977
1978
1979
1980
1981
1982
1983
1984
1985
1986
1987
1988
1989
1990
1991
1992
1993
1994
1995
1996
1997
1998
1999
2000
2001
2002
2003
2004
2005
2006
2007
2008
2009
2010
2011
2012
2013
2014
2015
2016
2017
2018
2019
2020
2021
2022
2023
2024
2025
2026
2027
2028
2029
2030
2031
2032
2033
2034
2035
2036
2037
2038
2039
2040
2041
2042
2043
2044
2045
2046
2047
2048
2049
2050
2051
2052
2053
2054
2055
2056
2057
2058
2059
2060
2061
2062
2063
2064
2065
2066
2067
2068
2069
2070
2071
2072
2073
2074
2075
2076
2077
2078
2079
2080
2081
2082
2083
2084
2085
2086
2087
2088
2089
2090
2091
2092
2093
2094
2095
2096
2097
2098
2099
2100
2101
2102
2103
2104
2105
2106
2107
2108
2109
2110
2111
2112
2113
2114
2115
2116
2117
2118
2119
2120
2121
2122
2123
2124
2125
2126
2127
2128
2129
2130
2131
2132
2133
2134
2135
2136
2137
2138
2139
2140
2141
2142
2143
2144
2145
2146
2147
2148
2149
2150
2151
2152
2153
2154
2155
2156
2157
2158
2159
2160
2161
2162
2163
2164
2165
2166
2167
2168
2169
2170
2171
2172
2173
2174
2175
2176
2177
2178
2179
2180
2181
2182
2183
2184
2185
2186
2187
2188
2189
2190
2191
2192
2193
2194
2195
2196
2197
2198
2199
2200
2201
2202
2203
2204
2205
2206
2207
2208
2209
2210
2211
2212
2213
2214
2215
2216
2217
2218
2219
2220
2221
2222
2223
2224
2225
2226
2227
2228
2229
2230
2231
2232
2233
2234
2235
2236
2237
2238
2239
2240
2241
2242
2243
2244
2245
2246
2247
2248
2249
2250
2251
2252
2253
2254
2255
2256
2257
2258
2259
2260
2261
2262
2263
2264
2265
2266
2267
2268
2269
2270
2271
2272
2273
2274
2275
2276
2277
2278
2279
2280
2281
2282
2283
2284
2285
2286
2287
2288
2289
2290
2291
2292
2293
2294
2295
2296
2297
2298
2299
2300
2301
2302
2303
2304
2305
2306
2307
2308
2309
2310
2311
2312
2313
2314
2315
2316
2317
2318
2319
2320
2321
2322
2323
2324
2325
2326
2327
2328
2329
2330
2331
2332
2333
2334
2335
2336
2337
2338
2339
2340
2341
2342
2343
2344
2345
2346
2347
2348
2349
2350
2351
2352
2353
2354
2355
2356
2357
2358
2359
2360
2361
2362
2363
2364
2365
2366
2367
2368
2369
2370
2371
2372
2373
2374
2375
2376
2377
2378
2379
2380
2381
2382
2383
2384
2385
2386
2387
2388
2389
2390
2391
2392
2393
2394
2395
2396
2397
2398
2399
2400
2401
2402
2403
2404
2405
2406
2407
2408
2409
2410
2411
2412
2413
2414
2415
2416
2417
2418
2419
2420
2421
2422
2423
2424
2425
2426
2427
2428
2429
2430
2431
2432
2433
2434
2435
2436
2437
2438
2439
2440
2441
2442
2443
2444
2445
2446
2447
2448
2449
2450
2451
2452
2453
2454
2455
2456
2457
2458
2459
2460
2461
2462
2463
2464
2465
2466
2467
2468
2469
2470
2471
2472
2473
2474
2475
2476
2477
2478
2479
2480
2481
2482
2483
2484
2485
2486
2487
2488
2489
2490
2491
2492
2493
2494
2495
2496
2497
2498
2499
2500
2501
2502
2503
2504
2505
2506
2507
2508
2509
2510
2511
2512
2513
2514
2515
2516
2517
2518
2519
2520
2521
2522
2523
2524
2525
2526
2527
2528
2529
2530
2531
2532
2533
2534
2535
2536
2537
2538
2539
2540
2541
2542
2543
2544
2545
2546
2547
2548
2549
2550
2551
2552
2553
2554
2555
2556
2557
2558
2559
2560
2561
2562
2563
2564
2565
2566
2567
2568
2569
2570
2571
2572
2573
2574
2575
2576
2577
2578
2579
2580
2581
2582
2583
2584
2585
2586
2587
2588
2589
2590
2591
2592
2593
2594
2595
2596
2597
2598
2599
2600
2601
2602
2603
2604
2605
2606
2607
2608
2609
2610
2611
2612
2613
2614
2615
2616
2617
2618
2619
2620
2621
2622
2623
2624
2625
2626
2627
2628
2629
2630
2631
2632
2633
2634
2635
2636
2637
2638
2639
2640
2641
2642
2643
2644
2645
2646
2647
2648
2649
2650
2651
2652
2653
2654
2655
2656
2657
2658
2659
2660
2661
2662
2663
2664
2665
2666
2667
2668
2669
2670
2671
2672
2673
2674
2675
2676
2677
2678
2679
2680
2681
2682
2683
2684
2685
2686
2687
2688
2689
2690
2691
2692
2693
2694
2695
2696
2697
2698
2699
2700
2701
2702
2703
2704
2705
2706
2707
2708
2709
2710
2711
2712
2713
2714
2715
2716
2717
2718
2719
2720
2721
2722
2723
2724
2725
2726
2727
2728
2729
2730
2731
2732
2733
2734
2735
2736
2737
2738
2739
2740
2741
2742
2743
2744
2745
2746
2747
2748
2749
2750
2751
2752
2753
2754
2755
2756
2757
2758
2759
2760
2761
2762
2763
2764
2765
2766
2767
2768
2769
2770
2771
2772
2773
2774
2775
2776
2777
2778
2779
2780
2781
2782
2783
2784
2785
2786
2787
2788
2789
2790
2791
2792
2793
2794
2795
2796
2797
2798
2799
2800
2801
2802
2803
2804
2805
2806
2807
2808
2809
2810
2811
2812
2813
2814
2815
2816
2817
2818
2819
2820
2821
2822
2823
2824
2825
2826
2827
2828
2829
2830
2831
2832
2833
2834
2835
2836
2837
2838
2839
2840
2841
2842
2843
2844
2845
2846
2847
2848
2849
2850
2851
2852
2853
2854
2855
2856
2857
2858
2859
2860
2861
2862
2863
2864
2865
2866
2867
2868
2869
2870
2871
2872
2873
2874
2875
2876
2877
2878
2879
2880
2881
2882
2883
2884
2885
2886
2887
2888
2889
2890
2891
2892
2893
2894
2895
2896
2897
2898
2899
2900
2901
2902
2903
2904
2905
2906
2907
2908
2909
2910
2911
2912
2913
2914
2915
2916
2917
2918
2919
2920
2921
2922
2923
2924
2925
2926
2927
2928
2929
2930
2931
2932
2933
2934
2935
2936
2937
2938
2939
2940
2941
2942
2943
2944
2945
2946
2947
2948
2949
2950
2951
2952
2953
2954
2955
2956
2957
2958
2959
2960
2961
2962
2963
2964
2965
2966
2967
2968
2969
2970
2971
2972
2973
2974
2975
2976
2977
2978
2979
2980
2981
2982
2983
2984
2985
2986
2987
2988
2989
2990
2991
2992
2993
2994
2995
2996
2997
2998
2999
3000
3001
3002
3003
3004
3005
3006
3007
3008
3009
3010
3011
3012
3013
3014
3015
3016
3017
3018
3019
3020
3021
3022
3023
3024
3025
3026
3027
3028
3029
3030
3031
3032
3033
3034
3035
3036
3037
3038
3039
3040
3041
3042
3043
3044
3045
3046
3047
3048
3049
3050
3051
3052
3053
3054
3055
3056
3057
3058
3059
3060
3061
3062
3063
3064
3065
3066
3067
3068
3069
3070
3071
3072
3073
3074
3075
3076
3077
3078
3079
3080
3081
3082
3083
3084
3085
3086
3087
3088
3089
3090
3091
3092
3093
3094
3095
3096
3097
3098
3099
3100
3101
3102
3103
3104
3105
3106
3107
3108
3109
3110
3111
3112
3113
3114
3115
3116
3117
3118
3119
3120
3121
3122
3123
3124
3125
3126
3127
3128
3129
3130
3131
3132
3133
3134
3135
3136
3137
3138
3139
3140
3141
3142
3143
3144
3145
3146
3147
3148
3149
3150
3151
3152
3153
3154
3155
3156
3157
3158
3159
3160
3161
3162
3163
3164
3165
3166
3167
3168
3169
3170
3171
3172
3173
3174
3175
3176
3177
3178
3179
3180
3181
3182
3183
3184
3185
3186
3187
3188
3189
3190
3191
3192
3193
3194
3195
3196
3197
3198
3199
3200
3201
3202
3203
3204
3205
3206
3207
3208
3209
3210
3211
3212
3213
3214
3215
3216
3217
3218
3219
3220
3221
3222
3223
3224
3225
3226
3227
3228
3229
3230
3231
3232
3233
3234
3235
3236
3237
3238
3239
3240
3241
3242
3243
3244
3245
3246
3247
3248
3249
3250
3251
3252
3253
3254
3255
3256
3257
3258
3259
3260
3261
3262
3263
3264
3265
3266
3267
3268
3269
3270
3271
3272
3273
3274
3275
3276
3277
3278
3279
3280
3281
3282
3283
3284
3285
3286
3287
3288
3289
3290
3291
3292
3293
3294
3295
3296
3297
3298
3299
3300
3301
3302
3303
3304
3305
3306
3307
3308
3309
3310
3311
3312
3313
3314
3315
3316
3317
3318
3319
3320
3321
3322
3323
3324
3325
3326
3327
3328
3329
3330
3331
3332
3333
3334
3335
3336
3337
3338
3339
3340
3341
3342
3343
3344
3345
3346
3347
3348
3349
3350
3351
3352
3353
3354
3355
3356
3357
3358
3359
3360
3361
3362
3363
3364
3365
3366
3367
3368
3369
3370
3371
3372
3373
3374
3375
3376
3377
3378
3379
3380
3381
3382
3383
3384
3385
3386
3387
3388
3389
3390
3391
3392
3393
3394
3395
3396
3397
3398
3399
3400
3401
3402
3403
3404
3405
3406
3407
3408
3409
3410
3411
3412
3413
3414
3415
3416
3417
3418
3419
3420
3421
3422
3423
3424
3425
3426
3427
3428
3429
3430
3431
3432
3433
3434
3435
3436
3437
3438
3439
3440
3441
3442
3443
3444
3445
3446
3447
3448
3449
3450
3451
3452
3453
3454
3455
3456
3457
3458
3459
3460
3461
3462
3463
3464
3465
3466
3467
3468
3469
3470
3471
3472
3473
3474
3475
3476
3477
3478
3479
3480
3481
3482
3483
3484
3485
3486
3487
3488
3489
3490
3491
3492
3493
3494
3495
3496
3497
3498
3499
3500
3501
3502
3503
3504
3505
3506
3507
3508
3509
3510
3511
3512
3513
3514
3515
3516
3517
3518
3519
3520
3521
3522
3523
3524
3525
3526
3527
3528
3529
3530
3531
3532
3533
3534
3535
3536
3537
3538
3539
3540
3541
3542
3543
3544
3545
3546
3547
3548
3549
3550
3551
3552
3553
3554
3555
3556
3557
3558
3559
3560
3561
3562
3563
3564
3565
3566
3567
3568
3569
3570
3571
3572
3573
3574
3575
3576
3577
3578
3579
3580
3581
3582
3583
3584
3585
3586
3587
3588
3589
3590
3591
3592
3593
3594
3595
3596
3597
3598
3599
3600
3601
3602
3603
3604
3605
3606
3607
3608
3609
3610
3611
3612
3613
3614
3615
3616
3617
3618
3619
3620
3621
3622
3623
3624
3625
3626
3627
3628
3629
3630
3631
3632
3633
3634
3635
3636
3637
3638
3639
3640
3641
3642
3643
3644
3645
3646
3647
3648
3649
3650
3651
3652
3653
3654
3655
3656
3657
3658
3659
3660
3661
3662
3663
3664
3665
3666
3667
3668
3669
3670
3671
3672
3673
3674
3675
3676
3677
3678
3679
3680
3681
3682
3683
3684
3685
3686
3687
3688
3689
3690
3691
3692
3693
3694
3695
3696
3697
3698
3699
3700
3701
3702
3703
3704
3705
3706
3707
3708
3709
3710
3711
3712
3713
3714
3715
3716
3717
3718
3719
3720
3721
3722
3723
3724
3725
3726
3727
3728
3729
3730
3731
3732
3733
3734
3735
3736
3737
3738
3739
3740
3741
3742
3743
3744
3745
3746
3747
3748
3749
3750
3751
3752
3753
3754
3755
3756
3757
3758
3759
3760
3761
3762
3763
3764
3765
3766
3767
3768
3769
3770
3771
3772
3773
3774
3775
3776
3777
3778
3779
3780
3781
3782
3783
3784
3785
3786
3787
3788
3789
3790
3791
3792
3793
3794
3795
3796
3797
3798
3799
3800
3801
3802
3803
3804
3805
3806
3807
3808
3809
3810
3811
3812
3813
3814
3815
3816
3817
3818
3819
3820
3821
3822
3823
3824
3825
3826
3827
3828
3829
3830
3831
3832
3833
3834
3835
3836
3837
3838
3839
3840
3841
3842
3843
3844
3845
3846
3847
3848
3849
3850
3851
3852
3853
3854
3855
3856
3857
3858
3859
3860
3861
3862
3863
3864
3865
3866
3867
3868
3869
3870
3871
3872
3873
3874
3875
3876
3877
3878
3879
3880
3881
3882
3883
3884
3885
3886
3887
3888
3889
3890
3891
3892
3893
3894
3895
3896
3897
3898
3899
3900
3901
3902
3903
3904
3905
3906
3907
3908
3909
3910
3911
3912
3913
3914
3915
3916
3917
3918
3919
3920
3921
3922
3923
3924
3925
3926
3927
3928
3929
3930
3931
3932
3933
3934
3935
3936
3937
3938
3939
3940
3941
3942
3943
3944
3945
3946
3947
3948
3949
3950
3951
3952
3953
3954
3955
3956
3957
3958
3959
3960
3961
3962
3963
3964
3965
3966
3967
3968
3969
3970
3971
3972
3973
3974
3975
3976
3977
3978
3979
3980
3981
3982
3983
3984
3985
3986
3987
3988
3989
3990
3991
3992
3993
3994
3995
3996
3997
3998
3999
4000
4001
4002
4003
4004
4005
4006
4007
4008
4009
4010
4011
4012
4013
4014
4015
4016
4017
4018
4019
4020
4021
4022
4023
4024
4025
4026
4027
4028
4029
4030
4031
4032
4033
4034
4035
4036
4037
4038
4039
4040
4041
4042
4043
4044
4045
4046
4047
4048
4049
4050
4051
4052
4053
4054
4055
4056
4057
4058
4059
4060
4061
4062
4063
4064
4065
4066
4067
4068
4069
4070
4071
4072
4073
4074
4075
4076
4077
4078
4079
4080
4081
4082
4083
4084
4085
4086
4087
4088
4089
4090
4091
4092
4093
4094
4095
4096
4097
4098
4099
4100
4101
4102
4103
4104
4105
4106
4107
4108
4109
4110
4111
4112
4113
4114
4115
4116
4117
4118
4119
4120
4121
4122
4123
4124
4125
4126
4127
4128
4129
4130
4131
4132
4133
4134
4135
4136
4137
4138
4139
4140
4141
4142
4143
4144
4145
4146
4147
4148
4149
4150
4151
4152
4153
4154
4155
4156
4157
4158
4159
4160
4161
4162
4163
4164
4165
4166
4167
4168
4169
4170
4171
4172
4173
4174
4175
4176
4177
4178
4179
4180
4181
4182
4183
4184
4185
4186
4187
4188
4189
4190
4191
4192
4193
4194
4195
4196
4197
4198
4199
4200
4201
4202
4203
4204
4205
4206
4207
4208
4209
4210
4211
4212
4213
4214
4215
4216
4217
4218
4219
4220
4221
4222
4223
4224
4225
4226
4227
4228
4229
4230
4231
4232
4233
4234
4235
4236
4237
4238
4239
4240
4241
4242
4243
4244
4245
4246
4247
4248
4249
4250
4251
4252
4253
4254
4255
4256
4257
4258
4259
4260
4261
4262
4263
4264
4265
4266
4267
4268
4269
4270
4271
4272
4273
4274
4275
4276
4277
4278
4279
4280
4281
4282
4283
4284
4285
4286
4287
4288
4289
4290
4291
4292
4293
4294
4295
4296
4297
4298
4299
4300
4301
4302
4303
4304
4305
4306
4307
4308
4309
4310
4311
4312
4313
4314
4315
4316
4317
4318
4319
4320
4321
4322
4323
4324
4325
4326
4327
4328
4329
4330
4331
4332
4333
4334
4335
4336
4337
4338
4339
4340
4341
4342
4343
4344
4345
4346
4347
4348
4349
4350
4351
4352
4353
4354
4355
4356
4357
4358
4359
4360
4361
4362
4363
4364
4365
4366
4367
4368
4369
4370
4371
4372
4373
4374
4375
4376
4377
4378
4379
4380
4381
4382
4383
4384
4385
4386
4387
4388
4389
4390
4391
4392
4393
4394
4395
4396
4397
4398
4399
4400
4401
4402
4403
4404
4405
4406
4407
4408
4409
4410
4411
4412
4413
4414
4415
4416
4417
4418
4419
4420
4421
4422
4423
4424
4425
4426
4427
4428
4429
4430
4431
4432
4433
4434
4435
4436
4437
4438
4439
4440
4441
4442
4443
4444
4445
4446
4447
4448
4449
4450
4451
4452
4453
4454
4455
4456
4457
4458
4459
4460
4461
4462
4463
4464
4465
4466
4467
4468
4469
4470
4471
4472
4473
4474
4475
4476
4477
4478
4479
4480
4481
4482
4483
4484
4485
4486
4487
4488
4489
4490
4491
4492
4493
4494
4495
4496
4497
4498
4499
4500
4501
4502
4503
4504
4505
4506
4507
4508
4509
4510
4511
4512
4513
4514
4515
4516
4517
4518
4519
4520
4521
4522
4523
4524
4525
4526
4527
4528
4529
4530
4531
4532
4533
4534
4535
4536
4537
4538
4539
4540
4541
4542
4543
4544
4545
4546
4547
4548
4549
4550
4551
4552
4553
4554
4555
4556
4557
4558
4559
4560
4561
4562
4563
4564
4565
4566
4567
4568
4569
4570
4571
4572
4573
4574
4575
4576
4577
4578
4579
4580
4581
4582
4583
4584
4585
4586
4587
4588
4589
4590
4591
4592
4593
4594
4595
4596
4597
4598
4599
4600
4601
4602
4603
4604
4605
4606
4607
4608
4609
4610
4611
4612
4613
4614
4615
4616
4617
4618
4619
4620
4621
4622
4623
4624
4625
4626
4627
4628
4629
4630
4631
4632
4633
4634
4635
4636
4637
4638
4639
4640
4641
4642
4643
4644
4645
4646
4647
4648
4649
4650
4651
4652
4653
4654
4655
4656
4657
4658
4659
4660
4661
4662
4663
4664
4665
4666
4667
4668
4669
4670
4671
4672
4673
4674
4675
4676
4677
4678
4679
4680
4681
4682
4683
4684
4685
4686
4687
4688
4689
4690
4691
4692
4693
4694
4695
4696
4697
4698
4699
4700
4701
4702
4703
4704
4705
4706
4707
4708
4709
4710
4711
4712
4713
4714
4715
4716
4717
4718
4719
4720
4721
4722
4723
4724
4725
4726
4727
4728
4729
4730
4731
4732
4733
4734
4735
4736
4737
4738
4739
4740
4741
4742
4743
4744
4745
4746
4747
4748
4749
4750
4751
4752
4753
4754
4755
4756
4757
4758
4759
4760
4761
4762
4763
4764
4765
4766
4767
4768
4769
4770
4771
4772
4773
4774
4775
4776
4777
4778
4779
4780
4781
4782
4783
4784
4785
4786
4787
4788
4789
4790
4791
4792
4793
4794
4795
4796
4797
4798
4799
4800
4801
4802
4803
4804
4805
4806
4807
4808
4809
4810
4811
4812
4813
4814
4815
4816
4817
4818
4819
4820
4821
4822
4823
4824
4825
4826
4827
4828
4829
4830
4831
4832
4833
4834
4835
4836
4837
4838
4839
4840
4841
4842
4843
4844
4845
4846
4847
4848
4849
4850
4851
4852
4853
4854
4855
4856
4857
4858
4859
4860
4861
4862
4863
4864
4865
4866
4867
4868
4869
4870
4871
4872
4873
4874
4875
4876
4877
4878
4879
4880
4881
4882
4883
4884
4885
4886
4887
4888
4889
4890
4891
4892
4893
4894
4895
4896
4897
4898
4899
4900
4901
4902
4903
4904
4905
4906
4907
4908
4909
4910
4911
4912
4913
4914
4915
4916
4917
4918
4919
0.0493972292301007 -0.0578846254877677 0
0.20878133030935 -0.2010184306889781 0
0.3619341762374442 -0.34150941519883 0
0.5324027154156538 -0.4723522732049241 0
0.7040071643631007 -0.6048259237163767 0
0.1275396349600285 -0.1274262972440422 0
0.4468151850039627 -0.4068053800238603 0
0.6174650568320793 -0.5387524443525562 0
0.280646655325814 -0.2668377436940939 0
0.06242969701478045 -0.03935666777502092 0
0.2337052089376651 -0.1692344776798091 0
0.3971431774675768 -0.2964684478609881 0
0.5574417077465148 -0.4417238449402514 0
0.7169962144297113 -0.5873474399580288 0
0.1486329830695054 -0.1045203502449104 0
0.4777340590989022 -0.3688651615537507 0
0.6362113761662543 -0.5152334710042332 0
0.3099845557297191 -0.2299579954815738 0
-4.470526788544747 -3.447964550118662 0
-5.54213597904672 1.295327269481029 0
-2.213460211189507 5.226542132108424 0
-5.575667966730767 -1.180688135119778 0
2.286033843997359 5.182564538702392 0
0.2257371923248574 5.669574064467367 0
-3.947618762173894 4.055378733660453 0
4.03928509930723 3.993364819974476 0
-2.916184753793815 -4.880073915212216 0
5.229829422157868 2.250687289390704 0
-0.9293884909079024 -5.610018825385191 0
5.608804247746946 0.4871163710791278 0
0.8729317722101798 -5.659875910440097 0
5.51442777422228 -1.248732229877082 0
2.539066793223366 -5.070399222352184 0
4.862043699176831 -2.929970839702861 0
3.970493014662064 -4.042728257072882 0
-5.039696470909533 2.609130281361381 0
-1.965068023052931 -5.342966423926101 0
-3.796223519443209 -4.207088113562916 0
3.266911273939517 4.729446243749364 0
4.746016669132445 3.187726950576834 0
-0.8294330170404748 5.577704529896603 0
-5.040328463143712 -2.532004281910527 0
-5.653402950245657 -0.1407391820299452 0
-3.142776365985152 4.701395396901872 0
1.290448155203706 5.529824569382088 0
5.195465031530506 -2.266524117817869 0
1.88023107319002 -5.364104791451419 0
3.147023472680851 -4.723616325328596 0
5.660636642958417 -0.5653280903778857 0
0.1370415663285744 -5.687076831359596 0
5.530874479656149 1.200674642739507 0
4.495123187414738 -3.528144409448255 0
-5.363042128975558 -1.84640997730579 0
-5.327956748162494 1.958533656017666 0
-4.456287311371855 3.506752322731878 0
-5.665216892350212 0.5335245139526208 0
-1.540504082810843 5.468439323697092 0
4.688085137899352 -3.232490686196239 0
4.523322489447352 -2.915322983980071 0
4.680692493757245 -2.630170771199042 0
4.35101211055297 -2.623384799518847 0
4.506603712538112 -2.358784568259824 0
4.191786238489478 -2.364505637336182 0
4.019620536225915 -2.591560823803099 0
3.891134411379471 -2.345559648102781 0
4.043935711872074 -2.113279904425174 0
3.751381885080046 -2.11683592795845 0
3.615866480788307 -2.340321557482502 0
3.487869563355648 -2.115980145321367 0
3.595155590558389 -1.902953595658284 0
3.355973692881979 -1.904197852504816 0
3.239209933087928 -2.112860134025972 0
3.125346100335385 -1.900974654844691 0
3.236076593877323 -1.704892483800192 0
3.015511917742597 -1.708555706393465 0
2.909433838217691 -1.893187407804046 0
3.120577158757628 -1.519021025232189 0
2.805804089695461 -1.714580350911537 0
2.7048330230577 -1.883251198700113 0
2.608474813776057 -1.718684890370066 0
2.511589858625398 -1.877762723834059 0
2.420023698100787 -1.716506168957311 0
2.330924118145764 -1.872916117790136 0
2.417391231286496 -2.025667014769237 0
2.235903168982938 -2.0256035332307 0
2.152166960296008 -1.871151434316827 0
2.060634135368112 -2.017032974051749 0
1.981065668590867 -1.867421975315563 0
1.892845612657195 -2.008062632457527 0
1.817644387310034 -1.865487222563874 0
1.732348474902956 -1.99987708825869 0
1.658517006459505 -1.86337516336229 0
1.577270790142826 -1.992102559196087 0
1.746831175657336 -1.736756170852246 0
1.506369212645557 -1.858752899773247 0
1.430077084278282 -1.98355026209913 0
1.360831070390443 -1.859134660966371 0
1.287312256685573 -1.977092598474696 0
1.224327370175431 -1.856062856522387 0
1.149703233118133 -1.971397829211277 0
1.085995877872478 -1.851474084818414 0
1.012662051225489 -1.965321931480518 0
0.9482106937407414 -1.84694149784186 0
0.8772520672731841 -1.960622329879591 0
0.814052092896876 -1.846697590504652 0
0.7425909965753483 -1.95618229891787 0
0.679611640887095 -1.842840786752685 0
0.6081230277331456 -1.951310985968009 0
0.5451787344548605 -1.837020787067776 0
0.4735168620265769 -1.946258883385208 0
0.4103685657545282 -1.831134947786651 0
0.3383259334261411 -1.941203658114445 0
0.2813619120405797 -1.825227785236561 0
0.2024769045602693 -1.93438680489268 0
0.1511035898700741 -1.79284794802056 0
0.06498405539936764 -1.929608559794905 0
0.001761670207968459 -1.80212594549801 0
-0.07429435714784659 -1.924697156926107 0
-0.1384086766006103 -1.80132842619382 0
-0.2154822911487691 -1.920450106691882 0
-0.2807551541652061 -1.795494892608694 0
-0.358459349122174 -1.917585541897091 0
-0.4275809915855934 -1.787431065688509 0
-0.5059061353973652 -1.915036586514458 0
-0.5772554582463458 -1.779066297633633 0
-0.6565541276123191 -1.907390351407839 0
-0.7256121294027277 -1.768418679705572 0
-0.6469587177524638 -1.642342842997152 0
-0.7975420429786066 -1.632942975085477 0
-0.7157211500254361 -1.508286328770591 0
-0.8662973604386799 -1.497714870464589 0
-0.9520014248150768 -1.625176321933387 0
-1.018688644335454 -1.485227954446109 0
-0.930633520805067 -1.357305880165752 0
-1.08313897918929 -1.346169866928146 0
-0.9999446654770865 -1.221385415821145 0
-1.14626456594965 -1.209748019186492 0
-1.063376533442024 -1.093379000098265 0
-1.208461305718238 -1.077958281345829 0
-1.127288427428415 -0.9621185082325561 0
-1.270102766163575 -0.94726285196608 0
-1.190038221926518 -0.8285769042091027 0
-1.330278562470173 -0.8169097645421923 0
-1.250729075419299 -0.6994528117813001 0
-1.391002393270806 -0.6883367574989869 0
-1.311147438575257 -0.571038733241735 0
-1.451699284714037 -0.5599500730889596 0
-1.370816531810467 -0.4445804484927988 0
-1.51177630604347 -0.4309687376998741 0
-1.430810349576316 -0.3148026077385929 0
-1.57444677132818 -0.3008173314067539 0
-1.49131386447985 -0.180574406538296 0
-1.637205352004796 -0.1683330355290912 0
-1.552279062113351 -0.04463745307253228 0
-1.703293260627625 -0.03016842054603717 0
-1.613031786667081 0.1002415963998918 0
-1.535830864611949 -0.6752986682972683 0
-1.235805300159598 -1.333321277104284 0
-1.773890807161705 0.1125497792502809 0
-1.67823766424611 0.2492023809752247 0
-1.860271522821488 -0.01020102094538748 0
0.392969123870433 -2.078210703996237 0
-0.146551240022392 -2.048237522456042 0
0.9506904732090042 -2.102363317704548 0
-1.846630593912462 0.2618759049840926 0
-1.74937959077987 0.399166207778406 0
-1.581338954332673 0.3854223173878478 0
-1.649949428905362 0.5345176482958645 0
-1.487159589442814 0.5172505177272114 0
-1.552702299974981 0.6661654680897617 0
-1.393562879245514 0.6489359134076989 0
-1.457534080116325 0.7955192929949775 0
-1.305607591898896 0.7809563502197368 0
-1.363033062497761 0.9233788595487337 0
-1.191147947193498 0.8984513934120072 0
-1.26881450723689 1.048450733640791 0
-1.115981076332894 1.033172269475712 0
-1.179539109697336 1.176211443692966 0
-1.023850598472423 1.160380883192339 0
-1.087301840005646 1.303165309596356 0
-0.9297043402261627 1.28741087846958 0
-0.9946441178865513 1.433584238481424 0
-0.837096413213597 1.419502248919663 0
-0.8999989757522407 1.566146421623305 0
-0.7365874597516568 1.552784220225252 0
-1.522957904156415 0.9426844651923147 0
-1.922942323360847 0.416829512839944 0
-0.7977966264508449 1.703920230845562 0
-0.6284821788566698 1.68747312325266 0
1.486969994395771 -2.11700429673791 0
-1.050459829211252 1.590729295351779 0
-0.5754148344609972 1.538654628103238 0
-0.4600130710769628 1.666418993875127 0
-0.4115313734000903 1.487561947842761 0
-0.2943331770003249 1.639154977745238 0
-0.2292851389806117 1.484358087816152 0
-0.1279567310763279 1.61959672540204 0
-0.06171129064580062 1.468091334296118 0
0.03492938483796479 1.599710098485691 0
0.09304050402561255 1.455412030035362 0
0.1946548666341895 1.579871887103521 0
0.2537863871573749 1.42143105142465 0
0.3557776432032023 1.557791399730285 0
0.4258472725466692 1.403348134320817 0
0.5204740972188601 1.539180723610066 0
0.5863451923186354 1.388029399985607 0
0.6854213929316422 1.520585277964446 0
0.750505077317332 1.370492894255734 0
0.847769189196705 1.499193942052178 0
0.9154935736858847 1.353444700299853 0
0.1414399723307462 1.729496471517471 0
1.025411603191824 1.508951296478825 0
1.093824230912019 1.330713510115913 0
0.7859123048329434 1.6593540422793 0
-0.5311520532831739 1.833713407227032 0
1.201258589632787 1.459575764072491 0
1.277516865889925 1.293703128031015 0
-0.06413818394156791 -1.664026062032875 0
-0.920578501378549 -1.10521574564256 0
1.388229452371913 1.439486026870107 0
1.459300309478585 1.264053386301894 0
1.293972728859745 -1.744197609620921 0
-1.347307103611106 -0.2097530661946526 0
-1.116498076257987 -0.7131956591648835 0
1.34959977956942 1.119682957799737 0
1.527582552975344 1.092387859856093 0
1.648863506642534 1.237231607640631 0
1.718316511272166 1.066141591185676 0
1.412967011047487 0.9443653457428891 0
-0.9625683549660875 1.022422272835645 0
1.846480013249345 1.209381803972181 0
1.921720024679112 1.023250223345721 0
-1.238419979036176 0.6394868868859993 0
0.3496910922695887 -1.728157194976328 0
-0.1611985113633816 1.349991786701245 0
0.6645044944479623 1.24834269060463 0
2.051665928409377 1.178408450594389 0
2.127801626906023 0.9769074491123519 0
0.8859618270934605 -1.729456301452369 0
2.137065931451287 -2.177468173723537 0
2.262539964892999 1.144754761336151 0
2.337314547277527 0.9415749487472953 0
2.20186895865242 0.7740576007911761 0
2.183554702425698 1.347987638875597 0
2.41151458745025 0.7402842416004658 0
2.272722598247729 0.5751304902477344 0
2.487552271107979 0.547344033964801 0
2.629257034725928 0.7075319353032256 0
2.702573218168486 0.4940885402562483 0
2.360981816117107 0.3727697422093039 0
2.51316631211841 -1.562826121272599 0
2.853881518510684 0.6691888739802294 0
2.927461686444301 0.4361594796494688 0
1.31796929363757 1.611735291012665 0
-0.5846263506648928 -2.048295961957074 0
-0.7444577724475515 -2.047426764519561 0
-0.6682033017273497 -2.188384745492606 0
-0.8421642387188222 -2.191785547322043 0
-0.7469664207402605 -2.336700701985794 0
-0.9373952618416801 -2.337399789485057 0
-0.8369907175002808 -2.500273667548448 0
-1.045106654294858 -2.496928732867529 0
-0.9477209774204556 -2.672453038006447 0
-1.152162855158768 -2.668461826752005 0
-0.7364274340690364 -2.672284991601489 0
-0.8495094741008073 -2.852446013304547 0
-0.6314647145497175 -2.853797477701679 0
-0.7475901090048909 -3.038982010263876 0
-0.516893193189895 -3.038629233593177 0
-1.249488338966372 -2.485367141643743 0
-1.361306374877817 -2.661734134303594 0
-1.459590161697224 -2.471744353883576 0
-1.576658347682551 -2.654714303772976 0
-1.68026901292014 -2.453365047696098 0
-1.796985420143265 -2.645164881077234 0
-1.908025706207942 -2.43507670264711 0
-1.67133072268551 -2.834540423846852 0
3.08793469792905 0.6283889548112034 0
3.168509905452334 0.3946758205552799 0
-0.6413263195074916 -3.232416999429417 0
-0.4094121224012509 -3.232437225023532 0
-2.019449503782057 -2.642145068821325 0
-2.14005292785721 -2.425248858911269 0
-2.261013846104795 -2.639769354828473 0
-2.382902818537293 -2.414751947513716 0
-2.250538972317099 -2.209176396323677 0
-2.491049499717711 -2.195351943002379 0
-2.357798156323426 -1.995480943611313 0
-2.59767222553613 -1.978413380330036 0
-2.465341445148455 -1.781085075952582 0
-2.704153880738565 -1.764711806655662 0
-2.573002736326686 -1.566479252359502 0
-2.809496903126899 -1.550858280048256 0
-2.679518628233396 -1.352085053487808 0
-2.916203044404774 -1.337786924050034 0
-2.840426824139334 -1.96008312361992 0
-0.5323958142738541 -3.432924186363867 0
-0.3001322512313508 -3.434928706680238 0
-2.785161701931225 -1.138200839481998 0
-3.021229210191082 -1.123966774289793 0
-2.890116116307887 -0.9216843129790568 0
-3.137390481760751 -0.9050520034175289 0
-2.998181846468351 -0.7018088371074616 0
-3.242905385755508 -0.6868942840313064 0
-3.104347462501858 -0.4839144190537751 0
-3.353041746978143 -0.4677283063342746 0
-3.214997103862263 -0.2680380283934685 0
-3.464959509133327 -0.2434787402821255 0
-3.327277688288537 -0.03878423963205794 0
3.330624676414455 0.5895946150204893 0
3.245502400481668 0.825437221172808 0
3.417092566451692 0.3527901974572165 0
-3.170023931391685 -1.335771477742994 0
2.993426652085129 0.1932198929422263 0
-3.581198714165347 -0.01404575518124501 0
-3.43957826568329 0.2046889030162068 0
-2.519124232296222 -2.625470603354367 0
-3.492195296279704 -0.6786332923830221 0
-0.7643100572393223 -3.421793422944658 0
-0.1768580975152216 -3.23171032879147 0
-0.06485617309681216 -3.433118926077885 0
0.052859989363893 -3.231786523372502 0
0.1680694013521561 -3.431499904301786 0
0.2828071593554961 -3.23416777549708 0
0.3996826259018191 -3.428114823945986 0
0.5139565457092219 -3.233089386426629 0
0.6309502501322312 -3.426562500802746 0
-0.4279014255322252 -3.642286725592963 0
0.2899741753596516 -3.633617632973832 0
-2.387260181078678 -2.860834545444006 0
3.488074837134104 0.7954414558754969 0
3.406576066151759 1.034693852296812 0
0.7412965374157864 -3.229402566741101 0
0.8620202331311762 -3.425216399145795 0
-3.70264672273905 0.2221399551392019 0
-3.553919911165409 0.4432072365258355 0
0.9729934236010531 -3.224228759891688 0
1.099421603318774 -3.422128995515768 0
0.980146413997526 -3.633643968721053 0
1.224015451701095 -3.631391339645575 0
1.341374105738641 -3.414399311398583 0
2.147143569849441 0.4133152116326062 0
2.206898714536807 0.2321198576147489 0
2.029322254450479 0.2563312224567409 0
2.090455865557427 0.08444060178960208 0
1.920301733719366 0.1124627161905607 0
1.976615631401032 -0.04505359349429251 0
1.811512186137456 -0.01375613628646463 0
1.866929020887479 -0.1653514678658877 0
1.716515473088441 -0.1316655916619863 0
1.763418637181887 -0.2674502675895086 0
1.631317892639851 -0.2402413188707209 0
1.674110609091866 -0.3642839387869642 0
1.544599526648214 -0.3590189192424618 0
1.508800107448757 -0.2314527602833123 0
1.599934029377769 -0.4728551832420126 0
1.433149573907122 -0.3172600750053629 0
1.400278924531378 -0.2199358162708903 0
1.333976523248064 -0.2934721113614589 0
1.302041116445673 -0.20519199452192 0
1.244636210732479 -0.2775876456583636 0
1.212256601311364 -0.1979339013885293 0
1.269609405942537 -0.3617112460316476 0
2.016180573538106 -0.1938411762129654 0
1.160203474726283 -0.2611064956316139 0
1.128886570790451 -0.1877772166913496 0
1.080329847582428 -0.2469275836810044 0
1.050736261012232 -0.1738296165085231 0
1.104258449643266 -0.1187669293218364 0
1.020485507572779 -0.1022472197828785 0
0.9747514377110618 -0.1621706206608456 0
0.9427061848839082 -0.09191706205692815 0
0.9877062051494639 -0.02961551630271969 0
0.9094228246004334 -0.02215691789980893 0
0.9533341006719175 0.0416933883318958 0
0.8755141669659634 0.04625724036062491 0
0.8359166162525604 -0.009067200240322724 0
0.8020371203182842 0.05668864227224078 0
0.840559400605236 0.1148666703634663 0
0.7644587680345182 0.1210217104244612 0
0.8050578055294706 0.1830829613424262 0
0.7274122488456145 0.1845674094389123 0
0.6894611588394315 0.124080494632728 0
0.6549291553680335 0.1845829152031024 0
0.6188089212459772 0.1237858207736765 0
0.5844882449269325 0.1833633561713548 0
0.6130082429823183 0.2482849525509069 0
0.546912399412697 0.2412565181507781 0
0.5157349413705701 0.1878351787722058 0
0.4806505675390972 0.2413736415496867 0
0.5105582324589635 0.2973316051432529 0
0.4441254635012125 0.2933434774544136 0
0.4153988644330239 0.2336895360401701 0
0.3779816722903887 0.2869076301033968 0
0.406607509542103 0.3468697539313793 0
0.3401315159021222 0.3401430733023368 0
0.3674027048242524 0.4016729431616533 0
0.301103260285842 0.393040543582803 0
0.2752117937634289 0.3337247873994756 0
0.2364937677193524 0.3847545749204789 0
0.2601190096708325 0.4460826633895125 0
0.1967186000960081 0.4357203961076626 0
0.213705466702386 0.3260258124401426 0
0.01722719093171099 -0.001698850031946713 0
0.04047116850196026 -0.02015714436951137 0
1.714829591844144 -0.48593470086974 0
1.62782008671175 -0.5769869328078919 0
0.2172382902991848 0.5034388966959435 0
0.1394963763806203 0.4804768663640944 0
0.1702571956745114 0.5630844746429218 0
0.09235312188163221 0.5491744197576305 0
0.05885583935958956 0.4734110719673815 0
0.01417917404087106 0.5371346274957172 0
-0.01431361918927452 0.4627665898323914 0
-0.06101617321391986 0.5243572776402388 0
-0.08612937708882404 0.4538309003956269 0
-0.1353818094829911 0.5112570235042938 0
-0.1595749789661261 0.4403068640730156 0
0.2620254496944304 0.5718077164568897 0
-0.210172314824297 0.4978762538210168 0
-0.2361439982097902 0.4245973281288216 0
-0.292122235628676 0.482162851460302 0
-0.3169975384097216 0.404321621152091 0
-0.2552988111034857 0.3411224005950954 0
-0.3364527783155089 0.3319183321080969 0
-0.2910436990026051 0.2750792957336818 0
-0.3601333331763033 0.2647851788870185 0
-0.3141984352792038 0.2159768855322639 0
-0.3809020544753352 0.1994539708538617 0
-0.3358661360356421 0.147562917778038 0
-0.4010450587767785 0.135472700994456 0
-0.3613720249746891 0.0838124486836743 0
-0.4222660592335226 0.07341035125674378 0
-0.3786927598192358 0.02286216226600678 0
-0.4426280427723299 0.01175660774001631 0
-0.3980729761790764 -0.03866890253640728 0
-0.487547369659892 0.06359511033086251 0
-0.4648194828187958 -0.05194754268523029 0
-0.4182071843321696 -0.1052867967409308 0
-0.4876663465150785 -0.118229231204828 0
-0.4398034521039112 -0.1700619930711947 0
-0.3727288286279374 -0.1572208566621155 0
-0.3931102660396721 -0.2192819377304767 0
-0.3297326654935617 -0.2046554678549843 0
-0.3484528378905719 -0.2647821931823753 0
0.006466547309647604 -0.01794651858084989 0
-0.2817247379348226 -0.2443746217208732 0
-0.3053284158534724 -0.3079705750470419 0
-0.238633645544052 -0.2920870540067098 0
-0.2637113629321351 -0.3515733823941568 0
-0.2052786431584528 -0.3420048947340201 0
-0.2245865646124622 -0.3956746043969553 0
-0.167980475414534 -0.38540095140595 0
-0.1859362241860356 -0.4388886937641948 0
-0.1305992154984822 -0.426128814592774 0
-0.1471785970923933 -0.4808686492083613 0
-0.09285358759825643 -0.4667900631507653 0
-0.1080117316864096 -0.5219267223328918 0
-0.05399094306294464 -0.5088474481616334 0
-0.06936812971647106 -0.5640615077171902 0
-0.0158992383108123 -0.5512727191720128 0
-0.03009720225065735 -0.6042587993500008 0
0.02238822678106727 -0.5926353152251624 0
0.008301459142787734 -0.6453285397102819 0
0.06143423430965073 -0.6344630230326598 0
0.04532962993836189 -0.6879330077145488 0
0.1000276680754249 -0.6763407911715438 0
0.08309271542572749 -0.7298015603761732 0
0.1386244504833527 -0.7179253447928562 0
-0.01421577122676702 -0.692475810117877 0
0.1214658880659193 -0.7718810045669593 0
0.1774828797990507 -0.7592785088551492 0
0.1605913181758642 -0.8139679179083903 0
0.2166086967343142 -0.8015156200933126 0
-0.1599870014104894 -0.536253347305391 0
0.199770785780229 -0.8579576448779023 0
0.2639774312327368 -0.8379544892784212 0
0.140381240850246 -0.8710916438146105 0
-0.3175992801192271 -0.368506713031068 0
0.2331522053831917 -0.7467809887562924 0
0.115588791449153 -0.6267510142857003 0
0.2410772746760352 -0.9012782782097697 0
0.3003357312879332 -0.8880049757496293 0
0.02715001467165872 -0.03527327038168818 0
-0.004653430821599126 -0.4961823685493003 0
0.2824221731711909 -0.9488713650883552 0
0.3416368181943814 -0.9337874283838026 0
0.3561238140006291 -0.8767988686998518 0
0.3968836919331274 -0.9179101384819719 0
0.4109591908148659 -0.8658548483523534 0
0.451388081704688 -0.9052454345163692 0
0.4361431566419789 -0.9573998785571863 0
0.4906771922614679 -0.9431711056385179 0
0.7492035827017057 -0.6405078255315609 0
0.4753528456527469 -0.99634467941445 0
0.5308596905816884 -0.981887121820141 0
0.7260073468459703 -0.6223560912959236 0
0.5150658751185694 -1.036796528556877 0
0.5697471786477656 -1.020818066443909 0
0.5847917585409217 -0.9677000946836937 0
0.6230358824650147 -1.004905274412654 0
0.4646083001186905 -0.855609681731986 0
0.6350945087862664 -0.9463252225847125 0
0.6726473012747697 -0.9883148763703833 0
0.6858356810554944 -0.9395916567088111 0
0.7209189653359365 -0.9750287111162438 0
0.7332093802178139 -0.9267654315841756 0
0.7695598140270663 -0.9623937267083008 0
0.7818939547506286 -0.9120831556974146 0
0.820443445626361 -0.9499574358563448 0
0.833684586866522 -0.8960077265950706 0
0.874959333731685 -0.9362162802569582 0
0.8893588157596652 -0.8791753344857511 0
0.9349063164392326 -0.9219296297515704 0
0.7549039875636434 -1.016865090483372 0
0.5565009929764728 -1.078552366519958 0
0.4966655047932534 -1.095223905673441 0
-0.4593764740333945 -0.2367308627151233 0
-0.1130627544639239 -0.3699557511308983 0
-0.410559468577304 0.3208695271951627 0
0.6988930156448048 -0.8947212695980302 0
0.9466609113361757 -0.8493291702892161 0
1.00091323877777 -0.904440530741586 0
0.9821757122415079 -0.9741629681072089 0
1.056150749910441 -0.957064355748952 0
1.753623374133596 -0.6062831190828883 0
1.665679137210747 -0.7019488461687799 0
0.5416653812015556 -1.140296801219097 0
-0.2287442456440332 -0.2438692472073393 0
-0.03619574003957404 0.3949914369893969 0
1.033370487239009 -1.033695645300126 0
1.115222493630871 -1.013838431257762 0
-0.2541215680075333 0.2311909695486625 0
-0.2613115193606648 0.5618533121608114 0
-0.03184644653219988 0.6006539732854942 0
-0.3498219930564371 0.5433115338709196 0
-0.3169126848875616 0.03525864982756997 0
1.372927570123328 -0.1134464878236161 0
1.793440071028813 -0.7306668688133877 0
0.4765470606231057 -1.15835519240192 0
1.016461671026944 -0.8358831320934477 0
0.1987688760341945 0.6403566765506667 0
-0.3152142541004167 0.6310245344399233 0
1.703716384290832 -0.8283634135328479 0
0.5296092337237814 -1.211402068869937 0
1.091906758505302 -1.09781063794066 0
1.177391331937968 -1.075819232542308 0
1.470758556550144 -3.62524723108233 0
1.591042916342891 -3.406544017948585 0
1.833614289244109 -0.8575376849439375 0
0.2883107034505602 0.6559664890936205 0
-0.4075430721955307 0.6139461545569204 0
-0.3724098570070172 0.706148022174693 0
0.4281472529504467 -0.8190489528314693 0
0.4748949251160462 -0.8095338858986092 0
0.4451917730316318 -0.7771818196830963 0
0.4863732499858009 -0.7688029833559666 0
0.6636667951391835 -0.5739463191360585 0
0.4596436118541831 -0.7394010829478466 0
0.5706029873129723 -0.5025621067885255 0
0.5937746827179076 -0.5203308629990336 0
0.4965437862073592 -0.7318517029553041 0
0.4728892636690203 -0.7054361429560461 0
0.5057173190648032 -0.6983777725050295 0
0.4839142997020316 -0.6735392166621771 0
0.493054863423091 -0.4424507931078583 0
0.4691205274278676 -0.4248049768849779 0
0.5290742502748464 -0.7213904821639663 0
0.536245103259941 -0.6910646966140734 0
0.5578666040876002 -0.7125489467756002 0
0.4521864261713865 -0.6798311320175128 0
0.4625060793101586 -0.6499254422021836 0
0.4324976509361736 -0.6554393224295381 0
0.4428567308010934 -0.6267036242304735 0
0.4134965440462697 -0.631727434282684 0
0.4243628387688217 -0.599545936895826 0
0.3950183522720692 -0.6078838434126989 0
0.3999014644809872 -0.3699583406156362 0
0.4027264741195876 -0.5802178373224458 0
0.375832642494695 -0.5861278522156802 0
0.3855316835474972 -0.559857232838175 0
0.3579421019603463 -0.5645656032083141 0
0.3675894491706986 -0.5388389544528565 0
0.3404079669979626 -0.5432453106286836 0
0.3499312628233042 -0.51937070332915 0
0.3220529688245645 -0.5227441153116467 0
0.3362927538995007 -0.4970195050583934 0
0.3167028839749244 -0.3012569898217307 0
0.3385375476313628 -0.3196456099823752 0
0.3056777451745563 -0.5016536950398683 0
0.3160565266187714 -0.4729608279765671 0
0.2895935885618717 -0.4806295402071769 0
0.2967324898136907 -0.4557635853424369 0
0.2732388170225049 -0.4614694089879428 0
0.2812848984630157 -0.4369485708978929 0
0.2570296866011413 -0.4418511495120404 0
0.2658051246475026 -0.4183023516367164 0
0.2446890140102977 -0.234063343116292 0
0.2411776785254741 -0.4227223084376003 0
0.2487146190513594 -0.4003821849650306 0
0.2236971198250914 -0.404219489012273 0
0.2324694370404822 -0.3819938053816357 0
0.2092104715135797 -0.3851465264617968 0
0.2184876594437539 -0.3624044788322301 0
0.1949786086129022 -0.3664411611800326 0
0.4716248656596529 -0.6222008056099043 0
0.2026511137194535 -0.344227886498366 0
0.1717604495703309 -0.1681850900835521 0
0.1780285539191426 -0.3489112078077836 0
0.1873241003043303 -0.3262790390397969 0
0.1635338210674926 -0.3306113895453571 0
0.2126412609273573 -0.4281775834695383 0
0.4108629223371186 -0.5535693378290122 0
0.172081364484278 -0.3084780380987866 0
0.1498122755775647 -0.3124356346548017 0
0.1579259115108548 -0.29126816651823 0
0.1349971117424496 -0.2946166162808899 0
0.1268617860300554 -0.3166862444085145 0
0.1110985764129646 -0.2984500602794222 0
0.1206243750070098 -0.2749276433273 0
0.09207629706492665 -0.0960170913091706 0
0.09621614986609298 -0.2784000380292158 0
0.1054116195703827 -0.2556735024004779 0
0.08151757774254731 -0.2590129726734927 0
0.5651904200222694 -0.6848925914581969 0
0.5852049065437372 -0.705123061922839 0
0.09022596233348901 -0.2367288580547717 0
0.06714624126523264 -0.2398429517485913 0
0.07605142148773909 -0.2180730133059817 0
0.05279295660921314 -0.221180998558187 0
0.5784536461099832 -0.7330048296242367 0
0.6048600137656761 -0.7261831546128464 0
3.662921577012665 0.9984559859603721 0
3.576043588514973 1.249832947664248 0
-3.848066011531523 -0.008149611089784754 0
0.08735626626356692 -0.3026148391758013 0
0.342475985507199 -0.4690772512632325 0
1.905949782923015 -0.7613562670072866 0
-2.662025332480527 -2.846284607416103 0
-3.287214652158285 0.4232032676680519 0
-3.400659887148611 0.6657084972807776 0
-3.671523821635061 0.6857042504098776 0
-3.507999103140091 0.9018520855886659 0
-3.246725708586109 0.8850138496315868 0
-3.350864557865786 1.118974628868342 0
-3.109388801644848 1.109957666866953 0
-3.204739984390778 1.339018437631298 0
-2.963367427609696 1.326263273190502 0
-3.056864658984344 1.551106646187321 0
-2.797531615825801 1.519189420840583 0
-2.904925923625156 1.757484421188322 0
-2.650204334812833 1.733668893640582 0
-2.757227459465569 1.965365576343026 0
-2.50318875613229 1.93681259316935 0
-2.6095819277528 2.172403231189985 0
-2.354902852756423 2.149894119682298 0
-2.462542393742568 2.383345814646395 0
-2.204995335389362 2.360288046790848 0
-2.31267607310449 2.593633156344482 0
-2.066523890591394 2.579826204005556 0
-2.165216857052433 2.817490596986814 0
-1.908413464330613 2.794169833294447 0
-2.010708214941845 3.030689759479359 0
-1.737959081640686 3.00104707692832 0
-3.013473404088167 1.992143909922531 0
-1.854509780847604 3.248773341604899 0
-1.584549650351406 3.220200565170155 0
-2.588459585117517 2.645125981454281 0
-3.498680736007569 1.355017702315933 0
-1.459079706974547 2.97146194070555 0
-1.309194687689921 3.18972357734593 0
-1.425527305148968 3.438717131373656 0
-1.15420671073082 3.407542539169246 0
-1.040713647029651 3.160921147126295 0
-0.8872013191408086 3.374812228066574 0
-0.7801541242659084 3.132887625671096 0
-0.6354195768531823 3.338345322286653 0
-0.5263272744574321 3.102794560153728 0
-0.3647379581616038 3.336807256768249 0
-0.2692984996508979 3.078657235451156 0
-0.1145391710740116 3.27643781359667 0
-0.01701614495031407 3.045446177901851 0
0.138225609958653 3.246764732691153 0
0.03214801293724531 3.495478011557179 0
0.2972416213277924 3.450626427286371 0
0.3966276868561494 3.211710343552103 0
0.5597737638305618 3.419432976411667 0
0.6575636766286261 3.174220575404161 0
0.8215411355514819 3.382761134705289 0
0.9179468762946597 3.136497346665768 0
1.080850849241352 3.344397451592022 0
1.178833854683908 3.097687291108423 0
1.34356115317062 3.308505406542095 0
1.437622801920484 3.064645064901964 0
1.610364957147632 3.27164898065723 0
1.707730806315732 3.025322432505313 0
0.4740222632239491 3.689685501593667 0
1.883352446225538 3.235421531956639 0
1.989585443654131 2.978695436681633 0
-0.7267104533565663 3.587985719044081 0
2.162918555619934 3.199607544549614 0
2.270431027531384 2.934663778397943 0
1.241260421247162 3.55921280746259 0
1.754201045088691 0.153861678551645 0
0.1673592236600743 -0.3717882571528446 0
0.5928705511492525 -0.6787808479288325 0
0.5748357390922522 -0.6605586477788468 0
0.0642679740262555 -0.2005712538410743 0
0.04134345785911799 -0.1989752887216683 0
1.7234259263399 -3.620778875399775 0
1.844008126425254 -3.397092791690163 0
1.103139494520782 -3.852152827986349 0
0.3118015588548906 -0.5508106839418482 0
0.2275394683385605 0.7263767329441186 0
0.02904620217065983 -0.2245275304810198 0
0.01441024693610037 -0.2040763218118105 0
0.02434428722795121 -0.1815518523405289 0
-0.0005139477727491154 -0.1840446878197298 0
0.01033792436208117 -0.1623333119138508 0
-0.01444533688655207 -0.1638451345052154 0
-0.02614155512025179 -0.1871165983993615 0
-0.04086815676563101 -0.1649817912902589 0
-0.02565306522861944 -0.1390541547712411 0
-0.05510555773058216 -0.1421587422233378 0
-2.530309381772638 -3.087259996872792 0
0.4544719646505166 -1.230028804662098 0
0.3048972966613147 -0.4319704398907601 0
-2.117602760838977 3.281003189417535 0
-0.04289711734974252 -0.1184347339844649 0
-0.07024597128215343 -0.1197306195913769 0
0.9722087754175373 -0.7861038855666488 0
1.03136342054222 -0.7697947868391619 0
0.9872256945266635 -0.7294824913850051 0
1.045245064599694 -0.7072994237074151 0
0.9905802262467052 -0.6671436516656341 0
1.095515196210133 -0.7461836697782752 0
1.741400681486013 -0.9585823176905994 0
-2.258583933617563 1.915471400086959 0
-2.652654930566327 -0.9415247447547408 0
0.2635530841713297 -0.486154224788949 0
2.447500196641994 3.162008147887841 0
2.557108480719418 2.890979810932578 0
3.848321589370441 1.20588200424891 0
3.754339254313155 1.467042524732073 0
3.477226944223816 1.518624155452637 0
3.654357961373167 1.734775358895907 0
3.9413545442765 0.9209661251507669 0
-0.05778977848320991 -0.09608635026984436 0
-0.0847042153276131 -0.09637468667563123 0
-0.0689733463759631 -0.07057852113607195 0
-0.0997984385374442 -0.07274461075660954 0
-0.08711355468120716 -0.04952708616156055 0
1.153486800699936 -1.164519517186544 0
1.063875744399606 -1.18542999396972 0
-2.343071587353795 -1.582518083560721 0
0.7585793877439675 2.938430893401636 0
1.874697336489112 -0.9871874151489219 0
-0.1163726282085291 -0.0490536305791463 0
-0.09845020893590818 -0.02350658417047371 0
0.5083740137054911 -1.284522656673017 0
0.5902470100616741 -1.263727708692125 0
1.24756477949337 -1.146476503675549 0
1.980709443048684 -3.617145295195539 0
2.108949534707754 -3.376977454731787 0
2.055433675488731 3.458666723839185 0
0.5983932624146802 -0.6547989520161088 0
0.5838801167226616 -0.6391471211246068 0
0.2723327184352123 -0.3944068670785464 0
0.8452474557231988 -0.8393072928998799 0
2.097854646573645 2.707585690789211 0
-2.716072794054881 1.240940167274301 0
-0.1290552058673876 -0.07314575637903939 0
0.2388389424113895 -0.360588316063095 0
-2.967644361161492 -0.2850487910164872 0
1.108320447197152 -0.318603962122575 0
0.5993096359102175 -0.7536460463710961 0
0.6268852114951131 -0.7466598575050605 0
0.3248661312061804 0.7400576337617049 0
0.1253559468851075 -0.2530409240707346 0
-0.4681803737362944 0.6902559912647128 0
-0.4358501679799663 0.7864865767270218 0
-0.3315567699380014 0.8017852386714625 0
0.1884769675397153 -3.014456611797947 0
0.6323232082495091 -3.040608104185717 0
-1.55622810089398 -2.274610329612875 0
-0.05337541915943123 -0.1897051733167759 0
-2.957305390965868 0.896450935201623 0
-2.812517641611915 -3.075251928922796 0
0.2107940439380719 -0.3222375639588356 0
1.710773224021056 -3.195018479884738 0
0.3747459770876062 -0.515979254418681 0
2.069596631623891 -1.728546254202731 0
1.056806173634834 -0.6451922449142831 0
1.010707473459839 -0.6019246074689336 0
0.7612306326377221 -0.6266877906556407 0
0.2679125048706008 0.8194162493044321 0
-0.5028855845804304 0.5949262839621965 0
-2.681552519036214 -3.32387037116437 0
0.6500092148976864 0.06768841687692873 0
2.245948224971953 -3.611686704253543 0
2.372110629424067 -3.376374233148271 0
1.883332204650222 -3.840237492505685 0
0.955359613300826 -0.6181571204473977 0
0.9694178054137936 -0.5675936314671297 0
0.9203470008056034 -0.5830762686780635 0
0.9312526884875796 -0.5377474833138594 0
0.8857031877733818 -0.5556295458408163 0
0.8978017263168543 -0.5109279294077078 0
0.6809312798703993 -0.5540878575179964 0
0.8555652896896664 -0.5253603616328314 0
0.8681223683860833 -0.4837353642277 0
0.8320404132954871 -0.4948994156845668 0
0.8404559568571732 -0.459793958601557 0
0.8026798656613001 -0.4736414722902447 0
0.8135007693682718 -0.4372513852082393 0
0.593937089768786 -0.474746755532362 0
0.7813205314208315 -0.4472668661947193 0
0.7886941814879669 -0.4144329195978002 0
0.758653562593731 -0.4247610793281225 0
0.7644392010034959 -0.3925678713807364 0
0.7324482831408333 -0.4061350295671533 0
0.7398991178908375 -0.3719475230134336 0
0.521350721139795 -0.4070729096791897 0
0.5002553214554253 -0.3882167213241076 0
0.7097321738007667 -0.3810320884804999 0
0.71639820120788 -0.3502258698368404 0
0.6867103011123241 -0.3591857673440038 0
0.6929844653589297 -0.3296468208824056 0
0.6644084985684185 -0.3389139292023906 0
0.6698928987868915 -0.3093924768261279 0
0.6422231724886452 -0.3191610271537345 0
0.434311932793818 -0.3296618161277176 0
0.4547003634803398 -0.3498193639007683 0
0.6477002617320846 -0.2886439010094072 0
0.6167631337849135 -0.301927436298119 0
0.6248298405762599 -0.2683223649695234 0
0.5965127443300737 -0.2782857402065513 0
0.6024964962275269 -0.2483857911210805 0
0.5717830983914315 -0.2609378863956244 0
0.5799414749390059 -0.2287876752063402 0
0.551807166618693 -0.2375665240664803 0
0.3582120022402032 -0.2665633989502809 0
0.5581174484728054 -0.2084169646401955 0
0.5298244079948505 -0.2170696350001894 0
0.5355572300793235 -0.1890401763794179 0
0.5088467901348156 -0.1978658844408274 0
0.5137514208263774 -0.1692446715656 0
0.4846018703684229 -0.1812082391658786 0
0.4918639752460019 -0.1490593510998429 0
0.4603083648322807 -0.1613815838900581 0
0.2734060323379375 -0.1996351279738281 0
0.4693737348828941 -0.1295163434729013 0
0.4415011209215491 -0.1383847835533325 0
0.4477130208459453 -0.1090947943753514 0
0.4192174628640748 -0.1178709877138293 0
0.4255650231047146 -0.08885311026423355 0
0.3968462832276896 -0.09772580317092475 0
0.1953063964307617 -0.1404001901343569 0
0.4032332857437376 -0.06862187475284383 0
0.3702387976866743 -0.07888924294388677 0
0.3800735159241342 -0.04850258318729739 0
0.3506998075642834 -0.05603287023303625 0
0.3579737517980495 -0.02820131757475258 0
0.3306198435900198 -0.03748238217523979 0
0.3351952216509121 -0.007599469026514382 0
0.3058563612528807 -0.01710189990266532 0
0.1029607239444541 -0.06886680983215444 0
0.3122463346433711 0.01321222997728273 0
0.2824894079800079 0.004198273150759375 0
0.2889369441969304 0.0343991799006766 0
0.2588196304440828 0.02531210766387253 0
0.5880204047803455 -0.1959728529090407 0
0.6547472866888744 -0.2570616689320189 0
0.7245202461737025 -0.3140059034056842 0
0.2657262313176671 0.05625752729516109 0
0.2348568599132495 0.04674303511208392 0
0.2534581682317867 -0.005379420007082154 0
0.3234168646417734 -0.06669656752778362 0
0.4139586966061635 -0.1489968418214835 0
0.3696732179198737 -0.1092652361931895 0
0.4620050637108956 -0.1855464236811786 0
0.2417054996702819 0.07763867695891387 0
0.2111748667309646 0.06711981579208678 0
0.2089365286424621 0.03664116926722882 0
0.1833843334153908 0.05218386308801101 0
0.1875691786193588 0.0858457452513354 0
0.1591753145796757 0.07538546741321014 0
0.1638626255916549 0.1056512267886451 0
0.1351266756688276 0.09522099636049577 0
0.1401895567161741 0.1257316063631196 0
0.1056540088821933 0.1134234122771627 0
0.1148993683533023 0.1464436268569789 0
0.08227578180416097 0.1365367049751549 0
0.8201646734331749 -0.4025998400457727 0
0.4326392966095106 -0.0587321330437103 0
0.1545222932093453 0.04727631596148295 0
0.5031367008966178 -0.2258303487288836 0
0.08995888394845984 0.1681336908124931 0
0.05683355436519924 0.1559905395681154 0
0.5441611982102321 -0.2622508417549958 0
0.5888626276633318 -0.3055197458438562 0
0.6584939546245986 -0.3659123482623915 0
0.5200510358649562 -0.1379421707553587 0
0.701955920356515 -0.4088625223018522 0
0.107753515623209 0.08180183657477935 0
0.3427261908393396 0.02376349062412123 0
0.7509958311697138 -0.456733915263877 0
0.9097033165525927 -0.6235469770654249 0
0.05134194368916264 0.1197932606909478 0
0.02505590580882218 0.1421587194973897 0
-2.393761032266438 -3.332060980656224 0
2.739437804083147 3.123846415265366 0
0.566017256118777 -1.344587082125731 0
0.6523305943664244 -1.318998450654322 0
0.1008141082623644 -0.2152715485592645 0
0.1503328551523049 -0.1482341074657179 0
1.245248780882786 0.9727063342910613 0
1.300040000944335 0.8169632512186038 0
1.146649688700714 0.8364544784737334 0
1.20499122653401 0.6969150036252898 0
1.059768761648013 0.7236000348960006 0
-0.1616801196377318 2.850886484951102 0
0.166839688025126 0.1321365125752688 0
0.4007428429833363 -0.6589071814491589 0
3.378153889652504 1.789104036574531 0
3.550236218655538 2.009441546577505 0
-2.940500017251628 -2.828742743236456 0
0.01889328430877706 0.1094045919749104 0
-0.005502884060550217 0.1291139096438663 0
-0.001692814005932657 0.1641800604333088 0
-0.03527511111546781 0.1494358688140495 0
-0.008676220168829936 0.09764814782788751 0
0.6038167385764988 -0.6340405148418446 0
0.6187455337377739 -0.6478251740459469 0
0.6419513466505291 -0.5561082639461276 0
0.5900139218944105 -0.6194132837500884 0
-0.6694987157312995 2.860670606147341 0
-1.423169274844086 0.3730365923941739 0
0.8029850650162484 -0.5069205571465366 0
0.7683477100896987 0.2517767766084721 0
0.8476962478733197 0.2531546309635596 0
-0.1333109865566626 -0.02388704093722171 0
-0.1195863556371157 0.003741644494482219 0
1.126561579491657 -1.255128620158688 0
0.03359136275635151 -0.159903761296603 0
0.07078852784621342 -0.07585488949508265 0
0.02100548633247755 -0.1426167089900438 0
0.1805479994285343 -0.2871000288686721 0
1.208983080736941 -0.9823917052867707 0
-0.3997012015874067 0.8880977034219418 0
0.3925048883069365 0.6511837554562089 0
0.4247980951443565 0.7502979475980158 0
0.489862588349886 0.6703100761970671 0
0.4305742252300088 -1.306346045039943 0
0.3746517406290102 -1.247188287864152 0
0.3487829588667113 -1.327084194209078 0
0.2875560751664659 -1.262654089977109 0
-0.5709333208920682 -1.517917163755195 0
0.8085195874465444 0.32910247505361 0
0.9049860573628443 -0.4704755760359117 0
-0.5684099967147267 0.673106751877387 0
-0.6022959897872666 0.5749487555171108 0
1.780466089896449 -1.090360822019675 0
1.917369883981265 -1.120411839233957 0
0.5335847685760855 0.769406190371549 0
-3.096561342442797 -3.064955466123543 0
-3.230920744417866 -2.805973648620656 0
1.036051089533577 -1.27417791593155 0
2.517914376253239 -3.608803891168139 0
2.648115478113964 -3.365164776463176 0
-1.237933823898548 -0.4598014914177032 0
0.1623814911052128 0.8027393083593299 0
4.039548515368927 1.418336675108569 0
-1.980929201971651 2.35875838820023 0
0.5897402258675165 0.6792561281870126 0
-0.03052101668208578 0.1885792610319427 0
0.2737290203773632 0.08862047158488663 0
1.350747837936277 0.6712172274539372 0
1.239967928025429 0.5409746265185625 0
1.274276523932788 2.867156243145674 0
0.2622284773315395 -1.348934573845346 0
0.1981243673841257 -1.280978791388019 0
0.567534151303041 -0.6246794635359277 0
0.5786938299652525 -0.6027646980575675 0
0.9027394349266347 -0.1512675423476915 0
2.503064407058072 -3.13734722504427 0
-1.259891862600669 3.663192073017186 0
2.265866099480081 0.04452509097181674 0
-3.755015314305832 0.9551915222741588 0
-1.110139335460684 -1.615560184506306 0
-0.6714746057194438 0.6546468345630096 0
-0.7051548966862918 0.5526644504866673 0
0.6510573599752962 0.779868933957464 0
-0.02965339460164039 -0.09496760784881293 0
-2.53947828603094 -3.573542409622697 0
-2.249694126948181 -3.583030442177366 0
2.803551026683694 -2.075575374103034 0
2.403540752218857 1.315005276187122 0
2.319750241353198 1.531830982770504 0
0.608453736818481 -0.6161075794461194 0
1.764471896476608 1.397906514392251 0
2.771322677376456 -3.122436159379347 0
1.52703500353365 -0.675040034705483 0
0.6275879068721979 -1.407916571655056 0
0.2054708688786273 0.9035838884745897 0
0.09602162866128944 0.8855280495618043 0
-0.5039618661951768 -2.675290625484977 0
0.8530928924429102 -0.5553857444307236 0
-3.976677512108739 0.2391792019798396 0
-4.128982657772394 -0.003725438370876586 0
-4.263703478904029 0.2602213863838821 0
0.6210508388732774 -0.7744374067995086 0
0.6494834949042338 -0.7662584458694771 0
0.6537112915673194 -0.7343021113905703 0
0.6768747989550059 -0.7583599613820777 0
0.6846435558285759 -0.7292581211049964 0
0.7051183824827555 -0.7505620316788645 0
0.7118124969661217 -0.7222794512139419 0
0.692917937843174 -0.704671913816216 0
0.7320553489827401 -0.7407038002791518 0
-0.08748537574411037 0.00582581116734031 0
-0.104326365241564 0.03116311417922455 0
-0.1383961664313133 0.03179389384762057 0
-1.543468674314478 3.694305301094663 0
-1.368880763345126 3.930085401976254 0
-1.665031451150052 3.963378989484304 0
0.3836908780243488 -0.3582480628506851 0
0.4148043760911726 -0.3822225834820039 0
0.2589957747619794 -0.2472053900196671 0
0.2301726818782703 -0.22085884532388 0
0.5084722071848248 -0.4548398742779711 0
0.1869164047032257 -0.1809235517918073 0
0.3024266340567096 -0.2859241494748191 0
0.5544175938197863 -0.4898631860184833 0
0.6801366446614323 -0.5845452076661702 0
0.1064687925647854 -0.1088893002990496 0
1.07178910420382 -0.582083779798886 0
0.1171795868053549 -0.07988500972845919 0
0.1331406292980788 -0.09247574900456201 0
0.0867016793150984 -0.05629265168113727 0
0.2108986906889195 -0.1523155272832444 0
0.1797534173785157 -0.127982600958874 0
0.1642458750037958 -0.1157250318858719 0
3.843300345261487 1.957901794996644 0
3.733550794360357 2.243311789316459 0
0.2892262938606129 -0.2128910263524493 0
0.2575510144479732 -0.1895594187232215 0
0.4201554445793872 -0.3156951682733353 0
0.3428580152729449 -0.2543398326099045 0
0.3736518628500319 -0.2780450486204414 0
0.5358717612407367 -0.4219287643627079 0
3.342716031302684 -1.508649622687848 0
3.22619145639293 -1.31865601156931 0
3.45649942506257 -1.30980953216244 0
3.331166215809708 -1.110979020688499 0
3.573770744313937 -1.102442880682311 0
3.099118354739548 -1.129050520402264 0
3.4471342210308 -0.8967297023492822 0
3.694770816790148 -0.8872230955705074 0
3.823879832880531 -1.102897813431921 0
3.954398377117866 -0.8764444664003281 0
4.091337044011821 -1.110442115191856 0
4.226428252788614 -0.8675197663949386 0
4.08153496875538 -0.6329822516537342 0
4.363112952428011 -0.6201474696277844 0
4.210322765180164 -0.3759161002966215 0
4.502455963458273 -0.3645619033572492 0
1.802885103504195 -2.132881250230839 0
0.5570766701843919 -0.6069148480446783 0
0.5640913022924758 -0.5892047854190088 0
0.5448428353656594 -0.5925927943621186 0
0.5512995679902657 -0.575115384685167 0
0.532799132251162 -0.5782931314936057 0
0.5385882417555338 -0.5612186832436072 0
0.5209505632013748 -0.564195362649546 0
0.5265545050631035 -0.547529417748035 0
0.5094065811160068 -0.5502903879235563 0
0.5152061614215009 -0.5337936322329591 0
0.4981593086204438 -0.536889053339174 0
0.5039666767776551 -0.5209035217011541 0
0.4871943401163537 -0.5237729347877532 0
0.6083723657214981 -0.4871593244808817 0
0.6229697540326332 -0.5011557511170088 0
0.5793113113967647 -0.4616625771945005 0
1.036283643425296 0.03609872560899587 0
2.62630592940417 3.4001958456287 0
-2.022741567373472 0.2711130102145897 0
-2.102820589993263 0.4333126918176401 0
-2.206476204168858 0.2785864480323352 0
0.4928882006157621 -0.5081436823152311 0
0.476584906424343 -0.5108049231708565 0
0.4376594847252098 0.4094580486015454 0
0.7284551025640856 -0.7728707140276554 0
-0.9677325120370013 -3.026693519229986 0
0.6666427254036419 -0.5406329529102591 0
0.6521517863449975 -0.5266736071417126 0
0.6956452703167583 -0.5670750601291622 0
-1.996592791512125 0.5840349423211253 0
1.098558490684619 -1.348659029313102 0
1.195845650868464 -1.326829613172305 0
0.04082762090564838 -0.1401749683569894 0
0.03016415087847979 -0.1247604714673355 0
2.923589496631017 -3.351909898780317 0
-2.185499498203022 0.6025747525467074 0
-2.076103241987294 0.7602119253700614 0
3.56212621449601 -0.6763258771323667 0
3.312587515299003 -0.6875446085755821 0
-0.6474819066574183 0.7517731380276034 0
0.05946433803654244 0.190568045642141 0
0.004469333221886721 -0.2306008585032481 0
-0.1933682233074071 1.773686661344191 0
0.4482087480707264 1.695367354722195 0
0.9284280526917602 -0.2133020934052972 0
2.385417050250711 -3.854744468083766 0
0.1216763631281746 -2.065705197043254 0
-4.425491858428579 0.01655023679000083 0
-4.283835102288963 -0.2581740451553139 0
0.5064925755229465 -0.8402716611358707 0
1.21271803181777 -2.095922980308942 0
-1.663228442426349 -0.4204823694872362 0
-1.35540169085382 -1.065541681089744 0
0.7470222038030736 -0.6117219066441738 0
2.012805050725811 -1.014842145357527 0
0.6668423330196518 -2.082020859655171 0
0.7369354857640917 -0.7113826575754533 0
0.7577045493070221 -0.732022185367448 0
0.4820437171906092 -0.4955917679953211 0
0.4661636746577756 -0.4981063169603993 0
-1.337915828898477 1.198469435721053 0
-0.2880849763096612 0.9053774918612685 0
-0.06886766609615068 0.1699645308986121 0
-0.06397093234570153 0.2138784735390596 0
0.4691226207300155 0.8438137389634154 0
0.3469036056144882 -0.5911036175946489 0
0.5818537397820422 -0.5833875954767046 0
-0.3114681641001699 -0.1465089551414041 0
-0.2407670831751632 -0.4570086671278381 0
-0.09032484676182842 -0.620851286976328 0
0.5877184412165071 0.06877000224499036 0
0.6138444807833185 0.01622384877265571 0
4.346088986912366 -0.1143615748463885 0
2.928637908243433 3.361619365170404 0
4.372221231732956 -1.107601031913189 0
-0.5359051388782698 -0.06402484953495975 0
-0.5608689149727708 -0.1349505207035661 0
-0.6122842137828975 -0.07660313685687722 0
-0.6386461551780542 -0.155558176618057 0
-0.6943298036672054 -0.09091049612577613 0
-0.7221194025459372 -0.1753716775779636 0
-0.7814066739983786 -0.1062307946598403 0
-0.7503614901876731 -0.0203786593097152 0
-0.8417900883846958 -0.03576138506968544 0
-0.8095998083644861 0.05501121479027518 0
-0.9104325588779669 0.03688573609646246 0
-0.8774379927995479 0.1339406945483292 0
-0.8112414345956941 -0.1930042004996002 0
-0.7473261601850467 -0.2611697644912094 0
-0.7866990155633419 0.1535839317136486 0
-0.9803398107787507 0.1182070118191727 0
-0.9410114345189217 0.2195541475825522 0
-0.8400487380543711 -0.2822553767103345 0
-0.7765322029464136 -0.3493629601904238 0
-0.9077067083639973 -0.2169821743255371 0
1.972623436764951 0.4268708872699639 0
0.2194482348925212 -0.9625481863772991 0
0.06006167425758207 -0.2590859697868966 0
-1.490927875900861 4.205486409551728 0
-1.19076365433435 4.168269977250569 0
-0.778988699820466 0.6357245639510748 0
0.7162672925704727 -1.380722293999633 0
0.7380589523392176 -1.291438783265928 0
0.01314972556344959 0.0797918781960779 0
-0.01115288240520637 0.07003353290089762 0
0.7631762846958576 -0.7070739000833527 0
0.7826311066369751 -0.7249249529096726 0
0.7875988272951819 -0.6963352041645278 0
0.8084289111724428 -0.7175708333026383 0
0.9780406253907717 -0.5134538176029205 0
0.8992183353104957 0.3278513751147366 0
3.267203358677155 2.044059899269554 0
0.0722929563570677 -0.7777465603339789 0
-2.398781079930645 -3.830963132358419 0
-2.103157474884026 -3.840807857253363 0
0.7666104747758578 -0.3570751296444972 0
0.388393957510652 -0.01371292008044377 0
-0.7654897842609768 1.268479782655376 0
0.4759085654876068 -0.1000918173532084 0
-0.08372990970352148 -0.1440169503719123 0
2.059665065221369 -1.155176319328987 0
2.162272008472139 -1.038923406640297 0
4.040186118460214 2.189878955537352 0
0.4714252084315765 -0.4832797271419099 0
0.4556437421019673 -0.4859169068918477 0
0.3988204926808172 -0.783673285306792 0
1.820812227887242 -1.221227655244171 0
1.687437515416874 -1.191376457298042 0
0.4192649825777599 -1.009929859727665 0
-3.391368344796954 -3.057959159421623 0
-3.534883485494777 -2.776956313658445 0
0.6057555555565206 -1.121367692948015 0
0.171927761734769 -1.371807941305254 0
0.1075327405513351 -1.30202887562154 0
0.4923730928544514 -0.5543355830202523 0
-0.6356887592197711 -1.3923705617261 0
-0.4992362661979914 -1.399590779051723 0
-0.5591969117412015 -1.28210198087084 0
-0.4332762693182036 -1.290563752960552 0
-0.4878430320169831 -1.18205874306008 0
-0.370872091729843 -1.18849992634875 0
-0.4207700176459 -1.089100955238103 0
-0.3141220436776093 -1.094881491778668 0
-0.3617641124059537 -1.001939241456619 0
-0.4648560450120208 -0.9936545908273191 0
-0.4068870261398339 -0.9106492468889824 0
-0.5063194225870369 -0.9009669701884029 0
-0.450070341807515 -0.8205019723331773 0
-0.5476318916609991 -0.811084112097036 0
-0.4923672973329679 -0.7321305921859362 0
-0.5892780016219337 -0.7230789865640626 0
-0.2606093673225315 -1.007826591630317 0
-0.5327772682364511 -0.6451960920146165 0
-0.3222712134818719 -1.288192009128371 0
-0.345943136905476 -0.8237470632607851 0
-0.2178777910583753 -1.09216131434307 0
-0.1666281034085476 -1.008894012565344 0
-0.6465846811257283 -0.8024982999678217 0
-0.6901737850052641 -0.7119522667591565 0
-0.4576711548195105 0.1843736504774912 0
-4.58869025774583 -0.2335873809564477 0
-4.446453009123408 -0.5117853049878986 0
1.119962450211865 -0.6257407216624398 0
1.399403832021616 0.5320787725971361 0
1.306968364176216 0.4225110112525463 0
3.926285968347487 2.483560985675524 0
0.5556116091468458 -0.5591217479344021 0
-0.06105103636995608 -0.04712163522502062 0
4.646000794510355 -0.101904786488002 0
0.2476910354273812 0.2803499653102945 0
0.4609877286751963 -0.4712086742061533 0
0.4452119205876212 -0.4736834177174303 0
0.4394668404420284 -0.4891177297540241 0
0.4288412730091911 -0.4761590053649705 0
0.4351979253396731 -0.4604628198789083 0
0.4187897166866126 -0.462952754333873 0
0.4249559865560502 -0.448080577880315 0
0.4090428453056514 -0.450130766699385 0
0.4150240207112817 -0.4356910052839228 0
0.3995003180064705 -0.4376327653647955 0
0.1234242322274896 0.1809560860348914 0
-2.261784031929278 -4.098015628385662 0
-1.960370841251819 -4.101735717219436 0
-1.804844620901962 -3.846538598711012 0
-1.660897889804983 -4.103279270817971 0
1.626168632246943 -0.9326798243170856 0
-0.3570956232736013 0.9960694686846209 0
-0.01826478402205831 0.2339703608790407 0
-0.8708372568235563 -0.3758038151503617 0
-0.441263503796344 -0.6541286120630333 0
0.8580634835258811 0.4096943227876704 0
0.7758513143515589 -0.7472174378156096 0
2.623612229570455 -2.902230491362383 0
2.371028976710314 -2.91482376443093 0
-2.809474537578897 -3.582333083087188 0
-1.795630109778871 4.23723143175664 0
0.8666755003070794 -0.2052624516043502 0
0.9616376914152817 -1.04320122149682 0
3.048199293784345 -3.103631484306426 0
-4.561017082814969 0.2867801559837242 0
0.134294937941731 0.9922800999477224 0
0.2529743755836884 1.009539906011105 0
0.8152429805527592 -0.6895445169494119 0
-0.4802423523673439 -0.5692656494938951 0
-2.126961484357877 -2.018544546370919 0
0.8375469320482631 -0.7103592037314872 0
4.485439491286088 0.1549123358177678 0
0.05060062434892911 -0.123001466654477 0
0.05888741713001028 -0.1393887335518469 0
0.03819996565225398 -0.1086573087966822 0
3.607656615950185 2.523326995264748 0
3.808102717528563 2.770889553813519 0
-0.03425978692320006 0.08488489555023286 0
2.673942797317474 -3.852408713894056 0
0.07563722872006995 2.820973884881264 0
-0.05868536846332176 2.634209108545987 0
0.1620126702911325 2.603434561883494 0
1.000397108409388 0.8506645533955794 0
0.1347522755900993 -1.212153597844734 0
0.532786772231588 -0.5312759290294911 0
3.207864563218867 -3.339701561389984 0
2.809841391922135 3.649333163447229 0
-0.7509572989972759 -0.7958806797671651 0
0.264601182857656 -1.012863606466497 0
0.760844950191793 0.4110272759514407 0
0.8118185180390751 0.4960961996717779 0
0.02839985420642903 2.424328992659925 0
0.2439705653436741 2.396932228263048 0
-0.2205204327351469 2.456621454193038 0
2.558110986578968 1.491558190345621 0
2.469253430052317 1.717799788473113 0
2.228414379725111 1.752508236419449 0
2.387671718092849 1.943937700263498 0
2.136547530294636 1.980289426878218 0
1.010331975893539 -1.366271795760796 0
1.069539055015025 -1.445404477901237 0
0.4047767052811659 -1.37511792441059 0
4.636164284428009 -0.6048478575109342 0
-1.017036116334372 0.01357622102663079 0
-1.091254522604654 0.1000772066911971 0
-0.4762916590506468 0.9773839700535025 0
-0.6317817508321045 0.4760884183858765 0
-1.032452428074189 -2.165855769653147 0
0.4060182311824947 -0.4209323333781893 0
0.3902961248062741 -0.4249857214836339 0
-0.1206877373181388 0.06303605468392856 0
-0.1585836857287755 0.06533473304225858 0
-0.1781923398526748 0.02974454232572847 0
0.4311559504215473 -0.3941811999995866 0
-4.761984907986749 -0.4916056391248971 0
-4.613241692467354 -0.7713884044089039 0
3.428652883121432 -0.4678678277632609 0
3.193007854592308 -0.4725035419569513 0
-0.566230006601171 -0.9823885019810019 0
-1.311066772279086 4.45370379485086 0
-0.9969921907573031 4.41651919555386 0
1.499447569317231 0.6455656012100131 0
1.133485533233687 -0.5616501821454328 0
1.189741956994871 -0.609961130242882 0
0.5590657855784313 0.01787876035833257 0
-0.568260949170421 -0.5607323427958043 0
-2.271481316911681 0.7791582251279463 0
-2.155255050914199 0.9416440513258443 0
-2.385471266194072 0.6143873577777278 0
0.6428890613043097 -0.7973795740888752 0
-0.6744761786685877 -0.3226880690381689 0
0.5383894212376317 -0.6103658137787997 0
-0.5159100456367133 -0.4886819791017422 0
0.8862214933591532 -0.2577416025059372 0
0.4700366376526593 -0.5250072709574807 0
0.6958756060343723 -1.473646759548878 0
-4.301722709984146 -0.7856588418721979 0
-4.465235114347258 -1.046222942663856 0
-4.158416731017343 -1.055111376639573 0
-4.318752445568348 -1.31630057024282 0
-4.015268002522634 -1.324813998299065 0
-4.174257035162473 -1.584375666629403 0
-3.873123083841828 -1.59308887293053 0
-4.020228202443339 -1.861562924063719 0
-3.727060198960921 -1.861073272578233 0
-1.511535364280501 -3.852664641329748 0
-1.361781018705727 -4.10625694537837 0
-1.514772111171186 -4.363731341565904 0
-1.208284749609609 -4.363466868569881 0
-1.364230274064138 -4.628875594009387 0
-1.055887652888636 -4.62707561077044 0
-0.9027486430009148 -4.361100108953927 0
-0.7492311613928661 -4.620633855266927 0
0.04481955749632796 -1.232241066373379 0
0.01390046146327898 -1.322201718846276 0
0.08530035160602158 -1.141071422263639 0
-0.8142147342063621 0.5288900242192099 0
0.8296179253332975 -0.7415018572000511 0
-4.338283335423926 -1.847272510756495 0
-4.178546449782029 -2.132228218600971 0
1.725812568367493 -1.318540798226919 0
1.597002268884962 -1.287390204252893 0
0.008798330307341035 0.05509065614116838 0
0.030576704058234 0.06322530391006922 0
-0.01122642774657708 0.0460610257841334 0
0.6113266346569681 -0.8063371067523457 0
0.6002970415174066 -1.500929423349857 0
-0.7982352879922013 -0.7056067740235062 0
-0.6029481314410664 -4.357650281061918 0
-0.447154584106476 -4.615922614222839 0
-0.3024869917949656 -4.354755551066065 0
-0.1473969591886361 -4.6109314493564 0
-0.003793069729955759 -4.351832200213239 0
0.1504056423498715 -4.606242051351547 0
0.292226980707401 -4.345050044443231 0
0.4502943951490651 -4.601544347973446 0
-0.4316392765964139 1.093066443926606 0
-1.959601184653426 3.992151446432396 0
-2.10543729571534 4.268513816076939 0
-2.276165740735192 4.015135335509816 0
0.3932489093609796 -0.452297145682975 0
0.3959070373836244 -0.4112276386701855 0
0.3806361432193537 -0.4125663315140996 0
0.3746949543261638 -0.4275630356338682 0
0.3651859377371285 -0.4148365250933609 0
0.3718210671122488 -0.4003590929439457 0
0.3561538315802493 -0.4020310516867796 0
0.3626033201712751 -0.3881967030157082 0
0.3474413680434297 -0.3894949290082869 0
0.5846372514258119 -0.02837263851737653 0
0.635918408210102 -0.03271480173312465 0
0.4969780187511152 -0.494859434170732 0
2.490417841260575 -2.691951326125162 0
2.733276300982059 -2.678955312680187 0
-4.39577614016607 0.5373234004985431 0
-4.70013270931307 0.5632722058109916 0
-4.527564475324107 0.8261942845779499 0
1.859407617485984 -1.348019704248495 0
2.529996154873167 -4.114330562584974 0
2.251276690421203 -2.703802547649092 0
-0.2419940655903209 1.015670114541421 0
3.123357126845304 3.607371954961623 0
-2.118331898629275 -4.35803647101255 0
-0.2219849361843522 0.807400582106078 0
2.771019266824537 0.8775219928219216 0
-0.2959548766802137 -4.867740307180228 0
0.6069282160274427 -0.07311386988266134 0
0.656737371064283 -0.07868611822283303 0
0.3537367187455821 -0.3753338325165381 0
0.3386169716946634 -0.3762553000451947 0
0.7474226822145109 -0.6900852190190336 0
-0.2005596838808136 0.0644328917496278 0
-0.179250223486607 0.1033141978762198 0
-0.1045607886314014 0.194843062505612 0
-0.09949085752397846 0.2439630454361672 0
4.032990573721105 -0.1266399848579131 0
0.3319862561925974 -0.3910197543250961 0
0.3231433163885848 -0.3779407889443635 0
0.3303302593210563 -0.363916028249993 0
0.3147732085401707 -0.3648891124807954 0
0.3216578425871108 -0.3512990196348291 0
0.3066833652637757 -0.3520882075841549 0
0.3147363550783485 -0.3400302470460481 0
0.3003066715680276 -0.3377868856923166 0
0.2916246771632662 -0.3528257121946793 0
0.2834087043696416 -0.3394760203035043 0
0.2905323015985499 -0.3256817095684246 0
0.2754063018496162 -0.3262587547204366 0
2.213052777659465 -1.183725914746419 0
2.322092729970714 -1.073235320414747 0
2.267218540425248 -0.9182489497856405 0
2.433198845005254 -0.9505905394509244 0
2.377784121416147 -0.7808999925674263 0
2.54725396179079 -0.815215873652237 0
2.496741383942632 -0.6435547237288941 0
2.316767202085411 -0.608267335126904 0
2.435481635824456 -0.4705361761586941 0
2.487144992790159 -1.11543523461677 0
-2.577092818349107 -4.094190376773042 0
0.8484410877884589 -3.851354860846 0
0.9745026042451513 -4.077314888682319 0
1.243070525495541 -4.079236351216471 0
1.117267931762607 -4.314711996107793 0
1.394674369709265 -4.31815543122853 0
1.25863157969203 -4.571399854464348 0
1.547050033971546 -4.570302699134385 0
0.02085706468090727 -0.1099154972766691 0
0.02845118887967975 -0.09449248213369343 0
0.9571488701150576 0.4055534989384919 0
0.993117168239098 0.2974320768719085 0
3.334595659875652 -3.08573473455214 0
3.500486842039156 -3.323761661714063 0
3.396866961721175 -3.629464219849016 0
-0.5066622666718447 -2.19379781726356 0
1.844755031838484 -0.5166626002696245 0
1.548534843643405 0.4997471659036341 0
-1.660917975730669 -3.597585846431319 0
4.240570988355588 2.436239358804233 0
4.355061111659793 2.132587222471624 0
4.793155070063905 0.1677533937819613 0
4.626339893951038 0.4354075153195347 0
-1.125197712753502 4.698880745160356 0
-0.8069327561368951 4.668992232475884 0
-0.6820173872860683 4.377408231834492 0
-0.4922185561286803 4.627164029617161 0
-0.3726054204823306 4.336936730092479 0
-0.1795003517143796 4.58579171782349 0
-0.2998806737919077 4.881101528437928 0
0.017770066812706 4.835608542984561 0
0.1359530605437547 4.536912277252481 0
0.3348229542566359 4.788463332668543 0
0.4538871032777113 4.491862462655743 0
0.6513298245663985 4.741752266421933 0
0.7703268049247998 4.444993825412893 0
0.9676472204497363 4.693568038739592 0
1.083962895856871 4.397967159406537 0
1.284234221967507 4.646685695350369 0
1.398165438843099 4.349869017037395 0
0.5705681888778243 -0.7618331532513948 0
0.247471032787222 0.1131238586701533 0
0.284801622044924 0.1245646926561703 0
0.2540316237994801 0.1514442383414585 0
0.2930462937076072 0.1647895959448719 0
0.3281549043453865 0.1339382999516259 0
-3.361382691846097 -2.525769247124951 0
-0.8916976437064057 0.6158747830111218 0
-0.929487211448387 0.5047798408973512 0
2.847896114605697 2.848859232398955 0
4.229992503071745 -1.35762445039077 0
4.518264990284101 -1.354735967787448 0
-4.630709449131515 -1.303229741055676 0
0.2826811973935961 -0.3132149092569807 0
0.2680076486929429 -0.313333450069777 0
0.0260865442969336 0.04103347218214571 0
0.04554944116766011 0.04762162917105823 0
0.03981653849150665 0.02667534688891333 0
0.05916767354387875 0.03400366329157335 0
0.05546201191156459 0.01651867510736518 0
0.07255968509242486 0.0220660563185164 0
0.06903029169581197 0.005509813394672534 0
0.08532226012540836 0.01049440608731115 0
0.08184864877572909 -0.005409241569528919 0
0.09751655150962152 -0.0005252026721841213 0
0.09413045493850493 -0.01610294784784122 0
0.1094576180266097 -0.01133683070270363 0
0.1058189553998915 -0.0256624818385105 0
0.1212313158029378 -0.02111762930890954 0
0.101514800998371 0.01581516409213803 0
0.1249564472679232 -0.006193799855049337 0
0.1377212206075883 -0.01760664136026926 0
0.1313187251531004 -0.03403198409131723 0
0.1495247682091519 -0.02952312301029311 0
0.1456356888018508 -0.04604473590239389 0
0.1617329389334456 -0.04139358492815458 0
0.1575759715765527 -0.05717985160744991 0
0.1738178619218179 -0.05312720528051025 0
0.1783788541326795 -0.0363514665881703 0
0.1907228068051741 -0.0491220997356896 0
0.183823775663868 -0.06742715889827024 0
0.2024501998769011 -0.06234168845343269 0
0.1972281544047044 -0.07875960001858517 0
0.2144115583970995 -0.07499740937235305 0
0.2092928786590672 -0.09101059091455263 0
0.2259277863639567 -0.08747847103034447 0
0.2208966607465517 -0.103281373293707 0
0.2375481611452882 -0.09998590800434054 0
0.2429696295474008 -0.08326303877173397 0
0.2547755386193759 -0.09676307880642654 0
0.246974471283485 -0.1148844590322203 0
0.2659036677821116 -0.1106123687040963 0
0.259934179291598 -0.126792794864577 0
0.2772338257421229 -0.1237964333650375 0
0.2714219975139159 -0.1395131226138275 0
0.2881052546268257 -0.1367524819761672 0
0.2824105564861027 -0.1521907111330074 0
0.2990524911411792 -0.1496718594051641 0
0.3052882759270599 -0.133911512300238 0
0.3163521361648718 -0.1473557489316734 0
0.3077306845172837 -0.1648342114265062 0
0.3265981205013389 -0.1614903225928181 0
0.3199723871490451 -0.1771359160075976 0
0.3370474573413481 -0.1749531548552559 0
0.3306901012173643 -0.1900735970739461 0
0.3470704878507541 -0.1881262616861021 0
0.340568781300182 -0.2050580330955054 0
0.3567029324212967 -0.2013455161022622 0
0.3272299870061297 -0.2421001825408013 0
0.3540970572663665 -0.1727456394344286 0
0.2612395333924757 -0.07898393988666538 0
0.1544734116135958 -0.01158548698527478 0
0.3526408419378711 -0.2152871918935731 0
0.3667240037059961 -0.2130439268753407 0
0.3735934168493205 -0.1974965425063369 0
0.3829902844218701 -0.2118145405258752 0
0.3729256282381114 -0.2269289985013709 0
0.3903370947385623 -0.228096157460073 0
0.3997217473634162 -0.2107329373657691 0
0.4091564492789497 -0.2254546237845228 0
0.4017599928886708 -0.2412347331607414 0
0.4186274134695039 -0.2398416457443082 0
0.410958946311147 -0.2542566173745729 0
0.4277544137738453 -0.2539824422054352 0
0.4360528303325999 -0.2387050115685234 0
0.4451583817109117 -0.2538110414366749 0
0.4341542623839952 -0.2699262321156382 0
0.4534831571204109 -0.2691624967399157 0
0.4447534474756832 -0.2836212956942589 0
0.4613974615403649 -0.2836899830221546 0
0.1962911127938739 -0.0311884776177825 0
0.2443783120610567 -0.1304582834801639 0
0.2201699337042137 -0.05807797120503141 0
0.4533628900263817 -0.2976837187941995 0
0.4696528895452922 -0.298374433575606 0
0.4782289946573298 -0.2836649234497876 0
0.4860471770853039 -0.2987806264279445 0
0.4774855000106885 -0.3129309595445589 0
0.493434557240149 -0.3136426460692789 0
0.484401342257932 -0.3266866339147014 0
0.5003218862747033 -0.328071635325001 0
0.5094638328698611 -0.3149293033302121 0
0.5170876213780323 -0.3298221923580363 0
0.506313853059738 -0.3424805491915802 0
0.5230623458913966 -0.3450203633694685 0
0.5338574539892154 -0.3316795216948102 0
0.5405633659353777 -0.3475804047455663 0
0.528508520758404 -0.3602248007118626 0
0.5458209408493216 -0.3634890961660386 0
0.5575992358595784 -0.3504677374020624 0
0.5634647654722047 -0.3668700219492358 0
0.5507066635531945 -0.3791550646048973 0
0.5680426867485753 -0.3832034602792702 0
0.5805568857096221 -0.3706343648041405 0
0.5856065489848246 -0.3874526810219877 0
0.5722153635537712 -0.399145316237658 0
0.588498387592324 -0.4065413639949498 0
0.602394788759012 -0.3924436139244028 0
0.6063209288081645 -0.4096423928753475 0
0.5949276344466801 -0.4221362944016732 0
0.6101550719966901 -0.4260075192363464 0
0.6233324674543295 -0.414474021579065 0
0.6267737837308822 -0.4317886331690557 0
0.6408521777699877 -0.4201948989059815 0
0.6436922300005335 -0.438232490218107 0
0.6281976796221596 -0.4501391433049535 0
0.6463332880071101 -0.4563322373267345 0
0.1822000543046973 -0.0832831440677762 0
0.6600927877240299 -0.4450550139124806 0
0.6623299040975963 -0.4626787980743639 0
0.4427275477852446 -0.4457829827242371 0
1.60243413407467 4.598559614541333 0
1.718441605861634 4.300183201814407 0
0.2667366153696642 -0.1546327005935633 0
-3.696718057218319 -3.041052293034011 0
-3.552895666844524 -3.322888880067261 0
0.05411439633061246 -0.1054345712902429 0
0.3047468077152122 -0.1820048693519574 0
0.6492341740791261 -0.4732400786445992 0
0.6642934557963832 -0.4796129056428847 0
0.678438611733328 -0.4695648998457819 0
0.6799536101886702 -0.4870736388213195 0
0.6950708410440729 -0.4771882060983866 0
0.6958582389255206 -0.4952789977082895 0
2.624556903267671 -0.501982770668719 0
2.557434571387925 -0.3185655048253228 0
0.8311487341643347 -0.2515213752100005 0
0.8103114898842949 -0.2016079420210545 0
1.633830049007496 -1.412765253479038 0
1.509422758913751 -1.382059427596759 0
1.544099530157232 -1.503668025369123 0
1.422353366998236 -1.475415939656145 0
0.2750835647072164 -0.3006172023254406 0
0.2604506149953319 -0.3002261030871443 0
-4.88234338245771 0.3292975644046637 0
2.659824019202246 2.617065233729121 0
0.2382645342509751 -1.44203151123473 0
0.6811030775667274 -0.5051793178769552 0
0.6972136770484837 -0.512055875167117 0
0.711513971874659 -0.5035678670540469 0
0.710856107316981 -0.5236881880623238 0
0.7270951648848351 -0.5123782658819248 0
0.7274981470582513 -0.530353668977334 0
0.9580885294294021 -1.460759968818972 0
0.1436478133319138 -1.46836018549597 0
0.5895998373230955 -0.9180586737796281 0
0.276735367198547 -0.1660989236795138 0
1.039629477664856 -1.54615234007398 0
-0.394325176913605 -0.5778581566510296 0
0.2838211301756135 -0.1072151295351207 0
0.4292640963626433 -0.2855526675534132 0
0.2529075898876498 -0.3135715857682184 0
0.2456211919707768 -0.3000869769274201 0
0.2532104349956111 -0.2871587283099264 0
0.2386709602396868 -0.2867513743983022 0
0.5151937145431897 -0.5819064439574992 0
1.141310156674144 -1.526208893030211 0
0.4221565841000616 -0.4924251603062145 0
0.4339994615665443 -0.506377839572633 0
0.743846330571611 -0.5207782511224912 0
0.7436639656319045 -0.5394844039045973 0
0.7279469867144643 -0.5478775220177525 0
0.743091662276216 -0.5571152872827689 0
0.7591688719046473 -0.5490300801589503 0
0.7573739452875414 -0.5697772414314598 0
0.7336557149198226 -0.5998207788562555 0
0.775099809023968 -0.5589435839065203 0
0.7744592829515363 -0.5777901156290735 0
0.3581302510843075 -0.430119648792561 0
1.035121011856714 -0.3049249278608017 0
1.057661065793251 -0.3687325981823465 0
0.9971412397878026 -0.3553217857279942 0
0.4959557148174168 -0.2838429000611689 0
0.8637506479684356 -0.7330924650512524 0
0.1168735280654913 2.226736338640609 0
0.3277302372470136 2.200642572017358 0
0.4549175872774138 2.367885772295675 0
0.5360365842173894 2.172241288647183 0
0.6636842660009783 2.336507212013302 0
0.7448114974739922 2.141713705645365 0
0.8746482061663181 2.308718143215668 0
0.9562280964217927 2.110712732506377 0
1.08833268440006 2.280823288715821 0
1.172297660156122 2.091868856366773 0
1.306199794360432 2.254736457749189 0
1.390435439186748 2.056957832021244 0
1.529764572751214 2.226257797265517 0
0.3029745771995683 -4.868572899133705 0
0.6001779445397691 -4.856840320850854 0
0.5319525364200063 0.06414990809839242 0
0.1778282473817805 1.10071271900338 0
0.05416985013838885 1.08526303305138 0
-0.8673662228312127 -0.7828445906432853 0
0.6358460460940758 -0.8306566044152676 0
0.6660364602537698 -0.8186483005528734 0
0.1303234404789687 -0.05054371669789389 0
0.5071714123264398 0.01995023184616226 0
0.4818305229860653 0.0621575393522236 0
-0.3558964865642707 -0.6545551330294995 0
4.935604468276387 -0.117480668510902 0
2.714244605795312 1.680923007395697 0
2.802459440746745 1.445924767379514 0
1.647900520910798 0.616339523264677 0
-2.422465943884692 4.301195841988956 0
-2.605633497716778 4.039343155504135 0
0.205227176267146 -0.1064231795247136 0
0.2157938384703513 -0.1175533624819362 0
0.1661814851986478 -0.2719214829883186 0
0.1853277598624823 -0.2670031137978703 0
0.1737591278667711 -0.2540279019449517 0
0.190711855299863 -0.250825186578334 0
0.1805224518471165 -0.2385453876155931 0
0.1957453304884718 -0.2359925692877614 0
0.205691676097823 -0.2463869090911575 0
0.1860981628051047 -0.2242929734948648 0
0.171656998390731 -0.2261972445438488 0
0.1770381089585751 -0.212669640117034 0
0.1628640898071406 -0.214537195090487 0
3.310155317622319 -0.2647513970184314 0
0.1684110189376018 -0.2012137710492989 0
0.1539333528097637 -0.2024483938597426 0
0.1479712588382022 -0.2166627842022865 0
0.1388681272217054 -0.204197313524319 0
0.1451482381676449 -0.1901314656217886 0
0.1303199307652873 -0.1914268194588705 0
0.1366913420024407 -0.177873097464332 0
0.1219377735877381 -0.1789970885796623 0
0.1281464931096413 -0.1656904045106635 0
0.1133058923001699 -0.1662935621885803 0
-3.85921988952868 -2.731773425570648 0
-0.8539163039310478 0.7260800993007679 0
0.3154621013409722 -0.3927679787840247 0
-0.2089262851094256 -0.930484175953981 0
-0.1202626598481286 -0.9339786426935304 0
-0.1585826679869916 -0.8479876685655898 0
-1.444084940636474 4.743995173064318 0
-0.4358063083164039 -1.523334357948464 0
3.232716329650661 3.316908626091768 0
0.4759595429369667 -0.4688148872745331 0
0.4663664902824012 -0.4578054986026104 0
0.2462912893102422 -0.2744454028039578 0
0.2318369568306285 -0.2737808788388295 0
0.2235705067957374 -0.2863825679539667 0
1.55412730037555 -1.169593443515851 0
-1.37365110274599 -3.607299887516653 0
-2.476592634797994 0.8000464872912918 0
-2.595957888531935 0.6254255556858188 0
0.1922280855489049 0.2730093863797692 0
0.158297574827491 0.3169405675328608 0
3.111342208313461 -0.2509448117389335 0
1.397835971809962 -4.839697817771555 0
-1.956527606094375 0.9207150664984366 0
-2.034955353264015 1.105836232960241 0
0.5507393358312912 0.5771045694742752 0
-4.842600910088483 0.8480676347083809 0
-4.661140378163255 1.112722628485707 0
0.3954591334886164 -0.2554293289932235 0
1.632952061865477 2.003428767598996 0
1.923446302472095 4.55129874115504 0
2.03002883355936 4.256654233358807 0
2.229613744911626 4.515469724624038 0
0.4222902807575575 -0.4219763897371911 0
0.9072625687918791 0.7330463748541766 0
-0.7907471298476256 -0.4496154357771246 0
-0.9023827117506423 -0.4736598657947627 0
-0.9654971166967302 -0.3915755008974968 0
1.195829186332656 -0.5434908588184576 0
1.263381102788328 -0.5883445037876435 0
1.246614498702032 -0.6673255914674654 0
0.01204120196710193 -0.09526076932942996 0
0.01969007105340633 -0.08086217376415786 0
-1.03128343444085 -1.771407466090839 0
-1.200819867817916 -1.765693913489959 0
0.6870775177214757 -0.03783021862976747 0
0.7092804762314632 -0.08550471717306891 0
0.675013934750421 -0.12363609780793 0
-0.05114830152552871 -1.249981670958215 0
-0.08614054230076922 -1.345163851692091 0
0.07714974018600576 0.04127866812424649 0
0.7922567175703683 -0.5686273475375535 0
0.7909650957831815 -0.5884298778036842 0
0.8434877700836294 -0.6804782051496188 0
0.8203371182290825 -0.6630817765704535 0
-1.440706662251958 0.1036397699220974 0
0.3347179225189268 -0.1438928633065558 0
-0.07358663179256375 0.03134674140433057 0
-0.05827426677838253 0.006976857803078005 0
3.065321120961275 -0.6979667703893324 0
0.4547313433126655 -0.2378534288138022 0
-0.07786648232878846 -1.008622247198351 0
-0.0352730600241187 -0.9371613996013332 0
0.1069869087334144 -0.1807061161823603 0
0.09811162706432643 -0.1673771942443856 0
0.1049655682253091 -0.1534762269582349 0
0.4034924895672107 -0.2673372065344661 0
1.126143977701217 -0.3900865151220981 0
0.5980631091891007 -0.4364352103741989 0
3.002935441331981 3.905770085193407 0
0.6760850560986978 -1.568752776862893 0
0.8845588138900007 4.154773340167248 0
0.05107515615294667 0.06815825821625168 0
2.331456001270265 -1.570492125436354 0
0.003239744564868513 -0.081323155616725 0
0.01279863772059261 -0.06594887935795221 0
-0.005264002012654543 -0.06734416433518925 0
0.002232635665580827 -0.05300969827530614 0
-0.0140998916002352 -0.0537672470887063 0
-1.21090432051604 -4.901139238987011 0
0.3031732877152483 1.117619328885892 0
-2.103333464999649 -3.337855678442114 0
-1.129058720331629 -0.009637500646167493 0
0.8521794026465128 -0.300499128438252 0
0.8543037357439895 0.8675316939140429 0
0.9401770127983756 0.9781534334334806 0
2.298822053214761 2.17816946250822 0
0.3251541791278678 -0.2049776019547599 0
0.3945204938466436 0.469090043058686 0
0.3237136095435334 -1.186475111608611 0
0.06596942896033539 -0.009386000353463819 0
0.5745981039879411 -1.591072259733958 0
2.036698149774322 2.213817655433457 0
1.083354345254971 -0.5121171085335521 0
-0.2251945754271404 0.102315792795943 0
-0.973357492583924 0.7064765556015724 0
0.9817903127569877 -1.202487663314742 0
0.2398085399185558 -0.2622301185484623 0
-4.93362804887883 -0.7615077154939007 0
2.835430069035977 -4.108470903042628 0
-0.7573553787768198 -4.104180540964758 0
-2.237775198859346 1.141525150672335 0
-2.113436999399446 1.297755631369851 0
-1.91115621394829 1.27064053640046 0
-1.985221681151272 1.454681834301352 0
-1.785823092128005 1.433691355627163 0
-1.866628189084271 1.622333896391015 0
-1.661439663198081 1.598459769634844 0
-1.73518132289979 1.783167843076285 0
-1.53397171193581 1.76240089510577 0
-1.614997263172175 1.954379789287662 0
-1.407514509282546 1.927664535886348 0
-1.488788215216311 2.124586576898074 0
-1.27274942247371 2.098152495240377 0
-1.359302070170544 2.297050536623102 0
-1.137226427468262 2.271151020425999 0
-1.228021461173102 2.480392437607909 0
-1.002674976825746 2.460263713084395 0
-0.9178985014316497 2.2433320823952 0
-0.7833061673476784 2.425706583199581 0
-1.460088489538891 1.574422373442315 0
4.373582020652782 -1.609711799997087 0
4.674844572755605 -1.615289256879566 0
4.943626369813925 0.4448708376489533 0
4.77235834573082 0.7195314045589565 0
0.5344024925013807 5.042689743885648 0
0.0353919553811128 -0.08067191582190235 0
3.147685329528017 -2.855650081534638 0
-0.2203876040352863 0.0258263838119185 0
4.828521905939298 -1.335463112060564 0
-0.6940156795528956 -1.270297990082068 0
4.316640058985122 0.417277176934501 0
-2.161878199221779 1.487653536905607 0
4.996507927510372 -1.607230975193711 0
-1.516818842364789 -3.364392524531946 0
0.3769722516008454 -0.3864732318602022 0
2.692404976593789 3.951511949489638 0
0.2510890728202658 4.249635183749593 0
-0.7040763573077405 2.215795035570205 0
0.6510986458363831 -0.488465929622754 0
0.08971392176699622 -0.154082137722707 0
0.09732301886762802 -0.14115750661781 0
0.4693879001680662 -0.3257408844804663 0
0.7022828724179849 0.6827726243372705 0
0.7795722302661124 -0.2439183567141734 0
0.7587532465944917 -0.2015076265393678 0
0.7800522929317109 -0.1510886875235425 0
0.5846462108313245 -0.4329819292655624 0
3.441539583595194 3.562216188397482 0
-0.3124151270200622 -0.5871510925504244 0
-0.2776254248683432 -0.6566085017207243 0
2.128336799694251 -2.914057559101781 0
2.023772255829961 -2.708423560307055 0
0.3358384145666292 -0.3498934855079442 0
0.6935053570714765 -0.4578541223695646 0
2.953554080948999 2.574676001650245 0
2.766370421747381 2.356849158263202 0
0.1945313198739783 -1.032801647953487 0
-1.466730045876034 2.515482776310632 0
-0.1916467220550558 -0.01122588500687 0
-0.2397916305120499 -0.01361221905710846 0
-0.2147120435028999 -0.05137342127879971 0
4.562233200496292 2.385343800938794 0
-0.5565960609357163 1.07258479062338 0
-0.5119067005489669 1.196522364907312 0
0.05731219004965885 0.7841649228427967 0
-0.2596310575724022 -0.0551064388752624 0
-0.2361509681900549 -0.09993386335261839 0
0.4174830900500137 -0.2085452630640328 0
0.766155759405291 -1.540529557655933 0
2.599055095797743 -2.481924555100876 0
2.824329354876565 -2.471346738691598 0
0.4742722590063565 -0.3396341130210368 0
0.9991742508729173 0.1136411742804087 0
1.08827184929477 0.1072055390192138 0
-0.01083979730783799 0.8657630117048831 0
-2.444304548442407 3.765123643926644 0
-2.783787957075601 3.778672244004337 0
-2.597316450713365 3.47233852732178 0
-2.961509713847851 3.511266931709605 0
-3.106002197061622 3.800837122507816 0
-3.286380527067608 3.535568823755139 0
-3.146739992415958 3.247346566758369 0
-3.464372238517696 3.269073075318206 0
-3.32322499489312 2.98357989425639 0
-3.6554194493428 3.014420563646788 0
-3.498624824701504 2.719395155400096 0
-3.833059398973494 2.752362930172418 0
-3.674131798974294 2.456607432886 0
-3.989490828804966 2.476764249743138 0
-3.845991908445438 2.196703919880148 0
-4.163160768079628 2.229674639288743 0
-4.020679023652301 1.935134063137356 0
-4.344408882349468 1.967161633989572 0
-4.204342320449297 2.804946839152429 0
-4.198417991611112 1.666644129479875 0
-3.183397233312702 2.708230413751729 0
-3.701104115259894 1.922662246720261 0
2.000262775283094 1.791243603508737 0
-3.721296600274767 -1.332496922921038 0
0.4079818586361959 -0.1904204429848117 0
0.695702419743786 -0.5273899028823279 0
1.32970928284164 -0.6422797714562248 0
1.309072659400391 -0.7294152715736266 0
1.347913265272245 -0.5563503743653133 0
0.002656756118494442 -0.1112915263896223 0
-4.52017314785909 1.688444145273426 0
0.8035652674884665 -1.353281911174121 0
-3.788874275848012 3.302587828990438 0
0.7746496004341542 -0.5970265086450024 0
0.7895295123553343 -0.6080244825144778 0
0.807798661104117 -0.5993682237221438 0
0.4876328349594692 -0.2679586462729844 0
0.6007472085322747 -0.8406446573390635 0
-4.508980076759915 -2.117455679945183 0
-4.353138804238121 -2.402036134569854 0
-4.341725398058992 1.08607181698038 0
0.1327525921234058 -0.2186000806989619 0
0.08188781775478293 -0.1680232072654496 0
-1.009105446049879 -0.4944245676173957 0
0.09083380304964525 -0.03027264605284869 0
0.1031151207953664 -0.03952014735491879 0
-4.675330460298024 1.994354922132088 0
-1.089311325556408 2.692406339969315 0
-0.06852559483788603 0.1255315001189236 0
-0.1543133431928651 -4.103893602333737 0
1.06202842326573 0.3989533709986967 0
1.111404676987479 0.3044637597614156 0
0.5582954769575115 -0.06772207347683237 0
3.11610760302074 1.088104403976845 0
4.078989099011822 -1.605874117380854 0
2.684611306440948 -4.377417936443534 0
2.363499380702164 -4.37039912887691 0
0.8000123055957713 0.9910851153676004 0
0.9953467811014347 2.483963932605976 0
3.631785499117669 -3.063735134313225 0
3.803824759642659 -3.310656271395152 0
-0.8468929871005672 0.4218160313064687 0
3.543078284589595 -0.2480149076504714 0
3.147647465825385 2.813381707564776 0
2.112605063277689 -1.304665436714205 0
0.4157461607344443 -0.5097551576583144 0
-1.280320066058983 -1.602199780806814 0
-1.377691049437791 -1.745511681138014 0
-1.457737483199749 -1.580391571622671 0
-1.558615111012446 -1.732551373605519 0
-1.639915285170876 -1.561074396354747 0
-1.304967273983765 -1.931758845520783 0
-1.744001211748228 -1.720759933338458 0
-1.821537079055888 -1.544925895885062 0
-1.719530034699458 -1.386927508966894 0
-1.899485400913679 -1.369871742339666 0
-1.798691144842322 -1.216709503172042 0
-1.981844175530688 -1.198834504009612 0
-1.877391145395936 -1.047914256522911 0
-2.065527668257842 -1.029494157225462 0
-1.957038460144771 -0.8769999615218911 0
-2.145841780910356 -0.858273783253954 0
-2.036874249339965 -0.7024342545490195 0
-2.22284861148162 -0.6836443963280463 0
-2.115631606023128 -0.5275102360869784 0
-2.30374475205682 -0.5087431906479472 0
-2.194972618732563 -0.3515568773379137 0
-2.385448365620686 -0.3312210980484879 0
-2.485645210731259 -0.5105453812717718 0
-2.161335607803046 -1.190523562260213 0
-2.277047947808462 -0.1771527105581968 0
-2.473949876407108 -0.1537188141356564 0
-2.008090341499729 -0.3696542741312332 0
-1.696653772001542 -1.064845800670211 0
-1.683031236714912 -1.88837315038728 0
-0.006669941124660371 -0.04003585427593878 0
-0.02285691835928105 -0.04028949551271769 0
0.3242030394702656 2.790050817078101 0
1.484582137747247 4.897902668329134 0
-0.01381252964043551 -0.02562152803042097 0
-0.03135034609038333 -0.02648948810257685 0
-0.02151504508139254 -0.01060060917208376 0
0.7404654773014939 -0.5734708661745813 0
-0.8026145111376547 -0.8879299518147251 0
0.6374446625374259 -0.4824752480837025 0
0.0405496360221609 0.009978921416078387 0
-0.2293414436718438 0.6410101745284195 0
0.7432504173770811 -0.5010251633892732 0
-1.711571598703804 1.248161264847285 0
1.830214535736634 4.0081417115075 0
0.8480835540602804 -0.6510498485584921 0
-5.086252689350581 -0.4692242462506911 0
0.1379250590819645 0.2581813919138199 0
0.1024363859688015 0.3050789579192253 0
-2.498944098903831 0.444796720648669 0
-2.716761652568845 0.4453135807865732 0
-2.618920088683964 0.2590213844562714 0
-2.835793356309488 0.2660694126753538 0
-0.5843584317647939 -0.2112282466017233 0
1.504120241933175 1.592503598422214 0
0.2132328342854692 -1.543058837028624 0
2.254285853644797 -0.4405653197610564 0
0.4599630598109942 -5.135950619045025 0
-0.6040303905402564 -0.4795029578109512 0
-0.5503841320872664 -0.4100004688832878 0
-0.4674601984427365 -0.4177587171361239 0
-0.6590853493564812 -0.5511839995892398 0
-3.873052924941439 -3.308594008350371 0
0.4601713068068946 0.02034171355336861 0
0.4353034749295448 0.06025234252237036 0
0.4567594897863705 0.1025940737269228 0
0.4084599891468632 0.1012021336596712 0
0.2002749294880202 -0.2223772254465066 0
0.7109744712473076 0.4955971067301496 0
0.6689150675268885 0.4089167545067053 0
-1.915270881269734 4.509775393618238 0
-1.675893781776786 -4.626554228342581 0
0.5750628024142872 -0.1117531994511391 0
-0.9084804722836832 -0.6860961498001765 0
5.086570239348863 0.7215792443354743 0
4.922763680157249 1.004256897828477 0
4.5987900189258 0.993242757684036 0
4.748720767006426 1.266887712668053 0
0.2967815396524365 -0.3127669438419952 0
0.7325006604183566 -0.2394935612584307 0
-1.208604179101308 0.08110239553830259 0
-1.166508299643749 0.1884616766316589 0
-1.853537362551681 -0.7244652798095068 0
0.1231847363672992 0.36239209814643 0
-0.3422138447353539 -0.5044400027324852 0
1.442900888180468 2.435801978372959 0
0.2753684661517084 -0.3538940209142897 0
0.06721524645102858 0.3509972329281713 0
1.056429329074404 1.91437845262522 0
1.01443919144845 -0.4153054939596468 0
-0.04687841190547477 0.765331596192474 0
0.0480191301947195 0.2953430496232363 0
0.2150651410047354 -0.2712754527025676 0
-4.662686183608882 -1.831756666428533 0
4.672824601601734 2.074418923837007 0
4.470155823887081 1.830083333629819 0
-0.1418243774673644 0.2206471486748229 0
-0.140946560531965 0.2725348914098007 0
-0.09268779981655928 0.2941843387424711 0
1.69862981906943 2.40983740867625 0
0.5852492206392073 2.53603297853215 0
0.006826549432604052 -1.004355707571408 0
1.102808154004903 -1.630509985831452 0
-0.9741372906536319 4.996134617245196 0
0.3170395045000846 -1.505928503863921 0
1.456176757901699 -1.585096331867942 0
-4.003262608202035 -0.8001228574672334 0
0.138952526631672 -5.141317126145832 0
0.661932277537973 -1.041772912177478 0
-1.294098844341149 -2.880546490389101 0
-0.1049152101512446 5.135915305098007 0
0.32485613845846 -0.4059162832080688 0
0.8023674765394532 -0.624569331062676 0
0.8247140416989894 -0.6130643411171851 0
-1.192080384172698 1.908340642047229 0
-1.717795463572703 0.6869954798879796 0
0.8724828646371556 -0.6685126957826983 0
0.3392124205777146 0.1785719824332128 0
-3.721350560207294 -3.594790834647727 0
-3.405338518276562 -3.60227132653343 0
0.1528894322716674 -0.1763957952449343 0
0.2621418357733095 -0.2746651336073327 0
-0.5602185707694838 4.097056092307134 0
-0.2611844162621678 4.056979685954518 0
0.5063239006059684 -0.2674422471364807 0
0.5163398812788871 -0.2859433469907205 0
-0.0182885356536112 -1.421401781354908 0
-0.1222646588420672 -1.446374913130704 0
-0.2018648685147388 0.1430387204200088 0
-0.5873738528757557 -0.005132239801916969 0
0.2224310162101172 0.2317093852731085 0
0.8204669842688701 -1.2644740604052 0
0.7592312299938927 -1.206564649610665 0
0.8390848874073673 -1.176786103923824 0
-1.245518689049373 -3.371251400398955 0
-0.3800499194155479 1.215948123444821 0
3.571151810816236 -1.521618747201296 0
1.392306485716055 -1.353808924336386 0
1.024147729299554 0.4999507398026148 0
-2.739313814492963 0.06850977041461664 0
1.129932953236465 0.02309673883632405 0
1.183745082480567 0.09989210901121089 0
1.227781292411433 -0.003092304659505528 0
1.286022475519752 0.08349767636582103 0
1.694732711947714 -4.319426356705666 0
1.846498415559804 -4.592214718701858 0
0.7916192706401458 -0.5470845404638047 0
-0.577514706626834 2.393456507028363 0
-0.4873679209152014 2.202535239889607 0
1.238037027061814 0.1868097154882268 0
1.34493526461427 0.2060646399513715 0
1.388815659242652 0.07822105430577618 0
1.466923235918317 0.1709348321488303 0
1.510528460043877 0.04039600295137111 0
-4.830457429844836 1.708933538189046 0
0.9125862430528772 -0.3092006220029561 0
0.8612965070295013 -0.9902647145709864 0
-0.1356447564952068 0.327155245701178 0
-0.8322931422370855 2.01550773253632 0
2.141799906038893 -0.57532159424088 0
0.1538073533004334 -0.9780307067221923 0
0.1112246493155973 -1.57048652735271 0
0.7113208203907146 -4.080520161385586 0
-1.055981639495087 -0.09499323937931205 0
0.6372040469361938 -0.4001025176315616 0
0.6560307226919261 -0.4079104844498979 0
0.6213344392114603 1.990203627864708 0
2.124348251556747 3.985032076781921 0
0.7852448740248636 -0.6264430851098937 0
-1.923823750185586 -1.679869398058552 0
0.7118324638570545 -0.2028501026127308 0
-3.420977922443536 3.834462062764756 0
-3.247721325045003 4.102524427644283 0
0.4030069339697507 -0.4946091841604475 0
0.7794896365199216 -1.129545619140951 0
2.878299906448909 4.201839625987776 0
3.216719091694073 4.160486668493215 0
-0.6008671375132246 0.9583224322586437 0
-0.6837091505950965 1.047389590842637 0
-0.7398012462751827 0.9231247928639317 0
0.2627917809431649 -0.1680380092425763 0
0.2529374916095145 -0.1578918859764741 0
0.1133413818467081 -0.1402406084551341 0
0.1043728071777471 -0.1294355593255164 0
0.09070271430578378 -0.1293332010600959 0
2.406856996750337 -1.393276557745287 0
2.596708626733216 -1.408629090540907 0
1.610658041567861 0.7714549526709431 0
1.773137107820674 0.7320102838955751 0
3.553909028853973 3.274821020668293 0
-2.113009873041777 0.1245200455406583 0
-0.4249422408010942 5.166185159642659 0
0.4827106080806113 -0.01599769193455328 0
0.1101514076986469 1.215555933823938 0
-1.851674593073537 1.977256460962058 0
4.828686133072669 -1.877313540951389 0
0.2016541974907409 -0.1201173077043398 0
0.1913393446388523 -0.110350515252088 0
0.2109370475160479 -0.1310360288374116 0
0.5024314872273995 -1.528989685298978 0
0.3012103364271471 0.2111518332206526 0
0.4440535303957474 -0.2216041242702164 0
0.4638708561376921 -0.2184496978808343 0
0.7114401742728395 -0.4663864993474065 0
0.5758618210212428 -0.8145461158461953 0
0.429191483151099 -1.107597502629915 0
-0.9642804014760913 0.3969007117850435 0
-1.046918825921086 0.479938132686655 0
-1.104742422735793 -3.618946088838556 0
2.127262260409524 -2.518009362576471 0
1.907516161154878 -2.524086183318845 0
1.81018493678205 -2.704688284771199 0
1.704574442398142 -2.526912256650241 0
1.6057566585266 -2.698325579753758 0
1.508934351953273 -2.526557518107672 0
1.408954796254338 -2.694433835254376 0
1.314717964838393 -2.526870696308909 0
1.216224365220949 -2.690192401886135 0
1.123763439882973 -2.527066782085508 0
1.025814180306455 -2.688240590819861 0
0.9355858293847312 -2.526963602185594 0
1.297319103620218 -2.862334212273383 0
0.8390679407675099 -2.686181310115749 0
0.7480617441570084 -2.526578873408726 0
0.6542515345715405 -2.684730868046561 0
0.5618086870669201 -2.525753833956458 0
0.4696572880996566 -2.683919446394342 0
0.3772497469938857 -2.524505295489417 0
0.2885824636395075 -2.680893059983243 0
0.1933326675123897 -2.522294374052246 0
0.1118626376726006 -2.683768098519622 0
0.008963274925891607 -2.519135450790233 0
-0.07656954575833409 -2.686489502916127 0
-0.181960451148072 -2.519240581264027 0
0.2851213593507469 -2.369165980306296 0
-0.08365982798274374 -2.364381000886789 0
0.8442234682408001 -2.347484263444645 0
0.9384153619907212 -2.853771213900385 0
-0.03444622307710878 -1.081610245733478 0
0.2024510680601534 2.035500945977192 0
-0.002808390566689685 2.064625606200198 0
0.867598226737723 -0.3518693194826194 0
-0.03777160350128542 -0.2147639640117862 0
-0.06886501401441728 -0.2167223800886534 0
-0.04954003818033407 -0.245363627118827 0
-0.08335202348796064 -0.2481497722502884 0
-0.1042315811548911 -0.217806879765026 0
-0.06213910081311553 -0.2770492038603765 0
-0.1205345222982111 -0.2522111058256658 0
-0.1422983110077432 -0.2196280187146539 0
-0.02361634276341069 -0.2727596106250972 0
-0.03872669327951076 -0.305536497066027 0
-0.002722779235899023 -0.3028914685407217 0
-0.01581677854965409 -0.3344505990105514 0
0.0171553925799582 -0.3293740813669552 0
0.005351417507041969 -0.3642138561846349 0
0.04383076585580803 -0.3545090322574508 0
0.02951708334839435 -0.3925217801936039 0
0.06696771586051441 -0.3886397252364141 0
0.04715727404130332 -0.4297084755143812 0
0.08845549488109131 -0.4205369951828322 0
0.07565898606745686 -0.4597975576068415 0
0.1126818537478048 -0.4510893213321118 0
0.09938790712189062 -0.4871785357036518 0
0.1367405789705625 -0.4811555383345025 0
0.1218800417670669 -0.5168593014331111 0
0.1607656002033916 -0.5117631564405054 0
0.1035278882126861 -0.3862271604760881 0
-0.00718004659021466 -0.4066547390989478 0
0.1494406885167469 -0.4460269857831519 0
0.0837493877903622 -0.526536257299022 0
0.1464123217317533 -0.5477885805981684 0
0.184875367266198 -0.541522442610505 0
0.1977557267386458 -0.506285366875564 0
0.2259175621476405 -0.531107522441415 0
0.2101786171208549 -0.5694818144862381 0
0.2461949739402491 -0.5630594595460637 0
0.2337397714999546 -0.5989308821736883 0
0.2700857749458535 -0.5925727989295144 0
0.2582183386305045 -0.6283575282553273 0
0.2230485295839595 -0.6352628833736761 0
0.2958857456922515 -0.6231088250775415 0
0.2832928683085594 -0.6582366158085041 0
0.3216303819946878 -0.6531697355387832 0
0.3090325852941005 -0.6888148308121178 0
-0.1603758522409371 -0.2562752638245026 0
-0.1357492646131153 -0.2915809207455425 0
-0.1221169890441086 -0.1814669260747893 0
-0.1633463683093971 -0.1857198326222402 0
-0.1463306118472167 -0.1497943407573375 0
-0.1865220444860335 -0.1526008551491563 0
0.346206381140029 -0.6840078138412691 0
0.3368527101571875 -0.7217201937317002 0
0.3724663676954786 -0.7125341032429073 0
-0.07598175071411911 -0.3110183168383049 0
0.3690598417764001 -0.4436978757416091 0
0.181685995107862 -0.2003792086357111 0
-0.2686969727603751 -2.361592860087357 0
4.783292860315601 1.778827780833968 0
0.4300940408769594 0.1447025425464327 0
3.766041133088613 3.5093659452216 0
-2.304993856979294 0.1161806062462653 0
-4.971996332513517 1.174162019085103 0
0.850807439996647 -1.099512943466225 0
1.334324608995373 -1.553423526143524 0
0.2416381768269506 -1.081093442642566 0
0.3203036832462896 -1.059503986200069 0
-0.03100720401274266 -0.05493329359478499 0
-1.967764107757255 3.501450280950392 0
0.0198243210765262 -0.2504151248307249 0
0.2484566431585253 -0.06570692866867844 0
0.2676594813389426 -0.05964751498050058 0
0.280715673746431 -0.07480856699488551 0
1.217520731057167 -2.370831518802807 0
-0.9265146963334088 -0.8762008812530125 0
0.9527139812606594 -0.40494901139649 0
0.8529822630785369 -0.7684446985496665 0
0.3785549277494794 1.027250385838029 0
0.4405262989808061 1.13368887586298 0
0.5244765084668576 1.019153918160683 0
0.1830772490329046 -0.01809067312471131 0
0.2020511077143608 -0.01151367398205714 0
0.2169296880677185 -0.02689201569143751 0
0.1837595243282378 0.004369778447942612 0
-2.742997290999022 4.326340144841133 0
-2.554888067610702 4.637205824150318 0
1.225034598207546 -0.7571781766810182 0
1.28627143427446 -0.8192656304514088 0
1.377408988810968 -0.7948892515050042 0
1.353396141807964 -0.8913194288394607 0
1.207939489588984 -0.8414521683340384 0
-1.164417439876285 -0.1217241636549514 0
-1.092194446554019 -0.2076659052120449 0
-3.93960527887204 0.7352608027740148 0
0.2066515611508288 -0.2877841837060935 0
-0.2654628967059353 5.414958640847264 0
-5.170431419776531 0.8639664620616809 0
-0.0451176987023225 0.03093818012666042 0
-5.253975096582804 -0.7434298762123532 0
1.670813786586627 -1.535375781010496 0
-0.1928808824885841 -0.08604307201175306 0
0.01510320256131778 -0.04977879412248117 0
0.2718145126052509 -0.1782209982199456 0
1.585651945187056 2.631153636392143 0
0.2895401891790366 -0.05438752462308372 0
0.4286958924055743 -0.5248374503336076 0
2.962445119067734 1.641322125667816 0
2.894214012426719 1.870733057029522 0
-2.334014177995748 -0.8266437402294373 0
-5.089984098045273 -1.014874836887823 0
0.7827562746142308 -5.133420322971258 0
0.2835369820181952 -0.3651232063332985 0
0.2710685871364429 -0.3722354204854894 0
1.60513487693058 -2.357055496794432 0
0.237679870758695 -0.3136029725928455 0
0.2458493766198841 -0.3247682476851851 0
4.434588806888548 2.636510127014462 0
0.4767131359241883 -0.2369803027590793 0
0.2504384980571013 -0.04475421208300738 0
-0.1576857245148328 0.141695450861935 0
0.3888823231071566 -0.2667398866457767 0
0.3812811700699045 -0.2568851166898638 0
-2.949984927552182 0.09936590217395454 0
-0.2485386276417765 0.1415190034404829 0
0.4797556227963747 -0.4558361064281511 0
0.4889808512930001 -0.4650107152211566 0
0.4721046471527176 -0.4462480780309275 0
0.04275398757945041 -0.934596348483138 0
-1.295033503574329 0.1670914457704057 0
-0.1459583436365272 -1.26122018363749 0
0.0004327418397918585 -0.8723798877024906 0
3.428769707436893 -0.047948575242527 0
3.6623158281666 -0.02248068290366516 0
0.376638888623352 -2.846238261301087 0
0.3932950125339843 -0.2786953868157768 0
-0.02881902025881018 1.18014114178249 0
-2.942902497251331 0.4640285722030747 0
0.6400993742198275 -0.4947968520737627 0
0.6526935926418939 -0.5015313341615334 0
0.740528174739248 -0.04196089131413804 0
0.7179245306250086 0.0003108520190479926 0
4.742165507657658 2.641116893824564 0
0.9347292897549997 -1.569576446041346 0
-1.0793151998725 0.3780713336462227 0
-1.169813458070546 0.4559997573266212 0
1.694694874818587 0.4624459609466606 0
1.602622258253146 0.366253737221657 0
3.888174813975947 3.231559845257096 0
4.097056124313106 3.46424942426924 0
0.8925531928582816 -0.7591345890590748 0
0.9016904852328405 -0.7211711721918317 0
0.9329782484428103 -0.6576585109754524 0
0.712278937856053 -0.4465416784663281 0
-0.5028127177093257 -0.3464422908310641 0
0.5648007274794753 -0.8508437236722356 0
0.7491024194304735 -1.645159521689757 0
0.7613555292821769 -0.5102063454723446 0
0.7316654352415348 -4.579438484724093 0
0.4090317329650131 -0.2793870123411818 0
3.899775941372341 -3.06589664600128 0
0.8226650230302963 -0.5268191659279131 0
5.118525442397845 1.322681970105159 0
1.454364386239786 -0.8585160649007123 0
1.424146333522668 -0.9685459904178177 0
0.8811565291929249 1.105942821228979 0
1.010039020095702 1.083959241421436 0
0.7149514876231147 -0.6983319052224415 0
0.6989843799323214 -0.6833109259765108 0
0.6775246750905907 -0.687935502950408 0
0.6854372452230895 -0.6685998166089726 0
0.7052535491334582 -0.6629725675505898 0
0.6906705338958764 -0.6503152243141488 0
0.6737450748694125 -0.6547576930742345 0
0.6791886103548822 -0.6384219541708773 0
0.6633679428258067 -0.6419125123232527 0
0.6682037087213009 -0.6264575665065972 0
0.6506265583375527 -0.6307937807302841 0
0.6575010675689203 -0.6146863934886828 0
0.6560340470685252 -0.6580365172450616 0
0.6944162282937715 -0.6345441210459164 0
0.6728814269067095 -0.6123629119436418 0
0.6643643617314571 -0.6001647654232317 0
0.6487161909216753 -0.6032938115363956 0
0.6542177467463949 -0.5891467148769988 0
0.6403718483594817 -0.5925738539549126 0
0.644369412291526 -0.579951789221322 0
0.6319616623384441 -0.5824774841020016 0
0.6350270079465319 -0.6056110963863991 0
-0.937917331054348 0.820488935235718 0
1.418804508019325 0.2819629344338085 0
0.4694963948737854 0.4734589876804614 0
0.5106046344028689 0.4110083068437979 0
0.7092480877979535 -1.149948089501702 0
-4.839893125181962 -2.107326885028935 0
0.7730396575397886 -0.4710647736988363 0
0.8168906477735618 -0.7753111138546364 0
2.96050381724403 -3.842108593274686 0
3.137750161312363 -4.062422229687181 0
0.5877353194470288 -0.4455489704928415 0
0.6008482172732434 -0.4516274237520099 0
0.5752546367797023 -0.4432297452880222 0
0.5715751019375509 -0.4294986307519058 0
-4.065209360281466 -3.571356758825757 0
-0.07098021735454942 -0.01447972522344111 0
4.198207428664688 3.143421386137027 0
0.3878130461366107 0.05881195887589162 0
0.2626838400390871 -0.5315515156628389 0
0.2514163767530183 -0.1708981941588757 0
0.8832962902749135 -0.5960286316774962 0
2.759345006833139 -0.3633666360066858 0
2.6850822408915 -0.1593552254713653 0
-0.8246747228145579 -0.5473950029645464 0
0.6307721857039557 -0.8691021601707072 0
0.02867768028597478 -0.2995777320665038 0
-0.2838628269234602 -2.681258275202569 0
-0.1703172989933173 -2.858185657448827 0
2.496558469820908 -0.1351330960826509 0
2.618229154969298 0.03760534189388919 0
0.1228105274572833 -1.056178163811093 0
0.3501473895400086 -0.4480870954588225 0
0.3405239636432594 -0.4330978072359882 0
0.4156843820525752 0.5507845763687578 0
0.2845751853217736 -0.1766276826181616 0
0.2241694163333414 -0.128065115717444 0
2.073263919876325 -0.4146961704747034 0
0.6120020429804631 -3.836818650324563 0
0.1811733177235714 -1.654623102544285 0
-0.4197032561345888 -0.3533315183217438 0
0.4246153700161936 -0.1922451165786243 0
0.006542035423712744 0.03425965273008078 0
-0.009829596724066799 0.02732710386665867 0
0.02105342201555727 0.02350826660496981 0
0.005565871909634899 0.01623632276903256 0
1.701794209222691 -2.877566524844425 0
0.4588417369508975 -0.4471773786443023 0
0.363198962190088 -0.4627622807750918 0
0.3596809584531105 -0.4833032839590666 0
0.3769868513405108 -0.4735756351716359 0
-0.05682686542118574 1.057806119849194 0
-0.1653663411703488 1.122112570272204 0
0.1734467359450438 -0.1903600902094453 0
0.1581968796246372 -0.257730157023688 0
0.05219501889168445 -0.0008954273884851621 0
0.03688040552500086 -0.00339026567119367 0
-1.24134936784053 0.2721294314454775 0
0.02758860854897326 -0.06758835442105625 0
0.03218070869383418 -0.05372335222014641 0
0.8114748350236272 -0.552052249770687 0
0.8305297909738549 -0.5905498377432754 0
0.6778158381680233 -0.3888370745913251 0
0.8959327716472487 -0.8305660005749159 0
4.375637042539002 1.278681079273247 0
0.1432251187196775 -0.231876244713067 0
-0.2677903711753472 0.09742142647644128 0
0.6922630496312538 -0.4346223453571879 0
-0.2402756038378223 -0.596401560649681 0
-0.2045402141408706 -0.6619145531322919 0
-0.2428184828812104 -0.7231070326123805 0
-0.1756232577801057 -0.7240509468310621 0
-0.4704545611471254 3.784941185900459 0
0.01114182631237987 0.3364757991005335 0
0.3311393568828936 -0.4514078402459623 0
-0.05637910876134939 0.0582410116514842 0
3.050515025948454 1.388074880655349 0
-1.3539634877331 -3.132141896093739 0
0.1111688742677472 -0.2355051197341949 0
-0.6485973790190036 2.586684610492297 0
0.8267187552930866 -0.3301055937245235 0
2.803640170912067 -0.536054791933173 0
-0.2462760180543985 -0.8514437340855727 0
0.362119064459749 -0.6496461054659638 0
0.3080266401260273 -0.4090236886932093 0
-0.3911070711619908 -0.4288979131769483 0
3.69050400843275 3.854704664826588 0
-0.4622357662687058 1.324157831243256 0
-0.03578368024239051 0.008390846529902685 0
0.07730242635768919 -0.02135357431498034 0
0.07900087706549369 -0.03665121550860569 0
1.097727639654508 -4.83576226606682 0
1.261711991859039 -5.111162575472036 0
-0.1390993993519901 3.734048921565484 0
0.1947999022109179 -0.3032279747185939 0
0.07164319767362061 -0.1519673967092029 0
0.06502271875815437 -0.1687574627309271 0
-0.3488845515308246 -1.644824867454341 0
0.9961214321299924 -0.2372753693070686 0
0.2843364079602226 -0.7274646073359138 0
0.320176685481106 -0.7627193871822603 0
0.3152723291365722 -0.1928233354120517 0
0.3109046654611592 -0.2064595641838444 0
0.3002472929783135 -0.1974947028535988 0
0.3196588344190469 -0.2165451739577371 0
0.3318880936288289 -0.2165812546125617 0
0.3399805699497642 -0.2283254142495556 0
0.7605143451535787 -0.5887859935259634 0
-0.1900877210353518 0.305449632253122 0
0.2247946799621026 -0.3433464563675703 0
-4.016563552564682 -2.428799698225461 0
-0.04941152370174624 -1.529863385877762 0
-0.1573598661021507 -1.560571514377887 0
-0.2322461388388748 -1.467790645807184 0
0.3262585970937552 -0.2281031488290766 0
0.5708175122094514 -0.289177584916897 0
0.5650454045526208 -0.3156491537643788 0
0.5835384789320219 -0.3296147363351024 0
0.5502768722286788 -0.2971889803766133 0
0.6851544517497619 -0.6218645039918166 0
0.6863316694364006 -0.6069737143202096 0
0.6998460554113108 -0.6216924907918538 0
0.7077585994324987 -0.6305091497430693 0
0.7098232767587751 -0.6194278870489943 0
-2.698797217817095 0.8317119374570643 0
-2.576813169064119 1.010075744714037 0
-1.211736704161984 -0.243090626974934 0
-1.117983200540335 -0.3030226905571767 0
0.04394874337482534 -0.09340251334326038 0
0.04919114162167208 -0.07997236060771465 0
0.05762382081210098 -0.0910762234088023 0
0.06792599065193018 -0.1012682742493007 0
0.0654582397333925 -0.1157276712647821 0
0.07767677318846086 -0.1103179636787975 0
0.007528921202762643 -0.03918463508989679 0
-0.3450335804565171 -0.09111054469820871 0
-0.3372934933727696 -0.02466492151699673 0
-1.057367075111023 0.8020534579199456 0
-0.04023981629927533 -0.008575098629384936 0
-0.0182737392768413 0.004882365333025538 0
0.3081699089452142 -0.2187845101459776 0
0.6340363268047522 -0.4670801920327204 0
0.6196382374735807 -0.4638994737175892 0
0.6242995106264959 -0.4769429825982762 0
0.6115486340359068 -0.475444579147804 0
1.404583896137842 1.771318077696717 0
1.633010523461893 1.753651151867836 0
2.829713500216553 0.008835515460670466 0
2.737958610435214 0.2569778363075123 0
0.2210175031110688 -0.1402861834537225 0
0.3923738324542851 -0.1272357370165684 0
0.3874500401366293 -0.1525963496506292 0
0.3692305184707579 -0.135201776390618 0
0.3458307544975289 -0.1238716143418695 0
0.347081132270897 -0.09740662683537385 0
0.323597956587181 -0.107032606475958 0
0.7138651741294827 -0.5407577625570777 0
0.7122601805872023 -0.5560997269794199 0
0.7007479605570779 -0.5479453856972574 0
0.726442451653176 -0.5659133303492784 0
0.7126525046735632 -0.5696239120112538 0
0.04280158074531638 -0.06897510441406177 0
0.05387181958083279 -0.06886766802629671 0
0.2310949846732431 0.01787081405899137 0
-0.09199419110948198 -1.167235993329105 0
0.6378143535595276 -0.5715576229329684 0
0.625353711172271 -0.5708732071555285 0
0.6191217956710053 -0.5846522398496431 0
0.6109922094025223 -0.5738064324475888 0
0.6157593573245448 -0.5616979293324061 0
0.6022946234445489 -0.5641854051130564 0
0.6054258023638392 -0.5875349997586404 0
0.6075351907008897 -0.5525908004453022 0
0.5942946017730442 -0.55430168798946 0
0.6008564105442353 -0.5423125944803204 0
0.5873049219938835 -0.543217540596004 0
0.5821378896690751 -0.5546100389047015 0
0.574465615994047 -0.543906499703783 0
0.5797600033991631 -0.5329493168652149 0
0.5669132946929579 -0.5332588154519436 0
0.5732383006845909 -0.5235168203070698 0
0.5598106095872366 -0.5209028170065861 0
0.5538341616924916 -0.5340802114222812 0
-0.1774363975958178 -0.04982154548599538 0
0.5704361403309433 -0.5724793641298352 0
0.1921319046086098 -0.09390029138559683 0
0.179758894950199 -0.1023760380592447 0
0.7991666990181956 -0.2943999693148768 0
-0.276672792273113 -0.1812948894906464 0
0.7670462409738211 -0.6846537660457176 0
0.7521860007496328 -0.6718194774549138 0
0.7350755873580087 -0.6756334929241676 0
0.7687549419447104 -0.664404611885937 0
0.7400620370120485 -0.6583888183895196 0
0.7550464805933019 -0.6570581506520936 0
-1.59603785882053 -3.173385593703884 0
0.4813121189293513 -1.619526721305834 0
0.1924069641851639 -0.2105170164978157 0
0.1932999508801269 -0.1980114999930851 0
0.2541917926631884 -0.1417054571225279 0
0.2416625775899805 -0.1497034256988782 0
0.4311674274246349 -0.4341489737625027 0
0.4450477105251776 -0.4317642072206667 0
0.4367774818322323 -0.4218329977771035 0
0.42770252032547 -0.4109398262121722 0
0.4161755727598269 -0.4085468439704488 0
0.4490677384623942 -0.4196189060046319 0
0.4576985618372503 -0.4280224056665609 0
1.047623668715957 0.2000044969428635 0
0.9594965910894886 0.1927981854426301 0
0.5225907427210359 -0.2468037234187093 0
0.3909461553567247 -0.5346987455431209 0
0.4375748934325351 -0.2975530857461475 0
0.4450365402884155 -0.3093529087481824 0
0.4252358446913661 -0.29793884454092 0
0.4597904104042201 -0.3126045073952717 0
0.4554244229228921 -0.3262597432395832 0
-4.196020433822684 -2.684813364736833 0
-4.519805574095858 -2.68825391489205 0
-4.403398290421563 -3.051780611549462 0
0.05255920691633867 -0.01397621940324702 0
0.06137631825210735 -0.02224556631573925 0
0.5452047977553803 -0.9313362688180382 0
0.1321978204167754 0.06539340320555455 0
0.1287559706401575 0.03906556603556083 0
0.1475176254199467 0.02375677481923951 0
0.1089153036944668 0.0555265799095677 0
0.08598257263881517 0.06248593894924474 0
0.08372343792163919 0.08819503628622838 0
0.1716693867003001 0.02918493021314891 0
0.8828197886283888 -1.322310369636832 0
0.7985686474593481 -0.6721428147152687 0
0.8029900925055072 -0.6493097621311714 0
0.3082185707820886 0.2739428219864877 0
0.7738352023582808 -0.6151544396858145 0
0.6176394964067371 0.491398359202148 0
2.017102771881279 -4.304387708373648 0
0.3745607907820648 0.1415371040915122 0
1.796105816414161 -2.370174876197027 0
0.221615590169466 0.1338205578314371 0
0.2533427614630218 -0.2635855735616804 0
0.2650500239535204 -0.2630012092264857 0
0.1302508133975841 -0.4126796925399667 0
0.1667715192182209 -0.4139204766696256 0
0.1374457919502994 -0.3786904337570499 0
0.1164037707817807 -0.3575743345006229 0
0.08249638942874671 -0.3529049916581669 0
0.06220039027914633 -0.3303691074884768 0
0.1821610343238498 -0.4380255787708638 0
0.1422894752268969 -0.06101593290519298 0
0.1532214415901958 -0.07137975548649467 0
0.1286823070019197 -0.06447847162162196 0
0.1175025254082069 -0.05552540422680557 0
0.1394767920762509 -0.07575957866417456 0
0.1506023417511937 -0.08468154091356901 0
0.1618729597446445 -0.08177338570275093 0
0.1181761623287189 -0.04300440817982282 0
0.1592903196583366 -0.09312003652689008 0
0.7625778859848179 -0.0940667905249829 0
0.7606057049452843 -0.606332794900507 0
0.7468341967996911 -0.5978764748733916 0
0.2900922641279159 -0.2997710270329286 0
0.2815949903143872 -0.2887323741850467 0
0.3036625703598231 -0.3020447272943798 0
0.2678750973042939 -0.2878788641011086 0
0.3100052426491042 -0.3111569427625068 0
0.3214617135815511 -0.3120421597258519 0
0.3160504679489129 -0.321149887780896 0
0.6477305292025992 -0.5702318654372891 0
1.427783021373436 -0.6110262074788714 0
1.440005981928137 -0.5196779042808172 0
1.357383184561362 -0.4732114992787753 0
-0.4290400804130128 2.554016834925153 0
1.31637879078281 -0.9783289219030631 0
1.376354986593222 -1.058998359775344 0
0.1427974888547009 -0.1637707886486075 0
0.1334569463340534 -0.1529396954202072 0
0.1550178979328672 -0.1640213098871974 0
0.1202328725205379 -0.1534252208405065 0
0.1275674143201372 -0.1432458028596682 0
0.6374177625942662 -0.3475934294867408 0
0.618020714671914 -0.3314529551861978 0
0.6131761423521989 -0.3578337054782181 0
0.6333002277622231 -0.3765967160412112 0
3.282794898262427 2.554519381593665 0
-3.58038357580285 4.131437294707128 0
-0.2000534935375108 -0.1832296739104637 0
-0.2300637694388769 -0.1512759931838054 0
0.1774589739511958 -0.4721365180164602 0
0.2153981113662475 -0.4730381281575952 0
2.175495144662154 -0.2718724772945962 0
1.922777622294963 -0.3331575743429017 0
0.4880305235659561 -0.4807072466781006 0
0.5009665941368507 -0.4732976115439668 0
0.511362119842973 -0.4834813053772231 0
0.3281774827376849 -0.339282809866145 0
0.3428959216621582 -0.3382303889761383 0
0.3467421486688725 -0.3484079047053822 0
0.3460045000615285 -0.3612335159665382 0
0.3608288065062319 -0.3632289787794268 0
0.3698869590853013 -0.3737226968540911 0
0.3819500384513413 -0.3760236092356511 0
0.3910685754573449 -0.3845896395756968 0
0.2094290634340353 -0.2328422688448319 0
0.2182233645737609 -0.2418107807908284 0
0.2126241531559373 -0.2196126001176519 0
2.880658290199635 1.203939470982321 0
1.75270137483349 0.3136513654283507 0
0.08471461432128422 -0.1992768184231052 0
0.4902448811997481 -0.3403447254123362 0
0.4965568704239343 -0.3540311388746964 0
0.5121962985274285 -0.3568839072181562 0
0.5163747606571144 -0.3731902572313082 0
0.5016554619805108 -0.3691135197674693 0
0.5331847626489359 -0.3755894440901888 0
0.5378854047011107 -0.3919581075377776 0
0.5237639933773208 -0.3870526585799818 0
0.5546632202127992 -0.3948664913359751 0
0.5590169967581864 -0.408937292867049 0
0.5455601314683944 -0.4054295642286572 0
0.5484670787764021 -0.4175864429570001 0
-1.348086425220508 0.5171401810238544 0
0.5140822234188448 -0.6682689503594812 0
0.5471363183583947 -0.6611867419847312 0
0.5243467858307979 -0.6448580159010211 0
0.4950923215737025 -0.6438984538101183 0
0.4975465250098573 -0.6184474654060741 0
0.4833369171255062 -0.5969320848616745 0
0.5207210541442872 -0.5185479607533389 0
0.5357011187071641 -0.5154380347247184 0
0.5261852302263959 -0.5046237986439368 0
0.5399896564381088 -0.5022214152466633 0
0.5307679645317823 -0.4928230808604036 0
0.5099458990310497 -0.5057637814783069 0
-3.684286014806813 -2.467847424895454 0
-3.476160886174516 -2.251719075646208 0
-3.185306018082053 -2.304291136908347 0
-3.269345352564101 -2.027595141693311 0
0.6211424395536562 -0.6302214329160183 0
0.3414884345041362 0.5308046751344272 0
0.4548964381262622 -0.5997362420061203 0
0.4661205956851856 -0.5766039836472991 0
0.4425414430209487 -0.5770953520815322 0
0.4538250813161159 -0.5576035839901179 0
0.3100930606988041 -0.5861449359389816 0
0.7921750186705443 -0.8623490253171854 0
1.661000274266501 0.01688612572308929 0
1.564897368837946 -0.1072051784291079 0
0.6677156682622039 -0.708798315722081 0
0.6556743150352479 -0.6894771301624322 0
0.6410838385955725 -0.7067033979124886 0
0.6334978821698416 -0.6836696794791408 0
0.359276905659373 0.09877034796759876 0
2.199122137042687 2.439211531250191 0
0.2771613853598195 -0.02131250024629922 0
0.6787703382688065 -0.60002987704175 0
1.583664599855322 -1.736231521625354 0
0.7510702531428053 -0.2809520424337489 0
0.7119158095136786 -0.2756538236014039 0
0.5283859019272712 -0.02678510537886371 0
0.5164094583467055 -0.06767280612702491 0
0.1602315355850096 -0.1899644041522001 0
0.2959041199943064 -0.3949950642179896 0
0.2148128479132402 -0.3021001289617434 0
1.987994328500793 -2.339305632933478 0
0.624214140393499 -0.1161156015877972 0
0.6438131636075847 -0.1652702894448861 0
0.5139935314376122 -0.7976090301227887 0
2.53372081558387 -4.711297039833494 0
-0.0811217992208607 -0.412501589134797 0
-0.03946803878902061 -0.4486049936958963 0
-0.06759732187993117 -0.3711899033366001 0
-4.687955794488567 -2.925941919714443 0
0.7233284471948082 -0.6632158465563641 0
0.7271160661213522 -0.6470154700666563 0
0.7298978189355054 -0.578140279229887 0
1.640881903919505 -1.061773340584159 0
0.2018481664762398 -0.2608676381551683 0
1.906906407967386 -1.729641618858828 0
1.989949283500048 -1.595222443548943 0
1.809556536038992 -1.594673159904525 0
0.02898166679726171 0.4017815696886617 0
0.7638654494912509 -0.3190806546002567 0
0.6730722384427724 -1.225492883815438 0
0.9719320911574783 -0.3009269453937214 0
-0.5828825311170982 -0.3373909449316421 0
0.6655551778133144 -0.4952351991662316 0
0.6652498627492975 -0.5097957394866501 0
0.6749436828652973 -0.518885435370428 0
2.576609821668038 4.238935023768047 0
2.777840856780854 4.500125687338182 0
0.5489097479045431 -0.5119490875246806 0
-0.073404680342948 -0.864190392542425 0
-0.02676889185479648 -0.8024214613108239 0
-0.09626556309800618 -0.7943615925245642 0
-0.2678718983501041 -0.5268740955768482 0
0.4609147020195573 -0.3358289096806678 0
0.4505105684027989 -0.335391175724064 0
1.415094460730611 -2.368623571337444 0
2.158103582112754 -1.581992763219391 0
0.5724577167068141 -0.4147258403266845 0
5.143399154079002 -1.904072409020996 0
0.4830855065153426 -0.3514881639649385 0
0.4713152397759897 -0.3519853463602763 0
0.6355838888162364 -0.6406927663132364 0
0.6367921185558253 -0.6596000904010828 0
0.4496529980450076 -0.5214567155177887 0
0.5061749281841307 -0.8895168613205825 0
0.614967779339179 -0.6703263177232186 0
0.7462209922547448 -0.8791747022206687 0
0.7548365797692794 -0.834581249979381 0
0.7152883154257951 -0.8467942834435429 0
0.009357135815977404 -0.448159061874924 0
1.026095140584189 -2.371649618446322 0
0.8657585714306892 -0.08252856290552069 0
2.105290984739042 4.829350392947066 0
0.4305326973089287 -0.309920786726824 0
-1.180240405871082 -0.5856193144708981 0
0.3408722250800665 1.257028452292912 0
-0.4006714328712352 -0.7343904866427882 0
0.5476124456759036 0.1255914005271199 0
0.3542240544125832 0.2293921999507911 0
3.472871165912853 2.784556322301467 0
0.7047374223867469 -0.644979624019435 0
-3.579283888147865 -3.898084111771047 0
-3.245160772084319 -3.893474376002042 0
-3.406618667885766 -4.183505997130975 0
-3.081982971595971 -4.200491149065773 0
-3.272773066491272 -4.487944971122532 0
-0.0003154899293560405 -0.1432268522289393 0
0.1766569645543999 0.2236079059940568 0
0.2043062703543311 0.1910061413184148 0
0.07939093315078866 -0.5794059510177748 0
3.046828659215635 -0.03281725759089653 0
0.6656662121318412 -0.5886782671201276 0
0.1940346392901846 -0.7099178201452545 0
0.2416866478558597 -0.701543311817483 0
0.1561832668234653 -0.6663966731787567 0
0.1598931938033602 -0.6176279892320446 0
0.658759582592279 -0.901595496797766 0
-2.778146917399194 1.024150448041469 0
-2.461432063429508 1.222815406496712 0
-2.52684593656041 1.46336056887272 0
-2.401094312947653 1.692926526547983 0
-0.3976763240044592 -2.855669308278346 0
-0.4034484033810701 -2.513777897890884 0
-0.5987750436061757 -2.483824537029866 0
1.434377852385415 -1.757427505971593 0
2.905373816496987 -1.53025986023901 0
3.001375830623097 -1.337046674695566 0
2.882491181997195 -1.151470863383233 0
2.970158486617092 -0.9440392394527001 0
2.777214970202116 -0.9813331086269521 0
2.853031988869676 -0.8015333806637917 0
2.441102497686215 4.782349873896003 0
1.929545990503941 5.121721373688941 0
4.09605932784851 -3.280454025971943 0
3.953275246827523 -3.617411172160332 0
-0.004898114281514582 0.2859962447735555 0
0.02981041696785878 0.2484601061583367 0
0.0823047834963241 0.2598709576864592 0
-1.05698570115698 2.067150028359163 0
-0.9999648316493293 1.882865469890579 0
3.204247652409571 -0.9110516436429434 0
0.7255055967108406 -0.8081881997900667 0
0.7562152571312281 -0.79491788802541 0
-0.6290529212100704 2.017028854958319 0
-0.01002000639504442 -0.01340278631589249 0
2.481488528414901 2.39763282349599 0
-0.6037386245749025 1.301422527726711 0
-0.04013341686128596 -0.07500356928501054 0
-1.520483175653553 0.2440206568149417 0
2.368594884385982 -2.489843371546003 0
2.450844350335605 -2.322032429561194 0
0.3247699590198457 -0.8347115305986303 0
0.08686830644212093 -0.04351489051025857 0
0.435634202907972 -0.160913572469637 0
0.3723387995896992 -0.3628138769346787 0
0.366565654750209 -0.352455755614104 0
0.2483605930544645 -0.251844082287394 0
0.2352885365713835 -0.2511123518486651 0
0.1806596008349381 -0.1163297657861809 0
-0.8322091847915534 -1.231811072216219 0
-0.7857552575266726 -1.095464966963107 0
2.158046179437188 -4.635653612541544 0
1.982580132942351 -4.888652043869864 0
0.6129631995701239 -0.4414484747904596 0
0.6994559408163716 -0.7831312339118555 0
0.2327510426752405 -0.1383865243145335 0
0.2280346804652934 -0.1506773914731355 0
-0.4318764482096238 -0.4978170697153707 0
0.2321471150531408 -0.4991357469502889 0
0.2706736347767613 -0.7788388100432844 0
-1.773248453665334 -0.8999207664923219 0
-1.59385163098265 -0.9196278586257419 0
0.09998175881186552 -2.366049141790594 0
0.009814606877314065 -2.212042630071737 0
0.1949530247023913 -2.217478127633272 0
0.1233437757269066 0.01636772543531026 0
1.571951812738645 -0.8069146359077375 0
2.668803901897903 -2.257778553306093 0
0.5962442051884463 -0.1573677622929375 0
0.09898837805679966 -0.1186716996640654 0
2.207646061877175 -0.7426002913309103 0
1.012817722071032 -1.735176388604904 0
0.02196984316269251 0.6858613693906638 0
4.268323536750193 0.9583356144661686 0
0.7988743290320663 -0.8127488266435541 0
-0.4528504607102275 -4.106308344411552 0
0.5493076606715674 -0.6372171228375705 0
0.4945625358112376 2.982559449246697 0
-1.582405007769079 1.414078330686931 0
-1.402893529066113 1.380311323046112 0
-1.294306870042449 1.516108990212203 0
-0.3166891997366917 1.350323979084315 0
-1.958440877360044 -3.58950088916709 0
0.5205709730249837 -0.7576453684528162 0
1.471419897533562 -1.266692690058128 0
1.340677347071504 -1.232834627262665 0
2.079843246361214 0.5991723046233985 0
1.969239538897785 0.8026491424730049 0
-2.239937338465344 -1.803579790253035 0
0.386559537756599 -0.2442196737715924 0
0.3706562374992944 -0.2429887986194355 0
0.3678946858370267 -0.2561048993254688 0
0.3594115548735343 -0.24708822494771 0
0.3602440230282629 -0.2348026305115767 0
2.223888589779912 -1.43389767032124 0
-3.131979569784567 0.6539458268048048 0
0.3861854808441526 -0.3987021466082963 0
0.3992063369513691 -0.3963745783198008 0
0.4040727663191579 -0.3850599853822415 0
1.596379336117591 0.149131784705121 0
0.1653147512189729 -1.124165243180723 0
0.2251541920878784 -1.189125235170102 0
-5.419149035072238 -0.4493872611880906 0
-5.230083712684946 -0.1636495719166237 0
-5.416281098026787 0.2208135943941888 0
0.5263649629454032 -0.3977909313807624 0
0.5169565451404687 -0.3965688992873647 0
-0.401410616731814 2.878837267738118 0
0.7259619058378557 -1.074975028697311 0
-1.932816250150463 -0.5464065769516435 0
0.6559115058171323 -2.369225062557137 0
0.46802183230476 -2.371833803975339 0
0.5602538696139904 -2.223347342111473 0
0.7301062715310358 -2.211974597990727 0
0.04208563090120082 4.008904345974481 0
-3.864993897180918 -1.070257934619041 0
-3.569756915946069 -1.089972223842366 0
5.392329320892168 -1.638871607748794 0
0.06650796058479343 -1.680732968855672 0
0.9152291427637593 -0.3600240955127471 0
0.8881771995407315 -0.3973831613370131 0
4.20460124465791 -1.866417432352069 0
0.9751830637969856 -0.4596154555041929 0
0.07022694464757691 -0.0886164439164781 0
0.07975523393353533 -0.09685248161682417 0
5.270442454552451 0.447999028937098 0
-1.052091693057197 -4.10537762190087 0
-0.903029789110489 -3.853960420735028 0
-0.5786037081747574 -3.866271274232812 0
1.32034687200296 -1.434863538000919 0
-0.01950663862681183 -0.1153757872879582 0
-0.3276548919709451 -0.4330541293197339 0
-0.8767366201205419 1.149181332400499 0
4.475945223592688 3.403118828849029 0
0.8711535065025806 -1.416138337789697 0
-2.017764353276719 -2.222878725183833 0
-1.8753394134964 -2.023804465510258 0
-1.79005865917092 -2.22453961593548 0
1.501413622981065 -1.052515241868648 0
1.587039984416029 -5.16385971446122 0
1.393008087580888 -5.424941733516642 0
0.4306519189966641 -4.051146434504153 0
0.1370648061021144 -4.09931119021549 0
-0.02530848907488749 -3.871359390911161 0
-0.006288708317993844 1.323317890651752 0
0.2795388154231065 -0.1885740254075288 0
0.6100102709824966 -1.749814880154007 0
-1.742922869430136 -0.5751346196617205 0
-4.142266640933688 -0.5322470446682849 0
-3.833183522957603 -0.545878490246689 0
-3.992566912030799 -0.262705305952678 0
0.411267796164432 2.019154919317991 0
0.2866188526994594 1.85685010729863 0
2.377638139914047 2.664523144765838 0
0.7207780958609384 0.3304551318556006 0
0.6251913968609201 0.3300669998480346 0
-1.618647678056325 -1.229532696518789 0
-1.533925905366935 -1.393092990633169 0
-1.431546357335585 -1.24391816780934 0
-2.080568812524235 2.115122244921921 0
-0.6907306112691037 -0.4690273823394574 0
0.833875835542401 1.962687665899769 0
0.7583243865434548 0.5894445821230064 0
0.8639664584189488 0.5994422001448175 0
0.1317001097500184 0.7107382509058375 0
1.461424610831324 -0.06747853658628325 0
2.573501415834803 2.151221135425797 0
-0.1804410054421664 0.3710647204767975 0
0.4394806747193341 -0.01757443027323942 0
0.4154201343558905 0.01635473180607486 0
0.5718729015702944 4.203070473674114 0
0.6718023089909264 3.920196900385837 0
0.9981724447550571 3.840561331950329 0
0.3654412838248716 3.970088370352411 0
0.1795357945149157 3.731728849821174 0
-1.312584591299313 1.725135871423492 0
0.2272247223420153 -0.2604858200028482 0
-1.83736756107253 1.086860017125036 0
-1.747200391912301 0.8964602643202464 0
1.212127813798152 1.770269644214896 0
1.045528169590095 1.70395418307623 0
0.02795410733908645 0.003642861535628914 0
-0.8719141062992658 4.136975860199945 0
-0.9319676970619666 2.918883515333098 0
-1.191251255289466 2.943260947467178 0
-1.338192572060812 2.724353884580145 0
-1.640935626443943 2.731574783172005 0
-1.66370961331719 2.498530812038942 0
0.6898424791659283 -0.2385934651311538 0
0.671067849846676 -0.2019339844705022 0
0.0822578799603246 -0.1412281998238117 0
0.07669857235006231 -0.126375855843652 0
0.2215218352091076 -0.2295089601046585 0
-0.10381029221189 2.246387581236405 0
-0.1857133076408696 2.09119831922985 0
3.355867396167764 -2.337866774371401 0
3.509835812282621 -2.570007883990517 0
3.123761692387799 -2.310324478261975 0
3.21317698244142 -2.566429741811985 0
3.874321780673844 -1.858342424614265 0
-3.579583380380031 -1.585109613863537 0
-1.798738565746291 -3.31171105804213 0
-1.988610715403299 -3.07961746684783 0
-2.242345301820266 -3.09530913801833 0
0.3788827967437104 -0.8275329206837168 0
-0.6091936925274443 -1.160309325200268 0
0.4030679258968644 -0.1699405357573528 0
0.3824020122639955 -0.1754410462078024 0
0.2766185861210347 -0.2778822612359461 0
0.2869727907626256 -0.2809585309162466 0
-2.898422566112045 -3.913496226549107 0
0.2880417997212298 -0.4142744970691857 0
-2.457244184852055 -1.368134980394465 0
-2.564466680845294 -1.159731064195485 0
2.522230622858505 0.2311389233347212 0
1.932694081542298 2.494980040380292 0
0.4213247994112561 -0.7460350743086935 0
1.462562438109729 -3.212551576615354 0
-0.05597234767779256 -3.035818879048416 0
1.020095445257061 2.895416758643116 0
0.8531831432179103 2.698019151325036 0
0.5618633613920161 -0.1465219170956986 0
0.6549501313857152 0.5859288950089769 0
0.2818536792115408 -0.5586107929608992 0
0.4174573920998594 -0.2670995535055236 0
4.453683500929872 0.6991622538146431 0
4.140666081937763 0.671412609396645 0
4.018528696974256 0.395612640449987 0
3.850591830286172 0.6169039688227769 0
3.729972036484535 0.3746211093731643 0
-3.807005720901391 -2.145812160435106 0
2.244693028333883 -3.137559697555083 0
1.964199476425318 -3.135542339902749 0
0.5066913760473922 -0.3789390200611342 0
0.6718241895550391 -0.8536918795382811 0
-3.014895543704028 2.963222954154544 0
-2.877758407064889 2.682609222500457 0
-3.033892825165053 2.438741180024234 0
-2.715573503690405 2.928544559846066 0
-2.831632789632449 3.217697741878565 0
-2.533933578757969 3.143763333967454 0
-3.339083322250127 2.451643041859205 0
-3.525071719915335 2.18768610449363 0
-3.401963134083189 1.900614505702423 0
-3.578413335883393 1.643979214471737 0
-3.863609860143865 1.66113174711579 0
-4.035239564715718 1.394893620664635 0
5.164395556294182 -1.302262279593639 0
4.960953261159519 -1.048695103397024 0
5.281353040226439 -0.9883502103401252 0
5.05760723238825 -0.7524229332922699 0
0.7214145180630496 0.8841348744771369 0
0.6660792151903463 1.002703022159572 0
0.6199036625409278 -0.5502296644506323 0
0.6257505401517263 -0.5590972394398763 0
-1.0566105857932 -0.846604794834973 0
-3.440197502746284 -1.337945126056505 0
-3.302106453392827 -1.57215937725767 0
-0.04985618813093944 0.3371833459939784 0
-2.873640341015451 -0.5044256526594323 0
-2.761140797261907 -0.3098234484760596 0
-2.772965669020881 -0.7273971369152658 0
1.193525285202689 4.104673687184534 0
1.512984809746998 4.060419731365993 0
1.646479130609623 3.775038400709925 0
1.215682184003109 -3.224697438003629 0
1.10156367038317 -3.014321231154555 0
-0.2752621418650562 -1.183258556271193 0
1.103847106724979 0.5967749967637754 0
0.3779402314819303 -2.226541469427429 0
0.2313484529748112 -0.2376104286257585 0
2.882737922528414 -2.88730548119884 0
-0.105868170265539 0.3801211574055204 0
-1.381650421757833 -0.06296785411073895 0
2.794517808812431 -1.359286861878378 0
-2.075819552294523 -0.182389952756139 0
-1.894764071838066 -0.2397277215963224 0
2.08325253648491 1.564748341172956 0
-0.3842522110048349 -1.395407909143699 0
-1.826703196736204 -0.406668656359693 0
-1.070800860076457 3.898354439092046 0
-2.908693283481292 -4.504361987040508 0
-2.593202862483118 -4.679405505327881 0
0.5864450724589541 -0.5701967177881317 0
2.664652489854937 -1.182284075527902 0
1.183979281268091 0.3880047333721229 0
1.440169454394652 -0.421260927656385 0
0.1153040851756711 -0.06823272220538483 0
-3.443642404214633 4.455127323620983 0
1.89395057759135 2.008072719375575 0
-0.5347049921747896 0.4990690751010672 0
-0.5623021173462903 0.403580345609341 0
-0.6606570093081299 0.3781880794033748 0
-0.5908649857887933 0.3095727411868063 0
-0.6837187179795077 0.2822742908436144 0
-0.6127763083168117 0.2196458839665097 0
-0.4685962408232253 0.4275246873170114 0
-0.5230599109883649 0.2416028024723004 0
-0.539856120105293 0.15554934992627 0
-0.6273216097138622 0.1274223081855007 0
-0.4414628241401074 0.5204647128730895 0
-0.50150892428573 0.3289738374455373 0
-0.7380124517950077 0.4507742355401015 0
-0.5012365580539498 -1.649152765912882 0
0.116440594147309 -0.1291780804300354 0
5.036326533136053 -2.614096461402737 0
3.891291765873336 0.1428219057828978 0
-3.28557817609782 -1.112505473226565 0
0.689023672770817 -0.5974155510084109 0
4.182757456393245 0.1408927243403553 0
-0.01368485241341199 -0.08217451097110781 0
-1.51807008131013 -1.076203242063996 0
-1.518208522838806 1.22995190723079 0
0.7248334260732602 -0.1317908605101371 0
1.026593819927704 -0.477344766097036 0
-2.438731316335206 2.868409798345477 0
0.0389642104629165 -0.531448082864455 0
3.930601317189472 -0.4134140789676706 0
-0.7824981825714916 -1.378137377226443 0
-0.3053133158852012 -0.9233005815020674 0
-0.2106293654246027 -1.673768612419201 0
-1.300160505069234 -0.3400108109698997 0
0.5337194549223423 -0.1012912644203067 0
-1.347036580209814 -2.296349400443428 0
-1.42505937599455 -2.100900764347629 0
-1.229267843441208 -2.127209716023297 0
-1.093287574896853 -1.962388550907069 0
-0.9449479144549575 -1.889459979619193 0
0.4513666375578695 -0.4594628426362168 0
-1.208615014881484 -3.865049608566862 0
2.368989253622581 -0.2983578733947346 0
0.1971320937128531 -0.4095023785262126 0
0.4876668560927978 -0.3650329994322015 0
0.4924173954718438 -0.3748741463070847 0
0.2299232370476294 -0.1148403998068557 0
3.305549804032809 1.306720265675866 0
0.3274242976340122 -0.3208397841659317 0
0.2908490249213812 -0.1639913167623229 0
3.768506839589171 -2.78345218212038 0
3.9552346442872 -1.351237620948075 0
0.05287705282493555 -0.1540008369857723 0
0.1691274945337284 -0.06802794767831354 0
0.04611669447516138 -0.1742750504817924 0
1.824308223450516 2.761197397537871 0
-0.7112162562059566 0.07131551297733771 0
-0.2869476449729481 -0.09807118041223901 0
0.5423953738936903 -0.4901806809339345 0
2.112054932537254 -0.883198380682628 0
0.653463519953918 -0.5145430017067987 0
0.6633936590513898 -0.5221399846575309 0
0.1397918797816708 -0.1431983252710599 0
-0.7693733326365912 0.3469984094390117 0
0.486999853848658 -0.5738179376273079 0
0.5761785886595545 -4.325827272344025 0
1.163119551423945 -1.73843687541418 0
-1.684554438626302 -0.7556302363165377 0
0.001002190386045941 -0.02858130493023272 0
2.244988231836615 -1.727033593153754 0
0.1437534495943437 -0.2701360056066655 0
0.5984121578197338 -0.6025110992025402 0
-0.1719255550231841 -2.215681492066467 0
-2.538704004714427 -0.7432229475200123 0
1.183679656180872 -0.3384913812827023 0
1.194371678511935 -0.4126610155960663 0
1.272327532710144 -0.4400836368367705 0
0.5929673079752011 -0.5310688824681242 0
0.3158961408511914 0.09391034324581439 0
-1.09947922679447 0.6777768458821388 0
0.01134191580965065 -0.02837097625325713 0
0.439056208061175 -0.7111738332873601 0
1.129124856590615 -0.4577898934744105 0
-0.06728358327890602 4.300421442961855 0
0.7389002503162941 1.116436947911597 0
-0.2854843678336177 -3.037726383899644 0
-2.252287049310775 3.529516378057723 0
3.267640000473588 0.1377127462305525 0
0.1028849725157699 -0.3291620316804237 0
0.2940858164256245 -0.5283211627073489 0
0.1682219459959978 -0.1790302780224408 0
-4.999700814550599 -1.809497863062879 0
0.8198598381777583 -0.6375654527530056 0
-0.0337464706435909 0.1145964190661536 0
-0.3032610427215786 -3.872025523091934 0
4.154494330254542 1.897701063938094 0
4.842461045862404 -2.349718044990719 0
1.009203938734157 -1.113933470886715 0
0.9293857125654279 -1.127253473128664 0
0.1610879014849208 -0.2405174258930421 0
-0.1148411749635415 0.8425692669432903 0
2.632677362203541 1.271101657565064 0
0.08983360491744449 0.4156787317565696 0
0.6143408347615964 -0.6992165736962548 0
-2.25333923897766 -1.371780146928063 0
-2.121725819234008 -1.581635442895544 0
0.3795297938200101 0.01841616091049373 0
0.1708116215859266 -0.09107357144825609 0
0.1664344019600076 -0.1034173985372979 0
-2.60414244118228 -5.052135894836987 0
-2.303753377505048 -4.870923896829014 0
-3.064670026478256 -2.57077866146059 0
-2.904024580097778 -2.361710428307328 0
1.260031134483413 0.3087496595233797 0
-0.2656162568278854 0.02461388952035172 0
1.520970380842072 -4.082260027160958 0
1.233242214583607 -1.624175772110406 0
0.2425321289438849 -0.1637612333285898 0
1.316809699003733 -2.226811393838496 0
-3.936307782671295 -3.850725339822574 0
-3.223131489071429 2.18869245018626 0
-4.376756224990473 1.40100608464064 0
-4.041577474868097 1.094688921855418 0
-3.778680090376732 1.225893403077715 0
0.2294460549802474 3.017745227255632 0
0.6137077905170422 -0.5999032198535611 0
3.093001034913069 2.283399172244649 0
-3.184735652017727 0.1466043753563772 0
-0.8724870679376666 0.3102508542066362 0
0.6036220938884835 -0.5310824763907146 0
3.016582295469439 -2.093105699779342 0
0.4964157569541132 -0.2491914521607299 0
0.1106007969595506 -0.1201721201293674 0
0.09525996313628306 -0.107597880729796 0
-0.8556311546499317 2.677303175068518 0
2.141055482005203 -0.08776730541414615 0
0.5190239380653419 -0.4938815927860428 0
0.5221594783180672 -0.4834673100344259 0
0.5151709403452512 -0.4724903075573597 0
1.848815134350291 1.610263665694516 0
0.7339670542337592 3.641857759067979 0
2.066034725239679 -1.45709744305539 0
0.374024154898383 -0.2663886439812636 0
3.802894683598546 -1.558401168159075 0
0.1468691959996384 -0.3531593783621195 0
4.512837929050665 -1.866526183340145 0
-2.505625996927737 0.06324010564648475 0
0.7355978122506324 -0.5874809726260495 0
2.518512453197557 3.684540733659081 0
3.430459763347727 2.287105005817029 0
0.01631343315954145 0.2043371363162103 0
-0.8962435999620162 -4.896280762570376 0
-1.018421880318295 -5.249559783885251 0
-0.6957673994993195 -5.162798334982204 0
-1.387692613288289 -5.197166955750149 0
5.262240010861281 0.9655508395153438 0
5.423128796359032 1.560234862029291 0
5.602478651965317 0.8567936420377819 0
-2.632827928325387 -2.400621059287517 0
-1.637902133628046 1.075704613716342 0
0.2995286324525758 -0.2098838909126705 0
2.181093704320919 -5.213336294050385 0
2.850213396216517 -4.916257334873464 0
0.03776849764831657 0.08950909652833941 0
0.4972085147806864 -5.682551164512319 0
1.259288739133729 -0.1130860622371041 0
1.321042433194076 -0.0193171037284187 0
0.953474064126919 -2.242583790805337 0
1.098344064020565 -2.215307588904114 0
2.327598174701573 -2.174433441461972 0
-0.948462727409618 -0.06307396358726219 0
-1.634787139578959 -2.093106256799956 0
0.340776562694122 0.06322224798107731 0
1.178542960171882 -0.07314364158231695 0
-0.08568794145657532 -0.1893244193241266 0
0.2135380225046836 1.292425863742345 0
0.6269783640099158 -0.4903569058806714 0
0.07117705289336913 -0.04428979223086769 0
0.05598110675176157 -0.03238974996077172 0
0.04166744801020964 -0.04990353414478811 0
0.2155027257580723 -0.2081101687086503 0
0.2050599851079049 -0.211018048097631 0
0.2264233171105662 -0.1643183867334381 0
0.3535615050005081 -0.3330970765593929 0
0.3894318945379399 -0.290348410960527 0
-0.6984041981815189 1.850829684891153 0
0.5502241198940795 -0.4352741027434111 0
0.5408317277643416 -0.4788025579879032 0
0.5240964995868046 -0.4664663635029016 0
0.5648567181829467 -0.4479441968914289 0
0.4700857003919184 -0.3625646394756709 0
0.4391971752889042 -0.4005270696062448 0
-2.133253429633399 -2.857740218807316 0
0.7099981545333272 -0.580354822194915 0
-1.370212537406936 -1.436291548791195 0
1.898101604311132 0.5920639566753156 0
-0.1373006997139706 0.1011720661588284 0
-0.09861286151099342 0.0952071783215598 0
-0.1757194840632584 0.1863475218875547 0
0.5982307234092843 -0.3743641458670744 0
0.5109803871782168 1.257292438042497 0
-0.1780993325323058 -3.647724784849735 0
-3.25148212323055 -3.325840207678671 0
-5.483603547941021 -1.511540726629266 0
0.1153578425506396 0.2254043689722116 0
-1.877577942909499 5.357506883386066 0
-1.935234616968759 5.013939315806352 0
-2.246868250979224 4.878493345121811 0
-2.534685821992899 5.069291176789175 0
-2.85791244148237 4.892098186484257 0
-5.546260190634157 0.909174991879386 0
0.5516189422504998 -0.3334194967913208 0
-0.1106966646030458 0.1437805741159633 0
-0.5710416619498104 0.07882123340502464 0
-0.2962001372345129 2.258541803206068 0
-5.455804353922368 1.6264459173603 0
2.233350892287782 -4.109862617692709 0
-4.237970453077478 3.787694641646362 0
-3.900196332713672 3.665308577747031 0
0.5779120209910469 -0.3504208268627082 0
-4.196292445646788 -3.282452043530109 0
0.5603829572212886 -0.4218755999086073 0
0.1408881912072604 -0.09849625822060631 0
0.1253934493004485 -0.08626268831564818 0
0.156562498212914 -0.1103055192073162 0
0.2667034439131702 -0.3407186126486278 0
-0.1812512238403701 -0.2971203093158846 0
-1.893762643126188 0.7345357161679361 0
4.153555524583172 2.774651655958372 0
1.160643260605725 -0.6987176853871698 0
-4.22625554481724 0.811028980865019 0
0.4775164289515837 -0.430385980402014 0
0.4613806861309767 -0.4182301882813074 0
-0.3297101027594218 3.571221058430334 0
-2.925811131099816 4.061398009673683 0
0.5864345960546246 -0.5141038135192764 0
0.7970433176170304 -1.061915678066046 0
0.4631597767983605 -0.2535696040965352 0
0.3492574227830625 -0.416882830471676 0
0.237430847944284 -0.2274610942200861 0
0.2229145158122562 -0.2142565964276746 0
0.2514653052319562 -0.2408597803102355 0
0.7336122534738398 -0.6285862188974669 0
0.7241290827121143 -0.6328362301939917 0
0.1943850016929635 -0.187666703993517 0
0.8359703051822368 -3.038206979977695 0
-0.318487830820838 -0.7212795469842981 0
-0.6220103129843767 4.922794574423113 0
0.516334186375946 -0.4604649337778147 0
0.5008095599542932 -0.448462074327614 0
0.4996687617026651 -0.4599547141157526 0
0.3455812619994856 -0.3268387928009216 0
1.769211325768872 -1.447700524016114 0
-3.706735379415286 -0.8332676606273055 0
0.0226941313024143 0.9722227587936172 0
0.5622981980684666 -0.4966342716738706 0
0.5604062566912169 -0.5075477047922536 0
0.3762192378925955 -0.3518516639939783 0
0.411787339102808 -0.4785595788144172 0
0.6303189236229643 -0.5083449529672859 0
0.61571158796668 -0.4945535022208587 0
-0.8160735715015047 1.034172791424314 0
0.2186291739063987 -0.1581433427028633 0
-0.4086620713733471 -0.2818579782650888 0
-4.919434685827778 -0.1996236286976847 0
0.3816695813271044 -0.2843469812354207 0
0.09468233744730736 -0.06186066619222552 0
0.1053879517752103 -0.05864046239143046 0
0.07893936610423388 -0.05029122195600709 0
-5.213928701723725 -2.163616487079625 0
0.2029788854163696 -0.1465177994703837 0
-1.200321932979114 5.558565395817396 0
-1.263559064422461 5.237613694028775 0
0.04929554095694832 -0.02579740117094909 0
0.03330691565212691 -0.01422404931705043 0
4.261763674582436 -3.785333891525943 0
3.676849658706636 -3.826530286819624 0
3.630174295154013 -4.170275243249364 0
0.2497819194010174 -0.1822532617141674 0
0.4854621272164668 -0.4362167285545762 0
0.8426378863991959 -0.1512851809975006 0
0.3055539516924096 -0.380004699765413 0
0.5787053781462141 -0.5081129934044976 0
-0.4338491272261699 1.981542454096584 0
3.033271283475072 3.082119411226294 0
0.216901397622575 0.09890897279015523 0
0.03426039275489626 -0.04287528524808928 0
0.348840105312888 -0.2394622342311096 0
1.917225609975677 -2.899180600063489 0
0.1716800165818973 -0.1215087744517002 0
0.1876249084080943 -0.1342746363375989 0
0.1896232711438129 -0.1232702197429456 0
-0.7405301481244835 -0.6175511392675647 0
-0.5153883485267308 0.8728159197780815 0
-3.313089735210407 1.576482304447086 0
2.601244265142213 -2.039306601766471 0
-0.9915671760183958 3.620386356990414 0
-5.599374827150334 -0.8031154764799824 0
3.330421519144363 3.865336046125766 0
0.5427653363914648 -0.5453121691145875 0
0.4124829381184669 -0.3096905331271543 0
0.4049329680797292 -0.3029343854806487 0
0.4066461619760399 -0.2924495673368015 0
-1.815954269777259 -4.362986211653096 0
0.644744252230527 -0.5209624978054873 0
0.6592605843624491 -0.5341669955978026 0
0.2918074589980912 -0.1864084868893324 0
0.2863408422485366 -0.1973087153361316 0
0.2674906625004003 -0.1884523482128636 0
-0.1362024674563362 -0.6701206560278787 0
-0.1649930749707841 -0.6028742018032771 0
-0.07421042186727872 -0.6846245820031173 0
0.4230460825760974 -0.3884584110935617 0
0.412093415815022 -0.3950556708120191 0
0.5286135951747343 -0.4153265154665012 0
0.5434212917730565 -0.4284695284879264 0
1.072886209452701 -0.436896062561515 0
0.3916577209971089 -0.3638230315776932 0
-0.7704709479206588 3.859121472597268 0
-0.6618121788970044 -0.2330735879264105 0
-5.196942147778526 2.283832363820638 0
-4.845698945560648 2.299264819318845 0
-4.69800154129398 2.627974965092426 0
-4.492707848479912 2.33142444590939 0
-4.86776969641888 2.929622986963754 0
-4.521045214360251 2.920958957347871 0
-4.675812526096668 3.22650560337173 0
5.608589521245339 -0.907891337328141 0
2.700141684813491 -1.557676541016656 0
-4.777704950063045 -1.030610055455417 0
0.5256636519837846 -0.3156698525253684 0
0.852640400437239 4.992801843357507 0
0.7394484723524644 5.303966312713549 0
0.4036603294365648 5.356391064049755 0
0.587676662183806 5.638064467858901 0
1.065310884315834 5.259789100748192 0
0.1793034676111702 -0.1745763413879004 0
-0.05333098172737195 -0.02588110432127526 0
0.3091266118968496 -0.2930732139668193 0
1.778620206910291 3.492870176963735 0
5.350074854031197 1.913254922476796 0
-3.597428809380037 3.573852755288149 0
-4.127800044085024 3.422886309877161 0
-4.006906343720157 3.082122828902039 0
0.2130738908955427 5.089954786955349 0
0.6320228871973108 -0.5512583507392993 0
-0.4921088336739197 5.674923700046326 0
0.7413434047874637 -0.6346321381733806 0
1.957837972786599 -1.253761298219794 0
0.5721887434663042 -0.4546668766037832 0
0.5360369333920201 -1.435880837428558 0
0.3349876304920187 -0.2484164285281002 0
0.3187239031399771 -0.2355569783877062 0
3.936239823314332 1.687376988678752 0
0.6011140403560471 -0.4806604376381438 0
5.691377711325414 0.1390942752396744 0
5.688880879289555 -0.2185447588711192 0
5.37972414716778 -0.3521833053257751 0
-0.1488144427622953 -0.3384470337418718 0
-1.146491904665416 -2.318599841037505 0
0.5514125890609212 -0.5007434897888744 0
0.1197961512609104 -0.2055159093259925 0
-1.614374585159792 4.482660176297202 0
3.67482815139013 -0.4491025525715355 0
0.7396026608369308 -0.6447267919466034 0
-2.739013314282185 2.419570140345737 0
-1.277410110960879 -5.535983507321079 0
-1.621686453622555 -5.452792388769835 0
-0.5746300896178953 -5.672204525462733 0
-0.2185447588711206 -5.688880879289559 0
-0.4073470290780609 -5.372554598755126 0
0.7972671250549613 0.6759941073519683 0
0.07775119449255867 -0.08221161850401425 0
-1.698549699417861 3.472170984853489 0
-3.158418610524544 1.782060807940473 0
0.4669315204894984 -0.435863969424278 0
0.4274120509296656 -0.3221551257146603 0
0.3901267692495149 -0.1957717662175554 0
0.3660197785645808 -0.2723144425062257 0
0.3504975651462486 -0.2605000457450203 0
-3.82180125281583 0.4631118057855448 0
3.792790769715285 4.232202817588044 0
3.467447080052961 4.438548171593772 0
0.3277147357999835 -0.9905853071408135 0
-3.434135528211028 -1.809110937333641 0
-5.217374464349515 1.395062465972724 0
4.884403894811713 2.328307394427374 0
-2.941196050492053 -1.748691381424957 0
1.351221833261939 -3.844054200484579 0
3.457837516432338 -4.522663726204869 0
0.009078547206412314 0.00372164557016222 0
0.02569669758370791 -0.007612908685034179 0
2.335463783906583 3.422503021156544 0
1.131322794170852 -0.934217642141301 0
0.09102712520854878 -0.1821850486070239 0
-1.246415059469627 -0.03154281887119521 0
1.32235709566485 3.828864726660952 0
-0.5929932132823205 -4.878287114424569 0
0.7029973607507158 -0.5734522280811347 0
0.6883317848449895 -0.5605336264855183 0
4.664387457644544 -1.099076021379617 0
0.4855710030772851 -0.2082017632714159 0
0.3229971230904496 -0.1298623537623181 0
-2.840617369486607 0.6528127346898265 0
1.943946401427882 3.731948847962926 0
0.3036117257993021 -0.3244268464409631 0
-2.208089080898914 1.68611946242609 0
-2.055946553631344 1.848919988169018 0
0.4384084080775726 -0.3194447780949122 0
-3.046304717803882 -1.535473402821121 0
-0.8572315992397931 -0.9890882282004597 0
-0.7450177144889958 -0.9821865764212958 0
-0.7723438878481463 0.2492027672917053 0
2.219972327807756 -2.347277473204023 0
-4.680758561487721 -2.424849175105238 0
2.972331703929154 -2.660929357930061 0
-0.3506837977261051 -2.201368987446899 0
2.797660094683694 -3.601342271347532 0
-0.0007139069092977068 -4.871587208427622 0
1.506810649059815 3.519396384838199 0
0.3910184259786003 0.1884260492016496 0
-4.47904359777186 -1.574758900208804 0
0.4176410545870664 -3.040525660607576 0
0.6737466126353575 -0.5474048078629914 0
0.6775242377920555 -0.5387662160133906 0
1.024580183967802 -0.5443619795064683 0
0.1417404741105144 0.002989747370949056 0
0.1614857941611755 0.006860162184302425 0
-2.787195352821632 -2.605601350510393 0
0.6928498630497862 0.2518405091653411 0
-4.037450340263245 -3.016744291128572 0
1.973749803858666 1.364925628857545 0
-1.575102657749068 2.32078894783328 0
3.001708610990253 0.8474595414395674 0
2.936609973192472 4.85953811025164 0
1.670055272511397 5.414997779580553 0
0.5867735899843778 -0.4680404354926664 0
0.5966827447549671 -0.4644180595916677 0
-0.03100258957303739 0.05403651276590941 0
5.142994175661698 0.1400463533058987 0
0.6765302566515734 -0.4168878605451932 0
2.475405949422863 1.109650829318157 0
2.369967278861402 -1.221870768353854 0
4.504700061022495 -0.8591554600523758 0
-0.5279742684484792 -1.081171142392018 0
-2.8960534033042 2.196152748001962 0
-2.961335183795628 -3.325292228313871 0
-5.015713370659729 0.5958835839007044 0
3.81591637675031 -0.658633455733503 0
-0.6638263105053165 -0.0156960077706023 0
4.580370511195408 1.536875945125137 0
0.03906949134947608 -0.4765538463520649 0
-4.686714873353897 1.422361728774058 0
-0.6396159914406552 1.17182266852015 0
0.3744639113712055 2.566333290031539 0
-0.1300495783519083 -1.086996588054615 0
0.8498661774307901 -0.6035611664430838 0
4.790002092145469 -0.3598410132749225 0
0.3199688973460366 0.9230298226729762 0
1.260937979084315 -0.9067787553502664 0
-3.57248952240988 -0.4327552070862462 0
-1.183050810435157 -1.469795102097142 0
0.9173351680033697 0.1120770066744033 0
-3.719067536700627 -0.2280572061851196 0
0.05286338646301911 -3.632629436744227 0
3.457905051376278 -1.708340706273749 0
1.226472420734369 -1.241031884817258 0
-0.8743232995781416 -1.763258868995664 0
0.4061833091793876 -1.175389656849415 0
-1.821514612049386 0.5526501339097302 0
-1.058855746663317 -0.6059543283134192 0
1.48956023829662 -2.86999177305733 0
3.069618446902314 -4.382460733436191 0
-1.053306250333867 -2.844666769019133 0
-2.253156645742626 -1.010562668337161 0
0.8710088559689152 -0.6317179030191243 0
0.7434402812863722 -2.857708228531948 0
-0.6256780086678521 -0.637961913319064 0
1.988130624730253 -0.5477328527499472 0
1.967023932299429 -2.153926693346437 0
0.7245840789563022 -0.5935872356633944 0
1.751698284547535 2.191909539917898 0
1.634754718088096 -2.125395929976647 0
3.4426801374561 -2.837638014568687 0
0.001083164793856715 -1.156891848615075 0
1.574269874724501 1.415028326020946 0
0.499414286499649 0.0997941495629491 0
-2.415910323491369 -4.372574748766851 0
-1.599638027946545 0.7975649940970561 0
0.1272389461661032 -0.07604711628404918 0
-0.08654336642687444 0.06075572028110428 0
0.7435486233692163 -3.6307405099254 0
-1.423059242644603 -0.9382844762252547 0
-0.02949685510673983 1.755864871001706 0
0.083046658407385 1.89405558323721 0
-1.524154526143537 -4.898483457830634 0
-1.786857466764008 -4.868430803081568 0
-1.579008229447439 5.072696399686786 0
3.697238523493169 -1.324401293764186 0
-0.4328830925210796 -2.052451863828095 0
-0.4350660675219397 -2.346151251937745 0
2.706924569512307 -0.6861485098076955 0
-1.939489976669396 0.1256172589414607 0
0.6077514817644152 1.681554065510212 0
-0.53011513015455 -0.2692307548583535 0
-0.3615032960955176 1.801995151430983 0
0.5489920425695827 -2.858955094844538 0
-1.470650724087272 -0.8041614590637742 0
0.05330427795846216 -2.871292851659027 0
-0.5099554054674819 -0.1858940679601834 0
0.8053892779146034 -2.07365589464888 0
1.080097485855646 0.9650990634082816 0
-1.591986430625686 -0.5481263543536637 0
-2.354046598470557 0.9582003367740365 0
1.221711766781716 2.456074956881902 0
0.2566414019772737 -2.066402679489579 0
-1.275495844003378 -1.186097485307138 0
-1.696145889872171 2.143066848809589 0
0.5365000477808958 -2.063030211746437 0
1.163941959461511 -1.425538737306419 0
-2.288550840213726 0.4465043445959257 0
0.1025504426564268 -0.1970024413995887 0
1.165760746624013 4.941460118246335 0
-0.3759370762597141 0.4601580824246715 0
0.6417978675636056 -0.6160964357082441 0
0.6009553691881704 2.763198838788549 0
0.5452030438938196 -0.5244591577695957 0
-0.00861753112332507 -2.046714106249049 0
0.6659722954562414 -0.6719117380987543 0
-4.999994685621574 1.993154075545581 0
-1.011392931355337 0.591490284444889 0
-0.8676846391112314 -3.219065145303015 0
0.3581813330357562 -1.122176759239851 0
0.3004854179730683 -1.620031581248023 0
-1.243209404449832 1.318769611668169 0
-0.9355905991906824 -0.5728495831669274 0
-4.750551819690361 0.05412734311244523 0
0.7540064634471897 -0.619619327786331 0
0.7388555014333389 -0.6071148279362589 0
0.7175895265383549 -0.6790674106647833 0
1.12145921316017 2.674083174702361 0
2.127965439154356 -3.844418145544922 0
-0.08065496619789971 0.9466962386467197 0
-1.477663800107419 -2.818053164705873 0
-1.483323993220567 -1.898112251517538 0
-0.6018304530194803 -0.8902289297359079 0
1.880306620618999 -0.6340012902977155 0
-0.6359311300571772 -0.4021043341222863 0
0.8768453815848265 -0.4445219052786234 0
-2.285654454240528 -5.223050834552489 0
0.2471813389887367 0.1930106316695902 0
-1.441471993209399 1.069773335841671 0
0.1788397312045387 0.3739322741274002 0
0.9365886162423168 -0.7481898635318798 0
4.281415540482154 3.746927873650432 0
-0.305329952506341 1.113798803054555 0
0.3747695959406267 -0.7480947559851788 0
0.6125276138993966 -1.194750218234415 0
2.550066689959214 0.9061825598281188 0
0.5604911938385728 -0.5452518480110264 0
1.963732124034127 -0.8864655561032034 0
-1.04928561526646 0.1999147341712234 0
-0.1843020011142921 -1.361253080902007 0
1.473417915159923 -0.7613187804339931 0
-0.2096689997545154 -0.7850886914621162 0
4.349214021208576 -2.114582189112227 0
-0.881012008051839 -0.1317372067611168 0
0.07807137723963742 -1.39641885563339 0
0.6140298633002677 -1.061463999023372 0
0.7113320849637874 -0.4857039201168318 0
0.7318983321949272 -0.4773338836184134 0
0.2156970879162984 -3.842873629127378 0
1.076201619866526 -0.04409630709073861 0
-0.2030098861684629 -0.4961249647215203 0
0.230449722933821 -0.3004468567420812 0
0.4427488078689974 -0.5410338895845812 0
-2.208800395537469 4.5608902159014 0
0.3726788908454015 0.835154287432281 0
2.649042567151249 5.039553566458331 0
0.7339835435246179 -0.4361459705149039 0
-0.2799010425036218 0.7169593556594274 0
0.9146125302690487 0.5078146038488839 0
-0.8122458642167791 0.8320497006598602 0
0.3672827075755434 -0.1572417530241602 0
0.6273533828090753 -0.5946572408509039 0
1.458411696413742 0.7972679761771453 0
0.2456624604737249 -0.4679284586099362 0
4.28202275894435 1.588378088314372 0
-2.728230616129465 -2.177252460712086 0
0.2969977488552469 -0.2195829125463281 0
0.01826353006641497 -0.750887824388687 0
0.2606631021931288 -0.3260461872119658 0
-1.314481965231011 0.05146458764977432 0
0.6581626348079452 -0.4267282140682809 0
-0.1945761168181251 0.2395066085256914 0
0.3668549962723122 -0.6150789373689334 0
0.3339144757887154 -0.6197086928308086 0
-0.1092874909940996 0.5844490084063191 0
-0.07751247389344139 0.6701610842120782 0
-0.1394910537023773 0.741709993468281 0
1.80529483502508 -0.3991563378721592 0
-1.010506406670806 -0.2860710051998833 0
0.4752114223704708 0.3519236269123686 0
0.4510256960543926 -0.50229015152766 0
0.4182970304202719 -0.6833440089549897 0
0.3406944965110723 -0.4039089000976582 0
0.5264771048941206 -0.5956925022383155 0
0.3315472989297295 -0.5683349925617702 0
0.4029697717012241 -0.4647361439773294 0
0.3843917289535433 -0.439324310130142 0
0.4814416312633089 -0.5395704321426696 0
0.4743840593077652 -0.5573617518283377 0
0.2987566617780001 -0.3659138036189177 0
0.5024488630421153 -0.3001277295291401 0
-0.991933390602565 -0.9787678597103044 0
-0.7482968102779493 0.7369315589337538 0
0.7831903668078425 -1.443894056447526 0
0.426763730456951 -0.2234343153654283 0
4.158144947280459 -2.907953337321935 0
-0.06301119818398238 0.08986945416490971 0
0.2293811482101552 -0.4471069281351584 0
0.5738730867738067 0.8926698716916748 0
1.145957167743187 1.140249747599278 0
0.7603276846337959 -0.5304183805232866 0
0.7815891914368928 -0.5229054952751665 0
0.4704872539885149 -0.2686596193977297 0
0.7675922544177074 -0.6342591952618695 0
0.7762356672377773 -0.6366641653584273 0
0.7753930181709988 -0.6490563781135226 0
0.9416853489135582 5.586016118947382 0
0.3368565025571497 -0.2381796641666291 0
0.0976720194290264 -0.05147039186819249 0
-0.2726388936832876 -0.7809332136810305 0
0.2668837712171316 -0.2534540749555438 0
0.9376590120522145 -0.4912047098778574 0
0.2728896359530026 -0.0932334300359763 0
-0.3623937356749918 -0.3253354656462303 0
0.6653950711161656 0.00762388992275408 0
0.07087047561599059 -0.8748651490752681 0
0.3452260462335455 -0.1590613976973489 0
1.913827251220157 -1.472985711339386 0
-0.5148859248258089 0.00551138657563274 0
0.3246384336927695 -1.409297120662206 0
-3.064135345138034 4.370883668267979 0
0.1638772574540198 0.1859990400365518 0
0.4879801390631289 -1.361533608110035 0
0.209747717575392 -0.04478630107037697 0
0.5937866575149906 -0.8777952614799767 0
0.1779848707965765 -0.9160862799785068 0
-1.815478678087456 3.72957928892717 0
0.2309904237966952 -0.07148999106847806 0
0.2947160004882577 -0.120727629736495 0
0.3020737219572086 -0.1053343043648455 0
0.3243783356354234 0.457923942606394 0
0.9751583810057625 3.553758096955642 0
0.5073419949514575 -0.4654709914465577 0
0.04477955211014811 -1.071774878867867 0
0.1044933572919438 -0.8258871189982613 0
0.362910013215627 -0.1865145228989062 0
0.1573610734481344 -0.2259581788885463 0
1.439968045683186 0.4006824448343743 0
0.1719425567239028 -0.5777239419127205 0
0.2820780798833956 -0.2068729713069077 0
-0.4389724743870913 0.2566764945552286 0
-0.5469984708657699 0.7722247977139901 0
-4.817054513633737 -1.558255198667388 0
-5.146543748627648 -1.519773791295378 0
0.08620737542809355 -0.08802748276686878 0
0.1126551315814986 -0.5512911739100524 0
-0.0109916825969127 -0.2096175086683747 0
-0.1836690178598417 0.5698376338781532 0
0.671358262940458 -0.5808608157100315 0
0.2236772737171003 -0.005591909210781197 0
0.04386166431442189 -0.2427195124093277 0
1.140359734341203 0.1818836543505589 0
0.1576180307636373 -0.1546911860242267 0
0.5169699846037376 -3.622761407287286 0
0.1661569274527059 -0.02408318423279914 0
-0.05052025463774616 -0.7419496049368159 0
0.7944223234251697 2.472648283538426 0
0.1315286566329329 -0.5849786300126416 0
0.6310950417631956 -0.2387742358824516 0
1.069844444410712 -0.8845150499280374 0
0.07079077848643868 -0.2797869159758456 0
-1.100641138840068 -3.187996722520618 0
0.3825243425261395 -0.9711463947805967 0
0.4070578182703312 -0.3758175906846449 0
0.5505749832834653 -0.7832828559433066 0
-4.102972556723977 0.4998145874346326 0
0.6084945400068021 -0.2190525302172976 0
0.6145244103949286 -0.1895898240589209 0
-0.2793308875939507 -2.059295919064413 0
0.708950759332315 1.826176972005236 0
0.08932443625328469 0.02808216875289885 0
0.1075266154355627 0.03330314326906272 0
0.8487783409604002 -0.4208669681487729 0
-1.721092535481665 -0.2866999515080263 0
0.5632291452597494 -0.1766378706812153 0
0.619667216526379 -0.3962244806677986 0
0.9125379092187589 -0.4321882531898877 0
0.1113578387058864 0.002825411259502239 0
0.4984210359767513 -0.1194611404585693 0
0.7924735254175876 -0.3789898262539411 0
1.783215946553292 4.8534520116257 0
-0.6971232876398001 0.1876216929455061 0
-0.09992469697261935 1.921995497428066 0
0.3959021952966209 -0.5133265152345639 0
0.4093823099264713 -0.0394348629561773 0
0.4538624715867208 -0.07998206419697168 0
0.4531114748726733 -1.05155904791848 0
0.1647478043747068 -0.1612806243785398 0
0.01215027166914425 -0.1260252428762192 0
0.3340851556021568 -0.3290844799886964 0
0.817762264121267 1.235702186123586 0
0.2585399362972439 -0.358755399814545 0
0.2418025257336806 -0.1757159565199551 0
-2.009009187411381 -4.674891151138143 0
-0.2559571679313933 -1.568622837111416 0
0.8522555081067328 -4.320326073142079 0
0.4552259504355802 -0.4112233490796828 0
0.297303079342132 0.06499570064059011 0
1.403834536464342 -0.7023003277040057 0
1.043533326705257 -5.36083957823458 0
-0.1662211643854265 -0.1151323221228122 0
-0.1294719582344471 -0.1205603418291409 0
-0.1557187390243491 0.002196670573937916 0
0.708318087054131 -1.020905416992396 0
5.003750140132095 2.009963284945893 0
5.102075207874463 1.714283398709508 0
0.6766180533283495 -0.4510118414302997 0
-2.270460219546946 3.076966597323059 0
-0.4689154894322721 0.1205901756702236 0
-0.05200716029050914 0.2687945482888534 0
-0.1902532451545819 -0.2223366420060994 0
-0.683427122951307 -1.071496243408033 0
0.06385237651236537 0.05228971193570166 0
2.654173730398217 1.9158989051959 0
0.03119488347283453 0.1714469002914331 0
0.3831281579426118 -1.063461811508533 0
0.292568626323472 -0.2880305734185502 0
-0.2429080450562068 0.06253072843111908 0
0.901669440838003 -1.228958933921274 0
0.5505999245555004 -0.74081287105736 0
1.084823570678192 -2.07006272952188 0
0.3005109060743166 -5.408596442731043 0
-1.142487765011797 1.466785051187956 0
0.9757975050268102 0.6228619695559822 0
1.631829533722958 -3.852181967935311 0
-0.05503293111057642 -5.410009849084295 0
3.086618221398257 -3.596321977633747 0
0.1334752965084939 -0.1343956154765183 0
0.6641074724617591 -1.100886722392257 0
1.57660971766926 0.934041478766486 0
3.123146555281371 1.835416288378245 0
-3.180523042390851 -1.791273709573395 0
5.082924359912742 2.585232256013779 0
-0.09754701014084102 -0.2799349667442856 0
-5.331025564195611 0.5840465963615249 0
-0.007484530498566554 -0.09673222624060936 0
-1.115125645647747 1.74866080145277 0
5.423367470896343 -0.03609331625272957 0
0.8817329218762078 0.1854700279904052 0
1.09563442905245 -0.6846267490899165 0
-3.405760272542523 -0.8843874895880154 0
0.4445819059315975 -0.3275372496381322 0
-0.6542927389879887 -3.626463568401447 0
2.902324356796508 -2.271618066424588 0
0.5881153504371659 -0.7823471141606412 0
1.398430736296118 5.224903937935139 0
-0.2866497927731748 -0.01560529839756844 0
0.7055045039962884 -0.5635270838057099 0
0.5909111924300805 1.12960298212366 0
-1.000236412300245 -3.40239320071377 0
1.346777413236226 -2.080076306291835 0
0.1918722177581572 0.115905182237005 0
2.03712819590704 -0.7127942908236226 0
0.4513192961976148 0.192885170984829 0
0.7152588630808557 -0.6525438899489903 0
-1.12608515291636 -0.4860501602632148 0
0.4789164376298993 0.1444778261100867 0
0.2853400165876647 1.68387544407442 0
3.586691486722307 0.5856201272908474 0
0.12098573573978 -0.1205605985254344 0
3.216172889701115 1.579876958734074 0
0.4171808734749891 -0.288532469786594 0
1.361058312155232 2.647442270612655 0
0.8458609871568195 -1.60946302437668 0
0.06096625681231418 -0.07874146685918096 0
0.3314528848644901 -0.3118824859261266 0
1.572006593951868 -1.614546454966585 0
-2.857539019269957 -0.1050105971183509 0
-5.109541307712107 0.1196983825987295 0
-0.7339503603940509 5.19718987911985 0
1.115867336304303 -2.821771930006864 0
3.353999227529313 3.048102416168081 0
0.5844810794503825 0.4123197463798012 0
0.4059138470423942 -1.551719201111755 0
0.4910498374174455 -0.4529697045971449 0
-0.06946183510701304 -0.1657367477417334 0
0.0727998819177757 5.393011955718801 0
-2.119266884831085 3.755492728967357 0
-3.578570846312338 -4.460833704933154 0
0.4226997313702684 -0.3990905134789349 0
-2.403918514312902 0.2680549349376585 0
0.4641645302163172 -0.04846978525556699 0
0.07440692291558057 -0.1835458152804725 0
-2.993787710657029 -2.124007683117543 0
0.6594839756992774 -5.39687233965572 0
-0.09761931150801209 -0.1209247453751534 0
1.351102612460647 -0.3844999160284 0
0.04377689647255754 0.599550977055391 0
0.4817891376563649 -1.737710508508985 0
0.1452401239754834 0.1559705122026303 0
0.5405732476786526 -0.823867679857758 0
-0.02142887420544292 -0.06862993508174645 0
0.542649840053528 -0.3152028416911254 0
-2.356101259979641 -1.182648392740365 0
0.6937458642087491 -0.1660412830867082 0
0.4934355955511162 1.859490974102874 0
0.9192373225957337 -0.9830628561566274 0
0.1222287898097918 0.6249304953474492 0
-0.02441914177812757 0.03573347565245879 0
-4.337010529319434 3.190936771868234 0
3.507473862966882 4.101466714882283 0
2.232696765778483 3.715741304609458 0
0.6785585819678889 -0.2785181860210843 0
-0.1826668904498359 0.9205875356027426 0
0.5040948436877465 -0.5685343675770276 0
1.292530284295918 -1.323030260023759 0
1.080413966467309 -0.8150946110287287 0
1.42679599467832 -1.16049196165991 0
0.6075249163100943 -0.4629495132189967 0
0.1974671391427641 -0.1308078771494807 0
0.5519389795994218 -0.8887883543781212 0
2.904056143996338 -0.2086733372675116 0
0.5934576175361369 -0.358457281484627 0
0.2601410444418042 -0.1795703717119417 0
-0.240282177487537 1.233799571571497 0
3.418391265038481 -3.974177634948765 0
0.5072299359338465 -0.3966365314881713 0
0.2386975545484698 -0.02386340290297949 0
0.2306662305256739 -0.04164776483811815 0
-4.3129983694375 -3.771393171611519 0
0.5256900378856167 -0.26870964994672 0
0.6519330455535054 -0.3877955535602662 0
-0.1142188513179863 -0.146396693332297 0
-0.8853222840747677 -3.584711340326692 0
0.7230304633511567 0.05440100975824756 0
-4.956168477903101 -1.282119805177295 0
-1.133530496468422 0.5633180916596763 0
0.943074622264268 -0.7032486187802713 0
0.1163182414007554 -0.1907296749892949 0
0.8107760310071752 -0.5778222682053297 0
-3.116422938873398 -3.57950231290666 0
0.1425877912595845 -0.3324895462018493 0
0.1090053705237827 -0.07580462886890869 0
-4.264520722919808 2.507727686782546 0
0.725017994259058 -0.496001820012098 0
0.7550866923677094 -0.4841722791600599 0
0.08729439173811725 -0.1166368807640765 0
-1.749307531207887 4.765537255487506 0
0.5967486337028877 -0.578288680240125 0
5.344064763947911 -0.666508127757758 0
5.084777225161626 -0.4254880844885058 0
-0.1701795392831743 -5.129662248860209 0
0.7560141908785192 -0.761227932543904 0
-0.2813640052231495 2.674914970389234 0
0.5886952041142532 -0.4573351127814665 0
0.0593754590072585 -0.3037333620991121 0
0.207234088636983 0.009230400648643521 0
-0.2242303010220838 0.1877958402610293 0
0.5700965314154876 -0.5566111831159601 0
-5.130160934089888 1.689422598699113 0
0.7331606935863402 -0.6375593698556199 0
-2.447065201657162 -0.9951579343268023 0
-0.591134620053514 -2.309771810741914 0
0.5699830956462861 -0.5128738945707632 0
-1.040129973443655 0.9232072631535495 0
0.3534501740499911 -0.7869612382251707 0
-1.004726394077641 -0.7365694447001006 0
-2.020395495705475 -0.006154165395469535 0
0.06090987966670865 0.09062018948418166 0
0.6495941316571363 -0.6725390310772944 0
-1.728178652323016 -5.132811769209402 0
2.50506607699801 -1.264299145356944 0
-0.6987313249216295 -0.8857637617634314 0
2.840482384508496 2.101686697619041 0
-0.687583388467264 1.413566890254828 0
0.1127742382486137 -0.9265929115419395 0
1.502589690163483 2.84097140058198 0
0.4623831669244143 -0.3556455581132878 0
-0.276294748308483 -0.4144674365591506 0
2.594592291403667 -0.9878785758670168 0
0.01179342491573053 -0.2773104571922645 0
4.670304068841743 -2.113556681458369 0
0.5076651360933632 -0.5997914138900223 0
0.02513229286960367 -0.04608934696669709 0
0.4063467687011835 -0.7122750070795673 0
-0.04117534130121678 -0.04216507667040049 0
0.7722646966745268 0.7705581014820098 0
0.5118786554352612 -0.3867673479953446 0
0.8673807629102865 -0.7012781902174096 0
0.6710947739308253 -0.5304214535190213 0
0.6824700725463805 -0.5287803495285084 0
0.6894059543196035 -0.5399658924755115 0
1.525958443226042 -0.5668579405961645 0
-0.9534085846772835 1.719870383763848 0
0.01846879337304159 0.01008812125833656 0
0.3808311650862912 -0.4945879357245133 0
0.04719441681081805 -1.497803160566722 0
0.8110436602478561 -0.1052796450849848 0
1.697374756648652 -4.859524117945919 0
0.2793122561839055 -0.5052281019236891 0
-1.789570001037108 -0.1439316664334604 0
0.4211668985547116 -0.306741703500958 0
2.8570374875649 -4.622209873983055 0
0.273963639413654 -0.2603056026117013 0
1.582083852756981 -3.039548435394618 0
0.559561913448004 -0.4321905811382836 0
0.7567733274643272 -0.6464475941039027 0
4.385254184955222 -3.207920514461373 0
0.7460947939095497 -1.751014891061926 0
-1.177769008060132 0.7635686676257724 0
-3.081795799933263 -0.0831848374951242 0
1.664937534189294 1.553870651279553 0
0.6542002018985873 -0.5767644497380345 0
0.6259599060855751 -0.5431531277071907 0
1.271684385833281 -1.060013470761843 0
0.4831057592212956 -0.4454345792107469 0
4.094637045661012 1.156440299649532 0
3.585306805569 0.1949540860427984 0
2.434202202114489 0.05250479841759995 0
0.4334185974948629 -0.5576632582912386 0
0.7735609655278899 -0.5416764160655457 0
-0.007504842992706337 0.01186302366457325 0
0.08247610357193919 -0.9939082430366262 0
-1.899277865754253 -2.847059976926588 0
0.316397822343179 0.0399185698247496 0
-2.185934720229798 -0.03397624493953114 0
0.8418159822366839 -0.6282447850327197 0
0.3876463600067472 -0.6326487003958877 0
0.162527506029114 -0.1697826195233329 0
1.332402995072442 -3.053252461673662 0
-2.310983286557851 1.355136271393601 0
-0.02002699810254938 -0.2402359001179317 0
-1.000280333097946 5.313441623221563 0
-0.2365347067695262 0.2778395114823117 0
1.797833737126838 -4.071887641369927 0
0.06816545433873458 -0.0319917820564283 0
-0.2698973749381309 1.948920615748796 0
0.5299598420105512 -0.2981588720346025 0
0.3005442052129689 -0.07062955249791103 0
0.2653464595670942 0.2380329274920267 0
0.799870579700386 -0.7476936274717929 0
0.394160406907598 -0.4785750875652522 0
-0.1185369569091965 -0.5691934132270156 0
0.3286226546071671 -0.08714730021775477 0
-0.02989020641626278 -0.3686043367255804 0
0.4626927825668357 -0.511533075626837 0
-5.744027805282794 0.2148050661138777 0
-2.278660686360515 -4.600275861150064 0
4.916591026452064 2.920824209341315 0
0.5191290084373379 -0.6139499586784256 0
3.77324460715632 -0.2221266703649152 0
3.660293128155252 -3.547717346021591 0
0.6898717410461623 -0.5509259479591582 0
0.5841182410232767 -0.523055826822876 0
0.5333350311787601 -0.406270883701828 0
1.005214627048468 -1.637684386665222 0
0.215520510940586 -0.2552158012175639 0
2.278901525101539 -4.903867642529494 0
0.5428226719124138 0.4789974883782994 0
2.313694441950902 -0.1160168104661185 0
0.743070997750368 -0.3422318753177266 0
2.992025248507742 -0.4543916082578591 0
-0.9921271534453591 -0.1731276969456569 0
0.4384791274603829 -0.4117071213465254 0
0.8087956459442016 -1.004591867700832 0
0.06367498477457791 -0.0682111358342232 0
0.1847482707269807 -0.1899909148913977 0
0.8598630731761558 -1.506726898521692 0
0.5483742211310798 -0.4831490471467179 0
-0.9189192453218923 -0.3105375744567227 0
3.760992816053097 -2.526180419099856 0
0.3219367891633937 -0.3297810255193526 0
0.1823485410708329 -0.3894687825719424 0
-2.376991351395974 -0.654559931199443 0
-0.1132645312934181 5.699187698565463 0
0.6142378469413383 -0.3797442414530266 0
1.78216057594311 0.9002972958753175 0
0.7710653186027062 0.002995208240684495 0
-1.005026545589053 0.2989440726244117 0
-0.005596315077860865 -0.1260361785363551 0
0.7168247246119297 -0.6260617094773366 0
-3.750924717425455 1.456183137529162 0
0.8535260649782236 -0.3836515584214321 0
3.678980002782071 3.012336593915266 0
1.877368287787638 0.2636176064646792 0
-0.6321559382501403 0.05134616139906876 0
1.52098028417956 -0.9376131639395191 0
0.378250217239143 -0.4567207143390737 0
-0.2023677657977952 -0.1209972211640291 0
4.508565035235391 2.966668308331387 0
0.6241700437689852 -0.6137011047225993 0
-0.7404036745224262 -0.5340818987654157 0
-0.794552851376632 -1.892147791539516 0
4.784947994654477 -0.8226582142548985 0
-0.1143519290612541 -0.7322565600820985 0
0.3183069189830129 -0.4218467407335105 0
0.6719855795673807 -0.7896837595991566 0
0.7286321701503792 -0.4560954928473246 0
-0.2784891865366446 0.1768093798617163 0
0.2018252593990312 -0.1945829448139597 0
0.2814460000965086 -1.12832968929903 0
0.2528731384138732 -0.3800248080995497 0
0.03986839318285718 -0.0593858663835192 0
-4.780792075491308 -2.700162093228628 0
1.462214091622331 -0.1485325456701874 0
-0.6378475827430858 0.8543282356574041 0
-1.38641471157941 0.2525812838104147 0
1.150857899338188 -0.786652259986779 0
-2.650106062114844 -0.09979982566904219 0
0.2414166588799278 -0.2432861948091685 0
-0.9160209741537482 -2.043120400720114 0
0.7150667604840213 -0.6389927915138958 0
0.7113786236600568 -0.6101201019364643 0
0.3803607587607421 -0.6827017362909483 0
0.3522162819559718 -0.1439083872431861 0
0.838823620870237 -0.7997800825266268 0
-1.850184230103926 -1.835004319284336 0
0.957458728683093 -1.295846758541032 0
0.2037730470867275 -2.819329776652185 0
0.6175977236281233 -0.4851892356822902 0
1.336373461968019 -1.141840958602206 0
0.5679345316419689 -0.3367474181378946 0
0.1972581986254111 -0.6074589877342004 0
-0.3934691849745607 0.3853489830490717 0
0.4528203576650396 -0.2020597498121216 0
-2.066439268693177 -1.370891925128502 0
0.2913629240202615 -0.08980432903251703 0
-2.644649857600327 -3.79890504567809 0
0.5674766962614731 0.2940941290385589 0
0.9653740109968093 1.215883998127505 0
0.1489572377556738 -0.1572369852843285 0
0.2339150910604062 -0.1585963030192249 0
-0.1137823164621576 -0.322958982861095 0
1.802776006793207 1.838417215524845 0
0.984169999458625 -4.572275185623928 0
0.2716841481174665 -0.2685383900751119 0
0.9016223623026033 -0.683775034419229 0
0.2810499039608015 0.5020115788566334 0
-3.546194741577441 -2.017454509035699 0
0.7962270872516863 -0.0533274373300851 0
2.406615886579277 3.967967185244615 0
2.703673502398088 1.063826892370623 0
0.382304586943332 -0.2748431894597358 0
4.882175192040977 1.517347359412498 0
0.6960080458614751 -0.6114753008185405 0
0.08641253181226463 -0.1054844596197329 0
3.090638030351464 4.481664084568991 0
0.7844815349892943 -0.7750288325893411 0
0.4273631433620361 -1.457978276752528 0
0.541713209592467 0.3535305694998221 0
-5.724072889239867 -0.487718951899201 0
1.977167978866047 -1.373066834548949 0
-2.678789342466252 -0.5359733356074763 0
0.6980087035243441 -0.5576554469640884 0
0.1333784970473037 -0.08400897948783892 0
0.4352090692148917 -0.2064552237609664 0
0.1978234731374999 -0.2760745631691708 0
-0.4324484115646178 -5.082208520840467 0
0.8977114152260026 1.787888515215773 0
0.2466495963662157 -0.3401284159398019 0
0.4145206956984888 -0.2999595239599127 0
1.122794093716756 0.4849316934911545 0
0.7868260507426259 -0.6586710614686733 0
-2.816727790586087 -4.23458186300224 0
0.2041253002770173 -0.4496457770168066 0
0.2953040025035578 -0.2790067751645391 0
-0.8847893902429261 0.9259109593621697 0
0.7195348380502735 -0.5779271989355195 0
0.3101795241254072 -0.1190977647732572 0
-2.024725538374502 -1.862214649127132 0
0.1083707559473058 -0.04963216280423403 0
0.4411011933401296 -0.3370566965839802 0
0.6955744003602182 -0.3014434421473412 0
-2.56251903080334 -0.3090458211302975 0
0.462014869242309 -0.5403389406701625 0
-0.7547923244917653 1.13632712907992 0
1.27002012417503 -0.5134596932991689 0
0.656307275169401 -0.5675163300085002 0
0.779263774511979 -0.4954321463256296 0
0.2036145989152521 -0.1384859374827824 0
0.6416152429366514 -0.5073554915874932 0
0.7186639539417986 -0.61594480697354 0
0.6379504400422602 -0.2072571203201039 0
0.6091251138547644 -0.5375300590505153 0
-5.289639677264088 1.127538641695985 0
0.8018300423028634 -0.5302258795564492 0
1.375365629407876 -1.657771586401175 0
0.4839034286901205 -0.3756460912832937 0
-3.775137237070785 4.344891453849753 0
0.7634602158443443 -0.6164655818020159 0
0.5981636257976678 -0.3413153566218364 0
0.9390578624782523 -0.2636893265229961 0
0.3907252872275984 -0.373174227234631 0
0.4054938722435648 -0.406536664703207 0
-2.355761941973398 -0.03597035684217195 0
0.2878588368424277 -0.3787798435832757 0
1.996512524215383 5.40614318205169 0
0.3089003870665297 -0.04796535015766146 0
1.510842131270264 -2.255949447726032 0
0.01792272033311725 -1.600288227685594 0
0.2097360622750374 -0.6711016994280519 0
0.2249788357420838 -0.313012642808626 0
0.1284451411071637 -0.2339365094384429 0
-3.703249770147435 3.882375595615508 0
3.960095230473999 2.980148549378223 0
0.1493697439366556 -0.09554677167387039 0
-1.277197447582702 4.949864125837085 0
0.7813785867709331 -0.6773896847271013 0
-3.578247960339202 1.111385868424963 0
-0.8544409281937855 0.2205427037886827 0
-1.874511917119173 2.183104335635087 0
0.552411472222566 -0.4270792510470457 0
0.5396356588204431 -0.1574891709712594 0
1.529579224442556 0.2676113516587707 0
-0.009867622376659148 -0.002214873627214984 0
0.8953152462340332 -1.048241628223211 0
0.4542494155176137 -0.437722188736009 0
-1.267646280351443 -0.1337162966056511 0
-2.354320011833607 3.30071760521751 0
-0.2120471338739915 -0.5478179536820813 0
-0.1462429552682994 -0.04948453692631106 0
1.23928896699288 -1.49297115557193 0
0.3025700661531816 -0.2260871014016278 0
0.3565059793128557 -0.3520634140966106 0
0.1411426992194572 -0.08849481299410353 0
0.508151475909015 -0.4943830179018822 0
0.1719748357503103 -0.1112881838364674 0
0.539658784480274 -0.4132808016065284 0
-0.1393233169160862 0.178050229946272 0
3.964604553690315 3.713172256169989 0
-2.875205231169208 4.58356523349963 0
0.4483577021354261 0.942815311604519 0
0.4779774723749901 -0.3599872621573675 0
0.3388973231587338 0.5975647355455552 0
3.200026085342861 -3.820898931078679 0
3.342754336967902 -4.222399913505273 0
0.01788586588690148 -0.03776354425037297 0
-0.2687484660521638 -0.1356465301219758 0
0.24867459802305 -0.664056688391724 0
1.159181865328909 1.606855843862164 0
0.6729533742537771 -0.4343665225026157 0
0.08969703259541847 0.1983640125987325 0
0.6587076346343752 -0.2289218578465653 0
1.186136461992444 0.2633934070613351 0
-0.001513138143150878 -0.009637151142056478 0
0.04355055378160893 -0.01150566390562031 0
-0.161220906324038 -0.07679831041869456 0
0.5649153187832623 -0.6445497818638732 0
1.677185275488908 -1.644598297233931 0
-0.1986554947233684 -0.2623266888426607 0
-5.270187700976452 -1.250654090483368 0
1.653996129782757 5.121879279092689 0
0.3245143054252683 -0.4368893825634463 0
-1.776822207967963 2.350695670785118 0
-1.070806736501325 -0.3922732943997449 0
0.1456146097931822 0.4136400733004313 0
0.6971737211705938 -0.8143250417897805 0
4.965272852425624 -2.1099772956061 0
-3.053288320213602 0.3128270293537236 0
1.187899908888717 -5.634945306704303 0
0.5657380156189438 -0.4389173998019784 0
0.7942049822728789 -0.3400451025464633 0
-1.754185411398577 -3.037849247416216 0
0.04205500033484751 -0.2732327249086678 0
0.2527630659753764 -1.724177522405152 0
0.6138078459237912 -0.4536356952280565 0
0.4846499581855973 -0.0725340235910433 0
-0.328818083612124 -1.496056042841108 0
0.3607637831237926 -0.001466811029419153 0
1.795410011819349 -3.028909796292202 0
-3.189189063598601 -4.764815830037898 0
0.6498621806408476 -1.153022286748912 0
-0.1138844055867991 -0.09639646498779028 0
-0.003617895135542976 -0.01956589398604037 0
-0.8506781332559529 1.839865227808173 0
0.5808200418291378 -0.4527132101651134 0
-2.033237137602044 -5.024041462487171 0
0.3701562709750646 -0.3447485286209054 0
0.1433440729026418 -0.24787287779094 0
-0.04505148257925799 -0.4015111123983643 0
0.100900918783413 -0.1005691471812957 0
1.698211814312567 -2.254560937710326 0
-0.4950804308139367 2.711143559043308 0
0.7644024422584632 -0.6519508688883991 0
5.410787977163898 -1.992977848516634 0
0.5368412216047039 -0.2821760563568553 0
0.4111421307353648 -0.5297221649041857 0
0.02026479297966359 -0.02804041531058922 0
-0.4641339298810412 -0.2975186809982747 0
-4.741621990064693 -3.196029934074555 0
0.3600503633661832 -0.5021215096237908 0
0.1228843734160316 -0.1350155605336155 0
0.3099035227029171 -0.08769127609957675 0
0.7305831597985869 -0.6906398252082872 0
-1.966602263616468 -1.509438880861465 0
0.218325670470484 -0.1491995811772479 0
2.362515853947027 0.2021757866436396 0
-0.3423131804365912 2.11619236530272 0
0.3986773388577187 -0.2875665789143259 0
0.8348858251548804 -0.5455047188833578 0
0.4911183574191065 -0.3833524676878213 0
0.1908522353839233 0.02536671407021601 0
-4.967340806830331 1.477988470144009 0
0.03199918270734952 -0.8184716099636422 0
0.6279008717679168 -0.7237295562944185 0
5.431936885004167 0.2344686056620782 0
0.09377973364162702 0.0441352998010041 0
0.3600264882004005 -0.2234211487168095 0
0.118394500272431 -0.2210492410549277 0
0.1942619995176612 -0.2893613989629735 0
0.1899491396081907 0.1553308448489646 0
0.8446159663463755 -1.042405136152454 0
0.3588416663370493 -0.2577588096818591 0
0.2112953993530236 -0.1429735096174654 0
0.3337339920896152 -0.4189495921066284 0
-0.7164173311934098 -1.171220077580855 0
0.9227317317065329 1.622660716627815 0
0.9212229322818444 -0.7918631168071489 0
0.4474226323181492 -0.3441657898901103 0
-0.1580334123736173 0.6535925794215398 0
0.231388514618699 -0.3264960360919925 0
2.306388517924403 4.240008622647101 0
0.7145859469018547 -0.4264615092414851 0
-0.2834456037421571 -1.376057601896363 0
-0.05264225095363107 -0.3387586695182332 0
-0.5491794697230949 5.40619238191054 0
-1.153856549945789 -3.007317675844489 0
0.8620904638663457 -4.832363031938079 0
-5.357837937897127 -0.998552483036661 0
-0.7154263026595227 -0.3959898118738296 0
0.05765445501278209 -0.06090741213955764 0
0.1581696941784302 -0.3908717757767171 0
0.825221424145564 -0.3666543622196653 0
-0.5161418224519515 3.524693792335982 0
-0.548100797434392 1.413072765034159 0
0.6962415529940232 -0.6001602964305315 0
0.4250434439381742 -0.541747536582633 0
0.2913303017278843 -0.03672273694690066 0
-0.04817878105947085 -0.05805042606333481 0
-1.283181526414655 0.3955007037869362 0
2.905806749841388 1.015149980956735 0
0.6497396952315879 -0.5606187289451434 0
-0.03938643572797301 -0.6505589581325228 0
0.7881761965368709 -0.6407856305407272 0
0.5322493745641598 -0.4826570704032795 0
0.8336061641500119 -0.5670919084225923 0
-2.030975959749092 1.638766457616627 0
0.06459487835245142 -0.1275856036233122 0
0.1892238502222467 -0.639569646589346 0
0.4222415309320496 -0.5731965251469374 0
0.7479690830488321 -0.6494650585825883 0
-0.2905634247198506 0.1312251550412903 0
-5.150980944610389 0.3699479443319623 0
0.1156705440767968 -0.1134325543528022 0
1.826920058319534 0.4329930617522086 0
0.6484809111207892 -0.6462071334025836 0
0.4669158181868124 -2.147782431820394 0
0.685292085690417 -0.590715381469725 0
0.4697801092873045 0.5975404583202638 0
1.191324631678998 -0.4792899480978319 0
0.2585265848900235 -0.2558180660101542 0
0.200416157911907 -0.2034419477634052 0
0.5124956628056168 -0.4037515440876097 0
0.1697637759793984 -0.007802352492260019 0
1.139353968936699 -0.8613438598398171 0
0.6112698956684821 -0.5308048663598397 0
-0.7171671508084154 -5.42818179200568 0
0.4772074573216785 -0.438886064545824 0
-0.1203909517196143 1.241872592195838 0
1.654265767582218 0.2507359938599525 0
0.5018216945838007 -0.09221021039003051 0
-0.302408976582939 -0.05782855492402927 0
5.366107120894972 0.6958078251809652 0
0.4790212988551545 -0.2539120628050012 0
-0.3107413064287021 0.08939023854438838 0
-1.117346903965456 0.280465018374532 0
0.06027986621396086 0.2267578715319253 0
0.3436434977517025 -0.07625697733269764 0
-4.96496892023447 -2.921467408972833 0
0.3960088841910603 -0.1824954669172606 0
0.8596120283031474 -0.5804048186093274 0
0.04169169605318186 -0.3183463957939577 0
0.63116403516867 -0.4994381362722733 0
0.07081638909329384 -0.1373091579103651 0
-2.657318493119462 -4.421430698843897 0
-0.233787330494842 -1.272239524498961 0
2.565144069534987 0.3876901778548321 0
-2.011096335192614 4.745727105187061 0
0.6609140862729145 -0.5822192621789379 0
0.2636870723775216 -0.1963274903382483 0
3.016787934392956 -2.476284348223972 0
0.257250861077246 -0.02585476196756897 0
-0.2808536418166764 0.06121828409579349 0
0.4983869707950271 -0.3804019032123873 0
0.635235463065232 -0.6277333456426769 0
0.3131179705628555 -0.4483346769777168 0
0.7042126332109437 -0.6135083408624459 0
3.649982472459021 -1.708304455727393 0
-0.1455018257659182 1.012574515782456 0
1.511033830105202 -0.4719890609513476 0
0.3261505371631593 -0.3049822156984832 0
-1.904140432937396 1.780708099781718 0
0.1562297388461378 -0.1016042717399511 0
0.60004143862337 -0.3225020081767734 0
-0.6039467450396073 -0.2724255932313411 0
0.3507636668811771 -0.2276108225075326 0
0.9379341142308615 -0.4537975760462535 0
0.3428750254622743 -0.246488773888783 0
1.242521852298372 -1.395446484013929 0
3.703792973562885 0.7843694171959412 0
0.3807945863670932 -0.3666500287708363 0
0.6862865859541351 -0.5184581761650673 0
-0.07415646930266627 -0.03463628473972669 0
1.872504289995671 -2.253576275402402 0
-0.8441855332752531 -0.6298835925278592 0
0.8758671080399508 -0.796369352378177 0
0.8960071469372279 -0.652396165485336 0
-0.6497579198536511 -0.9776019845166977 0
0.920252318156362 0.2568407131559458 0
0.001841908858701556 0.008440748977469688 0
0.2252969539574269 0.1657524673172689 0
0.5329145703263197 -0.8621955230251745 0
-0.001640186815600981 -0.2554906459673152 0
1.484318286700436 -1.67021468016653 0
0.4208276246403415 -0.2779876508894351 0
0.02993362083584765 0.0151184811021726 0
-0.5181477822287147 0.1079478696386813 0
1.660279411346757 -5.498598460935582 0
2.507065346559716 4.506871697687296 0
3.233545707104433 -0.09088494055023064 0
0.5925849818806566 -0.5908184192069766 0
-0.1708627088888991 3.475814008456324 0
0.7359143471174988 -0.1707663636740632 0
5.193293497432767 -0.1582398042544028 0
0.3627113983725206 0.04105346459789597 0
0.3671437209118048 -0.1730888158005927 0
0.2277500741098675 1.19294058980614 0
1.274648861649937 1.9357156291105 0
0.1239568806006619 -0.3368221369004242 0
0.1434482711737027 0.2148297585903063 0
-4.125070850240482 -4.064279161198874 0
-0.07847394948086489 -2.134306560600812 0
0.2730767098350955 -0.04113221837843632 0
0.05823155360685395 -0.1852249742111869 0
-0.406114988006162 2.383896905462422 0
-0.09601422867706112 0.334661021960787 0
0.5326611546061077 -0.6269515007876353 0
0.3505539887341565 -0.2509396535173977 0
2.700430299540021 -0.8437968659806175 0
1.823244001192224 -5.102417713736639 0
-0.1604746443240327 -0.02534559581834201 0
2.493176384672758 -2.163843608172993 0
0.06910868457849501 0.07234982697432162 0
1.760321017312325 2.574292120746639 0
0.2876734528205522 -0.272214126450393 0
-1.234957325639165 0.5275899960134105 0
0.5109248703155969 -0.6309308039456863 0
-0.1824882294193651 -1.177185360022406 0
0.2988162448858488 -0.2938095028948343 0
-1.5099141681266 -2.997363321304478 0
0.2532279831195323 -0.5088199249654313 0
0.3524966786340444 -0.3422139427101868 0
0.275372586300076 -0.6893656632952295 0
0.7712664744201159 -0.6259457096456101 0
4.881925258557977 -0.5772963993461333 0
-3.199246659441832 1.965877918437922 0
0.6822959651327157 -0.5462301443658096 0
0.6019769073228749 -0.4714522936695005 0
0.6571217797254583 -1.658431729904197 0
0.4308910533359522 -0.4025444649231512 0
0.4486483375249396 -0.3190398374232164 0
-0.2066499823822874 0.7127782641793889 0
0.5829980635719652 -0.4214094278352272 0
0.2348677155862156 -0.05729102322749881 0
1.863628299658667 2.324785485183515 0
0.1812256188623582 -0.09265826124021848 0
1.176244228787069 -0.1389905829926887 0
0.7481571553585875 -0.5834783097262891 0
0.5489938116005479 -0.6212257497969224 0
0.3904053784196588 -1.63769882469737 0
0.2432459312473665 -0.1400634226540259 0
0.9310767933636159 -1.654963713361308 0
-0.1524182079275135 -0.7778186814213155 0
0.1430672815756807 -0.1530759804179842 0
-0.4460301840356866 0.3661427985647533 0
0.2298277048471711 -0.2288607939723916 0
1.572361110831769 -0.996145392677353 0
0.4948831309040236 -0.04614591184269142 0
0.3685630345874281 -1.018451267448852 0
-1.189650610804762 -0.3693996628050004 0
-1.8547287125023 2.575605605317288 0
-0.9785294050121894 -0.6485378824139058 0
0.3891232313098911 -0.4651809453472533 0
0.121550111158501 1.342946897091551 0
0.07541898611502892 0.1121508426678417 0
-0.0238970536266163 0.01998403915460908 0
0.5167752142370399 -0.3029658208820087 0
1.011130037462226 -5.065283033870667 0
0.5242103935366036 -0.4743396960615391 0
0.4211428621624594 -0.1738882789574953 0
0.06736599655842045 -0.496302855965207 0
0.5547759805288995 -0.2783462699601971 0
0.5009654278372007 -0.4839506159188577 0
0.554250774751294 -1.672308502705359 0
0.4416543697409756 -0.1825272253798628 0
-1.638823650823518 -0.6385474696572975 0
-0.08553541489119712 -0.3424837645642576 0
-0.2382989506190834 -0.2053077689208357 0
-3.038914346369397 -1.919388005868626 0
0.6006482923458351 -0.5238672456199005 0
4.210392771251624 -3.529276589940938 0
0.6739658161045757 -0.5916003406926909 0
0.02311713572227158 -0.0572684416704527 0
1.400301966891777 -0.01061419392456728 0
-2.353402323896796 1.522739596431102 0
0.3062083385236352 -0.7984545652931219 0
3.805511496549256 -4.378485338644127 0
1.13974231938861 -0.5096234783543302 0
0.2955555558857921 -0.1747022273816355 0
0.1785273649964837 -0.1829762352605983 0
-1.183567679737523 1.617732247609117 0
0.2346971154049336 -0.1252921424684679 0
0.4553202386980787 -0.3420650349882648 0
0.8524863258169937 -2.186062230522858 0
0.6122062777933297 -0.5448429627383407 0
0.4136905722836919 -0.01371609534310139 0
-0.1407383212128399 -0.095898641937116 0
0.4631509949841227 -0.3458297210107169 0
0.0202189661936049 -0.4203643020609006 0
0.4700776049156205 -0.1993866033846577 0
0.3978499186800017 -0.3782195202405513 0
0.9537295999765216 -0.3391564434836938 0
0.413059041971363 -3.797443550843442 0
-0.05570632053989481 -0.01048976759275582 0
0.1723402215316571 -0.07820410916955148 0
-0.02622513452044532 -0.08019390579666943 0
-4.19882466565832 1.244165111035268 0
-0.2909604933080099 -0.4671688662632112 0
0.3658882022668576 -0.2641400678844625 0
2.266131578055186 -1.304165677056375 0
0.5443474385026317 -0.1275348538941752 0
0.6231985309070249 -0.9009877563882952 0
0.543647328552341 -0.5337818668339889 0
3.844351649565096 -0.05467653578996093 0
1.192664731307114 -0.9056749983192128 0
0.01440379904790693 -0.02061895870498635 0
1.767428713632082 0.5725305359730742 0
0.725322152524485 -0.5848966252825758 0
0.4897045787914741 0.5355772160444116 0
3.052437659807614 2.029488280694475 0
0.933099953270257 -1.378633028613025 0
2.029152235643647 -4.033315686777026 0
0.342040284368432 -0.2185546410265712 0
1.478173418695358 1.915705132425395 0
-1.178201291232738 0.356433248915958 0
-0.02841751353167917 -0.0007480081075497066 0
1.930002460319793 -0.4476055263385714 0
-1.940315522618651 -0.1132553979147507 0
0.317308809693053 -0.225498925409605 0
-3.115128465277103 0.4739970100506018 0
0.7023126698056807 -0.5365872106679291 0
-0.3690426212162972 -0.3787583731061258 0
0.3114032317993238 -0.3303009871013576 0
0.2196850058386434 -1.13160360093298 0
0.6427752382496853 -0.5638145605768272 0
0.6347877139952286 -0.562177981323744 0
-0.7234507618076362 0.8208793830228187 0
0.5785244988220284 -0.5163567800186355 0
1.350576565790172 0.3315824767754836 0
0.4995115683462945 -0.5849004612116485 0
-0.09649335210159415 -0.1648226637224495 0
0.1160066070688108 -0.03163104078317918 0
-2.917748791220881 1.134175705283232 0
0.2255211174805114 -0.2492470364971328 0
2.031909230520862 -0.3076675701616869 0
-0.6033108971393228 -1.053547893790516 0
2.903108779023151 -0.6477980243651782 0
0.08257947209915938 -0.3223035954018449 0
0.2920478787871079 -0.2051515984450083 0
0.3801196245581417 -0.235558407088118 0
2.686089501553967 4.750742546338105 0
0.5774367395134412 -0.5642976000120133 0
-4.440344886222784 2.672412513097924 0
0.305625945508007 -2.147158245136629 0
$EndNodes
$Elements
105 9838 1 9838
1 1 1 1
1 1 2 
1 2 1 1
2 2 3 
1 3 1 1
3 3 4 
1 4 1 1
4 4 5 
1 5 1 1
5 5 6 
1 6 1 1
6 6 7 
1 7 1 1
7 7 8 
1 8 1 1
8 8 9 
1 9 1 1
9 9 10 
1 10 1 1
10 10 11 
1 11 1 1
11 11 12 
1 12 1 1
12 12 13 
1 13 1 1
13 13 14 
1 14 1 1
14 14 15 
1 15 1 1
15 15 16 
1 16 1 1
16 16 17 
1 17 1 1
17 17 18 
1 18 1 1
18 18 19 
1 19 1 1
19 19 20 
1 20 1 1
20 20 21 
1 21 1 1
21 21 22 
1 22 1 1
22 22 23 
1 23 1 1
23 23 24 
1 24 1 1
24 24 25 
1 25 1 1
25 25 26 
1 26 1 1
26 26 27 
1 27 1 1
27 27 28 
1 28 1 1
28 28 29 
1 29 1 1
29 29 30 
1 30 1 1
30 30 31 
1 31 1 1
31 31 32 
1 32 1 1
32 32 33 
1 33 1 1
33 33 34 
1 34 1 1
34 34 35 
1 35 1 1
35 35 36 
1 36 1 1
36 36 37 
1 37 1 1
37 37 38 
1 38 1 1
38 38 39 
1 39 1 1
39 39 40 
1 40 1 1
40 40 41 
1 41 1 1
41 41 42 
1 42 1 1
42 42 43 
1 43 1 1
43 43 44 
1 44 1 1
44 44 45 
1 45 1 1
45 45 46 
1 46 1 1
46 46 47 
1 47 1 1
47 47 48 
1 48 1 1
48 48 49 
1 49 1 1
49 49 50 
1 50 1 1
50 50 51 
1 51 1 1
51 51 52 
1 52 1 1
52 52 53 
1 53 1 1
53 53 54 
1 54 1 1
54 54 55 
1 55 1 1
55 55 56 
1 56 1 1
56 56 57 
1 57 1 1
57 57 58 
1 58 1 1
58 58 59 
1 59 1 1
59 59 60 
1 60 1 1
60 60 61 
1 61 1 1
61 61 62 
1 62 1 1
62 62 63 
1 63 1 1
63 63 64 
1 64 1 1
64 64 65 
1 65 1 1
65 65 66 
1 66 1 1
66 66 67 
1 67 1 1
67 67 68 
1 68 1 1
68 68 69 
1 69 1 1
69 69 70 
1 70 1 1
70 70 71 
1 71 1 1
71 71 72 
1 72 1 1
72 72 73 
1 73 1 1
73 73 74 
1 74 1 1
74 74 75 
1 75 1 1
75 75 76 
1 76 1 1
76 76 77 
1 77 1 1
77 77 78 
1 78 1 1
78 78 79 
1 79 1 1
79 79 80 
1 80 1 1
80 80 81 
1 81 1 1
81 81 82 
1 82 1 1
82 82 83 
1 83 1 1
83 83 84 
1 84 1 1
84 84 85 
1 85 1 1
85 85 86 
1 86 1 1
86 86 87 
1 87 1 1
87 87 88 
1 88 1 1
88 88 89 
1 89 1 1
89 89 90 
1 90 1 1
90 90 91 
1 91 1 1
91 91 92 
1 92 1 1
92 92 93 
1 93 1 1
93 93 94 
1 94 1 1
94 94 95 
1 95 1 1
95 95 96 
1 96 1 1
96 96 97 
1 97 1 1
97 97 98 
1 98 1 1
98 98 99 
1 99 1 1
99 99 100 
1 100 1 1
100 100 1 
1 101 1 51
101 101 105 
102 105 106 
103 106 107 
104 107 108 
105 108 109 
106 109 110 
107 110 111 
108 111 112 
109 112 113 
110 113 114 
111 114 115 
112 115 116 
113 116 117 
114 117 118 
115 118 119 
116 119 120 
117 120 121 
118 121 122 
119 122 123 
120 123 124 
121 124 125 
122 125 126 
123 126 127 
124 127 128 
125 128 129 
126 129 130 
127 130 131 
128 131 132 
129 132 133 
130 133 134 
131 134 135 
132 135 136 
133 136 137 
134 137 138 
135 138 139 
136 139 140 
137 140 141 
138 141 142 
139 142 143 
140 143 144 
141 144 145 
142 145 146 
143 146 147 
144 147 148 
145 148 149 
146 149 150 
147 150 151 
148 151 152 
149 152 153 
150 153 154 
151 154 102 
1 102 1 51
152 102 155 
153 155 156 
154 156 157 
155 157 158 
156 158 159 
157 159 160 
158 160 161 
159 161 162 
160 162 163 
161 163 164 
162 164 165 
163 165 166 
164 166 167 
165 167 168 
166 168 169 
167 169 170 
168 170 171 
169 171 172 
170 172 173 
171 173 174 
172 174 175 
173 175 176 
174 176 177 
175 177 178 
176 178 179 
177 179 180 
178 180 181 
179 181 182 
180 182 183 
181 183 184 
182 184 185 
183 185 186 
184 186 187 
185 187 188 
186 188 189 
187 189 190 
188 190 191 
189 191 192 
190 192 193 
191 193 194 
192 194 195 
193 195 196 
194 196 197 
195 197 198 
196 198 199 
197 199 200 
198 200 201 
199 201 202 
200 202 203 
201 203 204 
202 204 103 
1 103 1 51
203 103 205 
204 205 206 
205 206 207 
206 207 208 
207 208 209 
208 209 210 
209 210 211 
210 211 212 
211 212 213 
212 213 214 
213 214 215 
214 215 216 
215 216 217 
216 217 218 
217 218 219 
218 219 220 
219 220 221 
220 221 222 
221 222 223 
222 223 224 
223 224 225 
224 225 226 
225 226 227 
226 227 228 
227 228 229 
228 229 230 
229 230 231 
230 231 232 
231 232 233 
232 233 234 
233 234 235 
234 235 236 
235 236 237 
236 237 238 
237 238 239 
238 239 240 
239 240 241 
240 241 242 
241 242 243 
242 243 244 
243 244 245 
244 245 246 
245 246 247 
246 247 248 
247 248 249 
248 249 250 
249 250 251 
250 251 252 
251 252 253 
252 253 254 
253 254 104 
1 104 1 51
254 104 255 
255 255 256 
256 256 257 
257 257 258 
258 258 259 
259 259 260 
260 260 261 
261 261 262 
262 262 263 
263 263 264 
264 264 265 
265 265 266 
266 266 267 
267 267 268 
268 268 269 
269 269 270 
270 270 271 
271 271 272 
272 272 273 
273 273 274 
274 274 275 
275 275 276 
276 276 277 
277 277 278 
278 278 279 
279 279 280 
280 280 281 
281 281 282 
282 282 283 
283 283 284 
284 284 285 
285 285 286 
286 286 287 
287 287 288 
288 288 289 
289 289 290 
290 290 291 
291 291 292 
292 292 293 
293 293 294 
294 294 295 
295 295 296 
296 296 297 
297 297 298 
298 298 299 
299 299 300 
300 300 301 
301 301 302 
302 302 303 
303 303 304 
304 304 101 
2 1 2 9534
305 2872 2875 3418 
306 3020 3021 3022 
307 3027 3026 4792 
308 1901 3019 3020 
309 2089 2643 4442 
310 1897 3016 3017 
311 3607 2649 3688 
312 3134 2545 3451 
313 557 553 2850 
314 2934 2387 4679 
315 1007 3307 4077 
316 2444 3528 4505 
317 2749 1916 3463 
318 673 3596 3995 
319 1219 3784 3944 
320 462 3293 3617 
321 716 718 3083 
322 3588 2417 3596 
323 2708 346 3837 
324 2164 3184 3453 
325 2910 1757 2911 
326 1103 4060 4270 
327 3652 1040 4443 
328 2124 2757 2922 
329 2589 1998 4302 
330 3000 1716 3001 
331 2792 3600 3691 
332 305 2863 2864 
333 2567 2802 3979 
334 4291 4106 4599 
335 7 8 3252 
336 2921 323 3643 
337 3490 3196 3930 
338 3220 1066 3889 
339 2796 1093 3065 
340 2787 2359 3266 
341 899 1031 3346 
342 2457 2981 4627 
343 1426 2961 2962 
344 2827 1075 3142 
345 841 738 2838 
346 321 3727 4516 
347 323 2921 4625 
348 1031 2786 3346 
349 1717 1716 3000 
350 3052 3053 3526 
351 1075 2827 3143 
352 346 2708 3692 
353 2254 2791 2792 
354 1893 3013 3014 
355 3596 2415 3995 
356 942 3983 4198 
357 3621 4017 4293 
358 1307 2971 4144 
359 3704 4035 4531 
360 3895 3812 4571 
361 2632 1201 3824 
362 4060 2655 4270 
363 1311 2729 3147 
364 3436 3432 4086 
365 3017 3018 3240 
366 3420 1283 4497 
367 1642 3108 4510 
368 461 3490 3930 
369 3048 2428 3049 
370 2733 1663 3235 
371 2767 3522 4082 
372 3049 2428 3300 
373 3327 1334 3663 
374 2643 2089 4015 
375 1087 2648 4454 
376 2676 355 3579 
377 3307 1007 3819 
378 2670 543 4209 
379 3688 2649 4478 
380 2795 988 3309 
381 2708 3514 3692 
382 3784 1219 4644 
383 352 3812 3895 
384 2228 3766 4245 
385 3017 3016 3018 
386 522 2813 2814 
387 2124 1807 2757 
388 3020 3019 3021 
389 2695 2821 2822 
390 3623 2593 4194 
391 3521 2408 4164 
392 2359 2787 3192 
393 47 48 3423 
394 2067 2903 2905 
395 1532 3432 3433 
396 2816 1854 4053 
397 2121 2803 2804 
398 3313 490 3582 
399 2456 1919 2901 
400 794 858 3339 
401 2472 2011 2887 
402 784 2801 3138 
403 2312 2861 3077 
404 2961 2809 2962 
405 1435 1721 3635 
406 2899 2342 3604 
407 2608 3545 3653 
408 2744 2745 2747 
409 2307 3877 3948 
410 1999 2727 3369 
411 2608 1293 3545 
412 2736 1255 4569 
413 3510 2646 4353 
414 3284 622 3883 
415 1094 1015 3367 
416 1897 1894 3016 
417 2784 1527 3454 
418 1537 1283 3420 
419 3748 2228 4245 
420 3014 3013 3015 
421 2580 2191 3235 
422 3516 2258 4042 
423 929 1011 3025 
424 3231 1689 3232 
425 2801 784 3194 
426 622 3284 3676 
427 3014 3015 3368 
428 2636 3225 3226 
429 3528 3223 4505 
430 1901 1898 3019 
431 763 789 3072 
432 3293 462 3939 
433 490 3313 3911 
434 3983 3482 4198 
435 2616 4319 4572 
436 360 3239 4180 
437 3024 3026 3027 
438 2151 2153 3557 
439 65 326 3720 
440 3857 3092 4482 
441 806 795 3109 
442 2077 2078 3461 
443 2067 2905 2906 
444 368 3473 4041 
445 2729 1311 3146 
446 2312 1968 2861 
447 2648 1087 3845 
448 565 569 3148 
449 3736 2907 4225 
450 1171 3422 3690 
451 2734 941 2750 
452 4106 1470 4599 
453 1437 1269 4044 
454 2304 3271 3594 
455 1916 2749 4552 
456 2266 2938 3186 
457 468 3591 4166 
458 2907 3736 4529 
459 1091 3230 3826 
460 4145 2625 4230 
461 3256 2264 3334 
462 2477 2632 3824 
463 2727 3141 3369 
464 1419 3198 3199 
465 2042 2799 4603 
466 2680 4045 4465 
467 3047 1073 3209 
468 2589 3390 4037 
469 1015 1068 3367 
470 2439 2985 4121 
471 2377 3206 3489 
472 675 1417 2800 
473 3072 789 3114 
474 508 506 3120 
475 3093 2883 3679 
476 3355 2375 4102 
477 3449 1482 3848 
478 355 2676 3578 
479 3390 444 4037 
480 225 224 3485 
481 2744 1672 2745 
482 2536 2534 3874 
483 1277 2766 4010 
484 2923 2922 3696 
485 3676 3251 4186 
486 1428 3247 3248 
487 2875 2878 3418 
488 618 557 2850 
489 543 2670 4344 
490 8 336 3252 
491 3541 1423 3591 
492 3052 3526 4640 
493 2627 4137 4437 
494 1532 3433 4154 
495 1699 3035 4561 
496 419 2741 3253 
497 2221 2219 3766 
498 1298 3265 4181 
499 2543 3072 3114 
500 2531 2948 2949 
501 1893 1890 3013 
502 1437 4044 4567 
503 2387 2443 4679 
504 2808 2816 4053 
505 1183 2852 2853 
506 632 3263 3517 
507 913 915 3567 
508 2611 3633 4180 
509 2281 3459 3460 
510 2261 1757 2910 
511 941 2734 2776 
512 716 3083 3525 
513 1066 3220 4456 
514 2475 2935 4375 
515 1815 3200 4117 
516 2656 4384 4425 
517 858 1498 3339 
518 2375 3355 3948 
519 2590 3255 4122 
520 2600 3630 3631 
521 339 3159 3699 
522 305 2864 4666 
523 841 2838 4192 
524 3001 1716 3002 
525 1663 2733 4079 
526 3046 1017 3358 
527 3177 2792 3691 
528 4035 2626 4531 
529 1255 2736 4694 
530 3493 2756 4614 
531 3447 3582 3974 
532 3108 3998 4510 
533 3120 506 3598 
534 956 954 3144 
535 2257 3318 3319 
536 4044 2594 4567 
537 2766 1277 4352 
538 2534 3114 3874 
539 892 2965 2967 
540 819 3243 3659 
541 2790 2092 2840 
542 2457 2980 2981 
543 1708 2754 3978 
544 2830 1922 2832 
545 2084 2929 4158 
546 740 2837 2838 
547 2836 2616 4572 
548 2781 1241 3557 
549 2991 3193 4009 
550 2892 2894 2896 
551 2799 4140 4603 
552 3004 3232 3233 
553 2578 3521 4551 
554 616 3510 4353 
555 1860 3342 4081 
556 2000 1999 3369 
557 2843 1911 2844 
558 4004 2413 4169 
559 1178 3059 3060 
560 2191 2733 3235 
561 4137 1077 4437 
562 3372 3543 3868 
563 1422 806 3109 
564 3007 3327 3663 
565 2935 2475 3123 
566 1351 3731 4259 
567 2413 3403 4169 
568 2808 2807 2816 
569 3934 1221 4045 
570 3184 2164 4651 
571 3541 494 4196 
572 1083 3493 4614 
573 1438 3046 4019 
574 333 3575 3789 
575 2000 3369 4592 
576 956 3144 3145 
577 3473 2674 4041 
578 1690 1689 3231 
579 1879 2915 2917 
580 2636 3224 3225 
581 3495 467 4114 
582 2263 2778 3008 
583 3489 526 3539 
584 1200 2925 2926 
585 3263 3210 3517 
586 2417 3588 3589 
587 2588 3541 3591 
588 3727 3483 4516 
589 2469 3294 3830 
590 2254 1811 2791 
591 2121 1850 2803 
592 1581 2797 4719 
593 3153 2093 3155 
594 563 565 3148 
595 2640 2044 2994 
596 323 2717 3643 
597 2262 3061 3062 
598 2590 3254 3255 
599 2674 3158 4041 
600 3014 3368 4323 
601 1208 1129 2764 
602 3095 4013 4101 
603 3509 2212 4554 
604 2835 3326 4282 
605 327 3117 3156 
606 2938 2420 3186 
607 3290 691 3852 
608 2396 3343 4471 
609 2695 2690 2821 
610 1397 3166 3167 
611 4041 3158 4343 
612 824 3436 4086 
613 1971 2962 3570 
614 2995 2996 3561 
615 2812 2035 3036 
616 2719 3651 4425 
617 468 3590 3591 
618 2461 3419 4307 
619 3514 357 3692 
620 3160 3393 4155 
621 2601 3652 4443 
622 1311 571 3146 
623 2835 2834 3326 
624 1109 1111 2723 
625 2461 3409 3419 
626 3986 1307 4144 
627 1176 3203 4120 
628 4065 2379 4484 
629 1072 2627 4437 
630 2317 2671 4281 
631 1919 1840 2901 
632 3522 2767 4614 
633 3342 1860 3800 
634 2472 2887 2888 
635 343 3857 4482 
636 3839 3495 4114 
637 4129 2448 4331 
638 923 940 3511 
639 653 655 2993 
640 3795 3259 4090 
641 3230 2651 3826 
642 2210 2212 3509 
643 2243 2809 2961 
644 2395 3513 4364 
645 1954 2359 3192 
646 1616 2907 4529 
647 2384 2779 4662 
648 4281 2671 4514 
649 2627 1072 4531 
650 905 907 3466 
651 2788 330 3804 
652 1943 3088 3089 
653 3294 2469 4546 
654 3594 3459 3967 
655 2908 311 4399 
656 2741 419 4600 
657 2799 2042 3438 
658 2011 1830 2887 
659 3566 3474 3921 
660 3001 3002 3179 
661 2033 2978 2980 
662 1576 1954 3192 
663 1208 2764 3863 
664 1323 2683 3050 
665 2531 2533 2948 
666 494 3541 4534 
667 398 3080 3082 
668 16 17 3579 
669 2782 2117 2889 
670 2411 3566 3921 
671 2986 1583 3124 
672 741 3636 4064 
673 1582 1922 2830 
674 2456 2901 2902 
675 2950 2544 2990 
676 2513 2866 3907 
677 3445 1298 4181 
678 2542 2944 2946 
679 3101 2107 3229 
680 3004 3231 3232 
681 3843 2574 4199 
682 2822 2821 4480 
683 3298 4004 4169 
684 3266 783 4897 
685 669 1079 3497 
686 3460 1615 3461 
687 1938 2964 2966 
688 4282 3556 4481 
689 2779 2384 4795 
690 927 1083 2780 
691 2578 2408 3521 
692 2922 709 3696 
693 3222 2463 3618 
694 2258 1435 3635 
695 2451 3805 4482 
696 2962 1971 3961 
697 3101 3229 3564 
698 3201 2677 4422 
699 2785 1228 4363 
700 825 3111 3113 
701 2135 3143 3936 
702 2723 1111 4716 
703 2899 3604 4697 
704 1803 1801 2746 
705 2961 1426 3960 
706 1971 3570 3903 
707 335 4145 4230 
708 2754 1708 4734 
709 1204 1145 2912 
710 3794 2068 4322 
711 2090 2855 3825 
712 726 840 3946 
713 3018 3014 4323 
714 3909 3122 4202 
715 498 2789 3216 
716 2826 1091 3826 
717 1616 2067 2907 
718 4045 517 4465 
719 1670 1672 2744 
720 2797 1581 3475 
721 2262 1697 3061 
722 2775 834 3393 
723 3540 315 4138 
724 2896 2894 4619 
725 4175 2462 4412 
726 622 3676 4186 
727 2614 3082 3675 
728 3549 1484 3572 
729 3536 2425 4904 
730 3679 2883 4299 
731 2717 323 4265 
732 2631 2656 4425 
733 2980 2978 2981 
734 502 539 3279 
735 348 47 3423 
736 2424 2425 3536 
737 914 1093 2796 
738 2791 2124 2923 
739 3369 3113 4592 
740 1854 2816 3775 
741 2035 2812 2919 
742 3479 3434 4127 
743 1241 2781 4618 
744 3046 2556 4019 
745 3449 2127 3739 
746 4017 837 4293 
747 659 656 3049 
748 2800 1417 4527 
749 3280 1155 3730 
750 2929 2084 4642 
751 2911 1757 4754 
752 3048 1008 3234 
753 1726 1717 3000 
754 1181 1175 2865 
755 3079 2367 4392 
756 3422 2954 3690 
757 3258 1250 4210 
758 2600 3631 3632 
759 713 3525 4591 
760 1539 1376 2886 
761 1790 2475 3973 
762 3160 1560 3161 
763 2791 2923 4371 
764 3025 1011 4583 
765 1189 2931 4637 
766 767 3134 3451 
767 1004 2774 3741 
768 3399 3819 3842 
769 2078 2281 3461 
770 1183 1159 2852 
771 1651 1667 3365 
772 571 573 3146 
773 2049 3273 4253 
774 2396 2966 3343 
775 2680 3934 4045 
776 3017 3240 4390 
777 3257 1482 3449 
778 3473 3331 3906 
779 3387 2594 4044 
780 3584 3187 4785 
781 1699 1394 3035 
782 1527 2784 4055 
783 941 891 2751 
784 2067 1551 2903 
785 1764 2168 3336 
786 3082 2614 4584 
787 2951 2953 2955 
788 2568 2567 3979 
789 2854 1184 2855 
790 3543 969 3868 
791 3070 337 3585 
792 3539 526 4522 
793 2068 2118 4322 
794 2832 3258 4210 
795 3333 2161 3906 
796 922 923 3511 
797 2914 1956 2916 
798 3187 3584 4393 
799 908 1077 2811 
800 785 3139 3140 
801 3301 4159 4309 
802 2965 892 3761 
803 1178 3060 4508 
804 3651 2719 4540 
805 3287 1416 4241 
806 4257 2724 4397 
807 3206 405 3489 
808 3845 1088 3929 
809 3209 1073 4451 
810 2749 3798 4552 
811 2821 2823 4480 
812 2044 1496 2994 
813 2939 1791 3054 
814 3687 3959 4214 
815 2273 2986 3124 
816 1095 887 2913 
817 3550 613 4346 
818 2849 618 2850 
819 3262 2483 3464 
820 2326 3569 4226 
821 2496 3401 4365 
822 2020 2342 2899 
823 2778 2263 3470 
824 2991 4009 4043 
825 3282 1424 3414 
826 2093 3153 3165 
827 2810 728 4369 
828 2716 3102 3644 
829 2428 3048 3234 
830 3432 1532 4086 
831 2946 2944 4667 
832 1200 1191 2925 
833 1416 3287 4203 
834 1889 3011 3012 
835 3459 2281 3967 
836 1127 3240 3241 
837 2390 3313 3650 
838 1001 3306 3308 
839 1118 2709 4514 
840 4013 774 4101 
841 750 3503 4881 
842 1322 1429 2681 
843 3042 3029 3043 
844 3118 1352 3799 
845 2395 3063 3513 
846 3143 2827 3936 
847 658 3421 4735 
848 2802 2801 3194 
849 3401 2496 4216 
850 3926 4115 4241 
851 3819 1007 3842 
852 3720 326 4664 
853 2774 1004 4669 
854 347 3238 3239 
855 314 3600 4371 
856 2111 2616 2836 
857 3569 2576 4226 
858 2780 1083 4538 
859 2914 2916 3118 
860 3669 1527 4055 
861 2951 2001 2953 
862 713 716 3525 
863 3877 2375 3948 
864 1201 2632 3554 
865 2426 2418 3589 
866 1803 2746 4761 
867 3021 3017 4390 
868 910 3029 3042 
869 3390 2589 4302 
870 2513 3907 4079 
871 311 2908 4142 
872 2845 2844 2846 
873 2609 2796 3065 
874 1912 1911 2843 
875 2803 1923 2805 
876 1181 2865 4095 
877 370 3256 3334 
878 2025 2755 3063 
879 355 16 3579 
880 698 2935 3123 
881 3443 2822 4671 
882 633 3887 3994 
883 728 2810 3302 
884 3159 339 3698 
885 2281 3460 3461 
886 3331 3333 3906 
887 3121 1527 3669 
888 2950 2990 4500 
889 3636 2404 4064 
890 3731 2617 4259 
891 3298 2068 3794 
892 3293 1425 3446 
893 2640 2995 3673 
894 825 811 3111 
895 2077 3461 3462 
896 2944 2945 4667 
897 2598 2931 3850 
898 1220 225 3485 
899 347 3237 3238 
900 3979 2802 4301 
901 3180 307 4559 
902 1228 2785 4449 
903 873 929 3025 
904 3573 1413 4712 
905 2648 3845 3929 
906 988 2795 4767 
907 1786 4110 4190 
908 1320 1323 3050 
909 522 2814 3455 
910 4354 1292 4395 
911 2508 2572 3147 
912 2640 2994 2995 
913 2846 1386 4455 
914 398 3082 4584 
915 2339 2720 3304 
916 3887 3278 3994 
917 2545 3134 4091 
918 3371 3372 3788 
919 2440 2764 4267 
920 1212 1109 2723 
921 1995 1443 3122 
922 3150 3409 3751 
923 3477 1013 4779 
924 3901 3969 4198 
925 4331 2448 4377 
926 2976 4350 4456 
927 2392 1791 2939 
928 1687 2210 4223 
929 2637 3550 4346 
930 1397 3167 4288 
931 1009 913 3567 
932 2828 527 3456 
933 3798 2909 4552 
934 3648 4014 4495 
935 2463 3222 4412 
936 722 3302 3407 
937 834 2775 3083 
938 2171 3249 3308 
939 1922 1580 2834 
940 1718 2891 2892 
941 718 834 3083 
942 2746 2744 2747 
943 2985 2439 4267 
944 916 905 3466 
945 2939 2574 3843 
946 1243 1118 4514 
947 2747 2745 4357 
948 2091 1325 2092 
949 869 3024 3027 
950 2942 2396 2943 
951 3318 2257 3557 
952 1386 2846 3777 
953 3773 4068 4484 
954 697 698 3123 
955 3239 360 4382 
956 2977 2395 2979 
957 1269 1297 4044 
958 2255 2254 3177 
959 3371 972 3373 
960 3582 490 3974 
961 2850 553 4722 
962 3907 1663 4079 
963 1943 3089 3090 
964 2758 3316 3814 
965 2811 1077 4495 
966 2728 4291 4599 
967 2805 1923 3729 
968 2976 2975 4350 
969 2866 2513 3878 
970 797 2924 3109 
971 2542 2535 2944 
972 4159 2622 4309 
973 1204 2912 4266 
974 2751 891 4626 
975 3198 1419 3950 
976 3068 4113 4518 
977 2843 2844 2845 
978 3200 2926 4117 
979 1426 2962 3961 
980 3736 3232 4529 
981 3601 2923 3696 
982 3110 1010 3526 
983 337 3070 4393 
984 2081 3067 3068 
985 738 740 2838 
986 2304 3594 3967 
987 1476 1477 1670 
988 2261 2910 4097 
989 2612 2092 2790 
990 740 743 2837 
991 1107 1108 1109 
992 2928 1209 2929 
993 2822 4480 4671 
994 4110 2479 4190 
995 4110 1786 4165 
996 4050 4051 4679 
997 3075 2685 3962 
998 3207 4233 4243 
999 618 2849 3135 
1000 2153 2781 3557 
1001 3258 3259 3795 
1002 832 849 3980 
1003 3053 3110 3526 
1004 3478 1000 4312 
1005 4325 3847 4326 
1006 2686 2685 3125 
1007 540 3623 4194 
1008 3193 2549 4796 
1009 649 651 3558 
1010 2789 498 4670 
1011 2997 2187 2998 
1012 2061 2250 3544 
1013 672 675 2800 
1014 1039 2666 4273 
1015 2764 2440 3863 
1016 4235 1227 4646 
1017 4068 1609 4484 
1018 1585 2777 3861 
1019 2798 3475 3477 
1020 2963 2353 2965 
1021 2842 322 4894 
1022 2553 3046 3358 
1023 3575 333 4702 
1024 2544 2539 2990 
1025 4170 3538 4370 
1026 2746 2747 4330 
1027 479 2839 4300 
1028 3244 3282 3414 
1029 3076 3666 4447 
1030 1107 1109 1212 
1031 2421 2762 4521 
1032 1318 3052 4640 
1033 1503 1792 3036 
1034 4434 734 4687 
1035 3324 3068 4518 
1036 2004 1562 3121 
1037 3881 4000 4567 
1038 1318 3050 3052 
1039 3989 3593 4398 
1040 3138 2801 4798 
1041 753 3649 4585 
1042 1013 1012 4779 
1043 2832 1922 2833 
1044 2950 916 3466 
1045 1091 2826 3142 
1046 4180 3239 4688 
1047 544 3066 3836 
1048 2130 3521 4164 
1049 968 966 3321 
1050 3334 2264 3566 
1051 3208 1051 3361 
1052 815 1073 3047 
1053 3173 2089 4442 
1054 785 771 3139 
1055 3207 2365 4021 
1056 3212 2307 3948 
1057 2068 3298 4169 
1058 1042 958 3145 
1059 2696 2695 3057 
1060 3118 2916 4337 
1061 1414 4092 4367 
1062 1433 3214 3447 
1063 3633 2611 4520 
1064 4092 2517 4367 
1065 3160 2775 3393 
1066 3174 3175 3836 
1067 3024 873 3025 
1068 3308 3249 3309 
1069 1079 2101 3497 
1070 825 3113 3369 
1071 3262 4188 4269 
1072 3030 1592 3031 
1073 901 899 3346 
1074 22 23 3268 
1075 1074 3055 3288 
1076 2593 2594 4194 
1077 3575 3577 3789 
1078 668 653 2993 
1079 7 3252 4620 
1080 3461 1615 4446 
1081 3431 3436 4820 
1082 2796 2609 4645 
1083 1998 2348 4302 
1084 3527 2299 4239 
1085 3254 2590 4867 
1086 2168 2897 3336 
1087 3355 2268 3963 
1088 3184 438 3453 
1089 1652 1651 3365 
1090 3423 48 4524 
1091 2462 2463 4412 
1092 2946 1009 3567 
1093 2852 1184 2854 
1094 2399 2912 3554 
1095 3233 3232 3736 
1096 2895 2892 2896 
1097 2762 2675 4521 
1098 3122 693 4202 
1099 839 3207 4021 
1100 3699 1760 4261 
1101 3415 3719 3741 
1102 1261 2123 3236 
1103 45 46 3632 
1104 1801 2744 2746 
1105 3175 3592 3836 
1106 750 3491 3503 
1107 2955 2953 3912 
1108 1880 1879 2917 
1109 2507 2730 3931 
1110 3094 2645 3095 
1111 3289 3290 3852 
1112 2681 1429 4629 
1113 2549 2721 4796 
1114 1135 1139 2983 
1115 2813 522 4535 
1116 797 800 2924 
1117 398 394 3080 
1118 3203 1176 4113 
1119 1585 3516 4042 
1120 4139 3533 4612 
1121 2787 3266 4897 
1122 2731 4354 4395 
1123 3104 2206 3105 
1124 3521 1570 4551 
1125 1340 3204 3555 
1126 3617 2276 3884 
1127 578 1089 3272 
1128 2256 2227 3746 
1129 327 3156 4001 
1130 3262 3263 4188 
1131 2995 3561 4078 
1132 1874 1956 2914 
1133 2909 871 3655 
1134 1429 1478 1718 
1135 1083 924 3493 
1136 3102 3020 3644 
1137 1539 2886 4294 
1138 2034 2033 2980 
1139 1321 1319 3189 
1140 2190 1941 3170 
1141 1106 4170 4370 
1142 537 475 3023 
1143 1041 1558 3078 
1144 3225 1862 3228 
1145 77 3130 4224 
1146 3730 1155 4085 
1147 2618 3478 4312 
1148 2180 2960 3448 
1149 3347 3527 4239 
1150 2782 2889 4597 
1151 1397 1321 3189 
1152 3422 1342 3912 
1153 515 3287 3917 
1154 103 4357 4550 
1155 3409 2461 3751 
1156 2041 3920 4283 
1157 2760 2160 2863 
1158 2387 2934 3515 
1159 4007 3548 4426 
1160 588 634 3615 
1161 537 3023 4791 
1162 753 755 3649 
1163 3050 2683 3051 
1164 2769 1208 3863 
1165 1413 3573 4160 
1166 3722 1539 3982 
1167 3022 1355 3738 
1168 3304 2720 3529 
1169 2722 3540 4138 
1170 3127 3345 4276 
1171 4000 1437 4567 
1172 2921 3074 4625 
1173 1801 1670 2744 
1174 1527 1518 3454 
1175 880 3042 3044 
1176 3200 1815 4123 
1177 656 654 3049 
1178 1467 3989 4398 
1179 3202 1301 3718 
1180 2925 1209 2928 
1181 2986 3549 3572 
1182 307 3180 4613 
1183 2096 2645 3094 
1184 2443 2244 2936 
1185 569 1311 3148 
1186 667 3498 3499 
1187 2710 3209 4451 
1188 1866 1863 3224 
1189 2127 3505 3739 
1190 1443 689 3122 
1191 1943 1927 3088 
1192 2255 3177 4054 
1193 2966 2964 3343 
1194 3861 2612 4244 
1195 4154 3433 4762 
1196 3130 77 4606 
1197 3666 3076 4296 
1198 1289 676 3116 
1199 460 2089 3173 
1200 1889 1886 3011 
1201 2121 2804 2806 
1202 3247 3245 3248 
1203 872 866 3218 
1204 3287 2514 3917 
1205 2257 3319 3320 
1206 2749 2641 3798 
1207 1820 2001 2951 
1208 3673 2995 4078 
1209 1956 1872 4760 
1210 3874 3451 4836 
1211 2855 2090 4450 
1212 1111 1114 1312 
1213 4061 4080 4639 
1214 3605 3191 3685 
1215 2661 4083 4549 
1216 1253 2975 3882 
1217 1325 1063 2718 
1218 751 833 4843 
1219 1188 1189 4637 
1220 2892 2891 2894 
1221 1332 3233 3736 
1222 3215 3214 3957 
1223 3247 1428 3941 
1224 1939 1938 2966 
1225 3146 573 3508 
1226 4024 1467 4398 
1227 2917 2915 4806 
1228 3218 4110 4165 
1229 895 941 2776 
1230 4013 3095 4639 
1231 703 1542 2935 
1232 2760 2863 4438 
1233 2945 3466 4408 
1234 667 3497 3498 
1235 4087 3716 4441 
1236 1232 1236 1476 
1237 3036 3037 3365 
1238 3354 3355 3963 
1239 3903 3570 4883 
1240 3072 2543 4615 
1241 2890 751 4843 
1242 2757 2315 2758 
1243 3157 3858 4587 
1244 792 794 3339 
1245 3215 3957 4168 
1246 3193 1044 4009 
1247 795 797 3109 
1248 2729 2508 3147 
1249 2228 2221 3766 
1250 2059 2937 3357 
1251 1184 1164 2856 
1252 1916 1547 3463 
1253 2893 2892 2895 
1254 1562 1522 3121 
1255 399 3058 3149 
1256 2210 3509 4223 
1257 2720 2341 3054 
1258 3403 1225 4169 
1259 1807 1805 2757 
1260 3137 784 3138 
1261 3271 2304 4452 
1262 3012 3011 3104 
1263 3345 1567 4276 
1264 1902 3102 4808 
1265 3141 825 3369 
1266 560 4428 4446 
1267 3299 3207 4243 
1268 2219 2242 3766 
1269 2035 2919 3853 
1270 2983 1139 4739 
1271 3405 902 3662 
1272 2322 2323 3162 
1273 933 1219 3010 
1274 3543 3378 4801 
1275 3271 3272 3594 
1276 2026 2025 3063 
1277 3229 2274 3564 
1278 2100 2673 3359 
1279 4193 2859 4489 
1280 1323 2681 2682 
1281 2046 2396 2942 
1282 1609 4065 4484 
1283 3114 2534 4864 
1284 1462 3479 4127 
1285 3132 2322 4775 
1286 2937 2059 4394 
1287 3105 3613 4568 
1288 2908 2909 3655 
1289 2035 1503 3036 
1290 2257 2151 3557 
1291 3818 3408 4553 
1292 1347 3531 3647 
1293 344 22 3268 
1294 3475 1249 3477 
1295 500 498 3216 
1296 2031 2395 2977 
1297 3719 1004 3741 
1298 1728 2187 2997 
1299 3431 3426 3436 
1300 2107 3101 3492 
1301 2224 2231 3377 
1302 3155 2093 4912 
1303 2127 3449 3848 
1304 4597 4125 4668 
1305 2049 3078 3273 
1306 3496 2298 4488 
1307 2720 3054 3595 
1308 1467 4024 4405 
1309 1068 3366 3367 
1310 3944 3784 4274 
1311 1671 1670 1801 
1312 3651 2631 4425 
1313 2588 2491 3100 
1314 3377 2231 3378 
1315 2695 2822 3057 
1316 2765 826 4653 
1317 421 419 3253 
1318 2935 1542 4375 
1319 2889 2178 3059 
1320 3331 3473 4406 
1321 2317 3993 4280 
1322 2696 3057 4847 
1323 1693 1690 3231 
1324 3833 2589 4037 
1325 1670 1477 1672 
1326 1320 1322 1323 
1327 3246 3245 3247 
1328 727 726 3946 
1329 2206 2176 3098 
1330 3030 3032 3035 
1331 895 2776 4731 
1332 2839 479 4345 
1333 4495 2630 4656 
1334 4384 344 4425 
1335 1289 3116 3703 
1336 580 578 3272 
1337 4340 3894 4365 
1338 3243 819 4149 
1339 2819 3642 4526 
1340 1805 1803 2315 
1341 2081 1715 3067 
1342 2861 2862 4503 
1343 725 728 3302 
1344 1095 2913 4129 
1345 2002 2467 3061 
1346 3401 2512 3668 
1347 1799 2353 2963 
1348 3149 3058 4759 
1349 2201 2989 4424 
1350 3302 2432 3407 
1351 3090 4325 4326 
1352 868 873 3024 
1353 2242 3641 3765 
1354 1504 832 3980 
1355 1039 1098 1107 
1356 3642 4258 4526 
1357 3236 2123 4436 
1358 988 989 3309 
1359 3971 3255 4118 
1360 4300 2703 4502 
1361 1362 1411 3165 
1362 3321 966 4826 
1363 2809 1970 4813 
1364 3788 3372 3868 
1365 972 3371 3788 
1366 2702 4007 4426 
1367 573 585 3508 
1368 2433 3163 3164 
1369 2258 3620 4042 
1370 2761 2760 4438 
1371 3068 3067 3203 
1372 892 2967 2968 
1373 2147 2389 3163 
1374 3621 2371 4017 
1375 939 1314 3285 
1376 3111 3047 3112 
1377 2227 2225 3746 
1378 1200 2926 2927 
1379 3393 834 3407 
1380 840 3435 3946 
1381 2117 1932 2889 
1382 539 500 3216 
1383 3249 2795 3309 
1384 761 763 3072 
1385 2635 2636 3565 
1386 3373 972 3450 
1387 14 15 3580 
1388 3805 343 4482 
1389 1027 3131 4415 
1390 504 502 3279 
1391 3161 1560 3573 
1392 3265 1027 4415 
1393 3220 3889 4251 
1394 1967 2858 2859 
1395 1065 1218 3085 
1396 2982 1135 2983 
1397 2091 2092 2612 
1398 2861 2859 2862 
1399 2998 3606 3674 
1400 1323 1322 2681 
1401 2577 2061 3875 
1402 1382 1592 3030 
1403 1722 1436 4155 
1404 2243 1973 2809 
1405 2347 2262 3457 
1406 2930 1195 4830 
1407 1213 3586 4304 
1408 2848 3562 4469 
1409 3265 2239 4181 
1410 2061 3544 3875 
1411 4083 2704 4549 
1412 2511 2495 3115 
1413 3166 1397 3189 
1414 4333 3116 4475 
1415 3954 4107 4195 
1416 1902 1901 3102 
1417 880 3044 4685 
1418 2418 2417 3589 
1419 3959 1940 4214 
1420 3196 3446 3915 
1421 2484 1707 3174 
1422 3199 3404 4919 
1423 1697 1632 3061 
1424 2109 2076 2760 
1425 1476 1236 1477 
1426 3947 2702 4426 
1427 826 1035 4653 
1428 448 528 3119 
1429 3194 781 4851 
1430 1911 1908 3188 
1431 3035 3032 3559 
1432 878 910 3042 
1433 3633 360 4180 
1434 2092 1325 2718 
1435 4357 103 4755 
1436 3635 1721 4564 
1437 1718 1478 2891 
1438 2982 2983 2984 
1439 1338 3481 3783 
1440 2313 2589 3833 
1441 1411 2093 3165 
1442 1009 2946 4667 
1443 1973 1970 2809 
1444 3805 2451 4246 
1445 2945 4408 4667 
1446 2990 2991 4500 
1447 2907 2906 4225 
1448 2173 2314 2652 
1449 4014 2630 4495 
1450 1575 2088 2933 
1451 2307 3212 3547 
1452 1109 1110 1111 
1453 3319 974 3320 
1454 1419 3199 3938 
1455 1805 2315 2757 
1456 2734 2735 2776 
1457 462 3617 3884 
1458 3969 942 4198 
1459 1116 1118 1243 
1460 2377 3489 3539 
1461 2840 2092 4869 
1462 2884 3722 3982 
1463 3920 2041 4542 
1464 2834 1580 4683 
1465 2676 3579 4151 
1466 1894 1893 3016 
1467 3197 2509 3199 
1468 3562 2848 4347 
1469 2305 2111 2836 
1470 3393 2373 4155 
1471 2543 3114 4864 
1472 3053 3107 3110 
1473 2690 2688 2821 
1474 1898 1897 3019 
1475 4247 3571 4476 
1476 2855 2857 3825 
1477 846 1018 3299 
1478 1558 3201 4422 
1479 3395 4488 4509 
1480 3858 3157 4532 
1481 2309 2305 3491 
1482 3059 1178 3084 
1483 3285 3284 3886 
1484 813 3047 3111 
1485 3600 2792 4371 
1486 3833 3185 3834 
1487 3055 1074 3350 
1488 1018 1276 3299 
1489 3151 1361 3152 
1490 2919 2921 3853 
1491 2635 3565 4478 
1492 3377 3378 3543 
1493 3732 1442 3733 
1494 2806 2804 2842 
1495 3163 2389 3164 
1496 2280 2278 3292 
1497 2889 3059 3084 
1498 748 751 2890 
1499 2580 3235 4899 
1500 1213 1232 3586 
1501 3697 2758 3814 
1502 954 1075 3144 
1503 2936 2243 2961 
1504 866 861 3218 
1505 1850 1848 2803 
1506 2472 2888 3183 
1507 3293 3292 3617 
1508 36 328 3757 
1509 2788 3804 4246 
1510 3389 2868 4901 
1511 4270 2655 4413 
1512 1682 3276 3277 
1513 958 956 3145 
1514 1872 3359 4760 
1515 522 421 3253 
1516 2821 2694 2823 
1517 3198 3197 3199 
1518 651 668 3558 
1519 2902 3190 3191 
1520 2841 2311 4550 
1521 641 3401 3668 
1522 3954 1398 4107 
1523 3284 3883 3886 
1524 730 732 837 
1525 769 785 3134 
1526 3224 1863 4915 
1527 2425 2704 4904 
1528 660 658 4735 
1529 2111 2109 2616 
1530 3978 2754 4260 
1531 1615 3460 3782 
1532 2426 3589 4849 
1533 2238 2973 4512 
1534 3117 327 3157 
1535 3695 2378 4368 
1536 2713 2181 2715 
1537 2853 2852 2854 
1538 3183 1346 3714 
1539 4577 3627 4712 
1540 3273 2976 4253 
1541 781 3176 4851 
1542 2623 3496 4297 
1543 3203 3356 4120 
1544 3168 2433 3608 
1545 2190 3170 3301 
1546 3306 1001 3563 
1547 2652 2314 3599 
1548 1802 1801 1803 
1549 3204 3556 4282 
1550 1416 3926 4241 
1551 1478 1480 2891 
1552 4488 2298 4509 
1553 3535 4011 4229 
1554 3011 2206 3104 
1555 1040 3652 4185 
1556 1667 2812 3365 
1557 3313 2390 3911 
1558 2254 2792 3177 
1559 2718 1063 4748 
1560 1314 1421 3285 
1561 2933 2088 2934 
1562 2661 1763 4083 
1563 2102 2181 2713 
1564 3077 2861 4503 
1565 2684 2682 2685 
1566 975 974 3319 
1567 2412 3219 3220 
1568 2343 3297 3357 
1569 2483 3262 4269 
1570 1412 4087 4441 
1571 3313 2057 3650 
1572 3562 1305 3854 
1573 2322 3627 4775 
1574 871 2909 3798 
1575 1059 3223 3528 
1576 4428 3462 4446 
1577 313 3343 4790 
1578 3066 2484 3836 
1579 2542 2946 2947 
1580 3393 3407 4781 
1581 1789 1790 3973 
1582 732 734 4434 
1583 64 65 3720 
1584 3125 2685 4200 
1585 2126 3350 4810 
1586 1968 1967 2861 
1587 3483 1400 3484 
1588 2859 2858 2860 
1589 1640 1576 3192 
1590 1209 1195 2930 
1591 1052 1033 1298 
1592 776 784 3137 
1593 322 2842 4558 
1594 1566 2185 3366 
1595 527 454 3456 
1596 1811 1809 2791 
1597 3725 2673 4634 
1598 2500 3245 3246 
1599 3481 3610 4680 
1600 1318 1320 3050 
1601 1039 1107 2666 
1602 3036 1792 3037 
1603 3246 3247 3404 
1604 2367 3311 4392 
1605 2811 4495 4656 
1606 3134 785 4103 
1607 665 669 3497 
1608 831 1307 3201 
1609 2677 3201 3986 
1610 2858 1946 4896 
1611 682 4270 4413 
1612 1406 1405 1580 
1613 1286 1261 3236 
1614 1480 2933 4543 
1615 1868 2100 3359 
1616 2364 1977 2590 
1617 1027 1024 3131 
1618 1840 1838 2901 
1619 3675 3082 4063 
1620 2100 2062 2635 
1621 1641 1569 1932 
1622 3199 2509 3404 
1623 1716 1695 3002 
1624 3424 2063 4469 
1625 3291 3293 3446 
1626 1278 4589 4826 
1627 4559 307 4797 
1628 659 3049 4440 
1629 1251 1249 1405 
1630 2124 2922 2923 
1631 2582 3172 4237 
1632 1441 3097 3996 
1633 3653 1702 4111 
1634 1948 1946 2858 
1635 1290 1566 3366 
1636 2863 2831 2864 
1637 787 792 3176 
1638 2804 2803 2805 
1639 3268 2719 4425 
1640 3421 661 4232 
1641 3282 2357 3490 
1642 2863 305 4438 
1643 1107 1098 1108 
1644 2076 1755 2160 
1645 2050 1653 3464 
1646 2115 1300 3217 
1647 2952 2951 2955 
1648 1582 1580 1922 
1649 2684 2685 2686 
1650 2192 3320 3321 
1651 2040 3094 3096 
1652 3487 1507 4034 
1653 334 14 3580 
1654 2150 2257 3320 
1655 2883 3093 3949 
1656 1809 1807 2124 
1657 1114 1116 2675 
1658 1205 2817 2818 
1659 3059 2354 3060 
1660 2412 1935 3219 
1661 3071 761 3072 
1662 344 3268 4425 
1663 1480 1575 2933 
1664 3075 2895 3076 
1665 1417 1289 1569 
1666 1121 1123 1211 
1667 2173 1924 2314 
1668 3947 4426 4730 
1669 3542 2717 4265 
1670 464 460 3173 
1671 2579 3539 4522 
1672 840 856 3435 
1673 2938 2266 3639 
1674 2192 2150 3320 
1675 1952 1919 2455 
1676 2102 1905 2181 
1677 1468 646 3221 
1678 3012 3104 3467 
1679 2688 2686 2694 
1680 2859 2860 4489 
1681 709 2922 4581 
1682 3496 1043 4297 
1683 2888 3530 3531 
1684 3307 3306 3563 
1685 2856 1164 4713 
1686 2590 1977 4867 
1687 3620 2258 3635 
1688 2053 2322 3132 
1689 2086 1973 2243 
1690 3834 3185 4157 
1691 2926 2925 2928 
1692 2042 1262 3438 
1693 3378 3379 3717 
1694 2837 1440 3480 
1695 2504 2509 3197 
1696 1967 1948 2858 
1697 1890 1889 3013 
1698 4011 600 4229 
1699 3412 3562 3854 
1700 2100 2635 2649 
1701 1054 3172 4674 
1702 3631 45 3632 
1703 1444 1443 1632 
1704 2120 1605 3301 
1705 357 3514 4089 
1706 3316 708 3814 
1707 2020 2018 2342 
1708 2417 2415 3596 
1709 789 3451 3874 
1710 2973 3499 4512 
1711 3361 1051 3363 
1712 3576 3575 4702 
1713 3139 4536 4684 
1714 2472 3183 3714 
1715 3210 2259 3517 
1716 1830 1828 2887 
1717 811 813 3111 
1718 658 661 3421 
1719 3243 2449 3659 
1720 2790 2840 4891 
1721 2505 2507 3931 
1722 3217 1764 3336 
1723 667 3499 4232 
1724 1056 1054 1540 
1725 634 3338 3615 
1726 2012 2011 2471 
1727 2823 2824 2825 
1728 1125 1129 1208 
1729 2937 2343 3357 
1730 1718 2892 2893 
1731 1288 3494 4766 
1732 46 348 3632 
1733 2912 2399 4266 
1734 2989 2201 4573 
1735 2017 2016 2018 
1736 3067 2347 3203 
1737 3005 2019 3006 
1738 617 3391 3392 
1739 1118 1121 2709 
1740 2015 2014 2016 
1741 2012 2738 3469 
1742 1852 2121 2807 
1743 605 1043 3396 
1744 3222 536 4412 
1745 3024 3025 3026 
1746 3322 3321 4826 
1747 1357 1361 3151 
1748 3086 2800 4527 
1749 3030 3031 3032 
1750 3088 2653 3089 
1751 3170 1941 3288 
1752 1103 689 1443 
1753 3116 681 4475 
1754 989 1001 3309 
1755 1133 1135 2982 
1756 3032 3031 3033 
1757 4156 2988 4843 
1758 703 707 1542 
1759 586 588 3615 
1760 3744 2256 3746 
1761 3273 3078 4822 
1762 3249 2171 3506 
1763 2357 2290 3195 
1764 1885 2176 2206 
1765 3733 779 4555 
1766 658 659 661 
1767 3579 17 3763 
1768 1054 1052 3172 
1769 1111 1112 1114 
1770 1551 1549 2903 
1771 1952 2737 3472 
1772 1874 1872 1956 
1773 2688 2694 2821 
1774 2996 3560 3561 
1775 1127 3241 4698 
1776 3202 3718 4787 
1777 2195 2615 2885 
1778 3046 1438 4030 
1779 718 720 834 
1780 2685 2682 3962 
1781 4261 1760 4570 
1782 1033 1027 3265 
1783 3250 2233 3251 
1784 2013 1252 2014 
1785 1868 2062 2100 
1786 2076 2160 2760 
1787 1206 2982 2985 
1788 1376 1374 2886 
1789 4080 1485 4639 
1790 2160 2831 2863 
1791 1071 1070 1237 
1792 3279 539 4704 
1793 1885 1883 2176 
1794 3228 1862 4643 
1795 2952 2957 3476 
1796 2516 2117 2782 
1797 1417 1569 1641 
1798 3365 3037 4474 
1799 3270 580 3272 
1800 394 392 3080 
1801 1641 1932 2117 
1802 1037 1039 4273 
1803 396 398 3058 
1804 2455 2456 2722 
1805 823 3071 3073 
1806 1678 2259 3210 
1807 3245 2511 3248 
1808 1011 1010 1070 
1809 1240 1237 1304 
1810 2126 3055 3350 
1811 1976 1975 1977 
1812 3641 2242 3764 
1813 1583 2986 3572 
1814 1970 1968 2312 
1815 2160 2830 2831 
1816 2379 3956 4219 
1817 1439 1288 4766 
1818 1879 1874 2914 
1819 1571 2161 3406 
1820 1868 1866 2062 
1821 3041 723 4473 
1822 2055 4257 4397 
1823 2206 3098 4863 
1824 1394 1384 3035 
1825 2175 2099 2457 
1826 4589 3322 4826 
1827 3203 2347 3356 
1828 2192 3321 3322 
1829 2971 1307 4328 
1830 2750 941 2751 
1831 3098 2918 3099 
1832 483 534 3267 
1833 3019 3017 3021 
1834 3898 3879 4362 
1835 1406 1580 1582 
1836 3206 2377 4391 
1837 1970 2312 4813 
1838 4075 2857 4628 
1839 1901 3020 3102 
1840 1852 1850 2121 
1841 1444 1632 1697 
1842 887 885 2913 
1843 2912 1201 3554 
1844 2905 2904 2908 
1845 2868 2867 4901 
1846 1542 2053 2405 
1847 867 866 868 
1848 1664 2271 3437 
1849 3304 1489 4861 
1850 809 811 825 
1851 542 536 3222 
1852 1809 2124 2791 
1853 1440 748 2890 
1854 860 859 861 
1855 4121 2985 4411 
1856 3002 2169 3003 
1857 3537 841 4192 
1858 2139 2318 3213 
1859 2244 2243 2936 
1860 2832 2833 3258 
1861 863 861 866 
1862 3276 1682 3488 
1863 3323 2445 3324 
1864 3378 3717 3797 
1865 1059 594 3223 
1866 3111 3112 3113 
1867 1251 1405 1406 
1868 1476 1670 1671 
1869 1925 1924 2173 
1870 657 656 658 
1871 3107 3053 4305 
1872 1023 1021 1249 
1873 4225 2906 4805 
1874 2045 2749 3463 
1875 4067 4235 4646 
1876 1813 1811 2254 
1877 3314 2363 3315 
1878 3244 2357 3282 
1879 1714 1697 2262 
1880 1714 2262 2347 
1881 2039 2096 3094 
1882 1131 1133 1206 
1883 661 662 663 
1884 655 654 656 
1885 2405 3132 3133 
1886 1103 1443 1444 
1887 3336 2897 4598 
1888 3070 3186 4393 
1889 746 748 1440 
1890 1489 3304 3529 
1891 2154 3215 3310 
1892 890 894 3512 
1893 1879 2914 2915 
1894 4306 3919 4612 
1895 858 806 859 
1896 2063 2848 4469 
1897 1496 1431 2994 
1898 2292 2357 3244 
1899 4512 3499 4695 
1900 1141 1143 2817 
1901 1154 3178 4840 
1902 3418 1439 4284 
1903 869 868 3024 
1904 1755 1582 2830 
1905 2378 3695 4542 
1906 1822 1820 2951 
1907 2483 2050 3464 
1908 4320 4027 4449 
1909 2571 2899 2900 
1910 675 1289 1417 
1911 653 652 654 
1912 2835 4282 4481 
1913 1208 2769 4658 
1914 3115 2588 3591 
1915 1542 707 2053 
1916 2178 2354 3059 
1917 2342 3005 3007 
1918 2442 4247 4476 
1919 1820 1818 2001 
1920 1226 984 3242 
1921 3282 3490 4841 
1922 1224 1225 3403 
1923 1848 1846 1923 
1924 3176 3339 4301 
1925 2407 2408 2449 
1926 1932 2178 2889 
1927 2903 1916 2904 
1928 3040 1238 3106 
1929 2944 2544 2945 
1930 3063 2755 3513 
1931 2319 3398 3399 
1932 2953 2001 2954 
1933 1842 1840 1919 
1934 3753 4238 4373 
1935 649 648 650 
1936 3126 342 3128 
1937 1838 1836 1877 
1938 2175 2457 2458 
1939 1193 1209 2925 
1940 3066 544 3902 
1941 1946 2235 4896 
1942 751 753 833 
1943 2045 2044 2639 
1944 1828 1826 1913 
1945 2692 2690 2695 
1946 1129 1131 2764 
1947 1528 1515 3402 
1948 2818 3634 4457 
1949 974 968 3321 
1950 2212 3374 3375 
1951 3176 792 3339 
1952 3016 3014 3018 
1953 2799 425 3455 
1954 2193 2195 2885 
1955 2990 2548 2991 
1956 3000 3001 4559 
1957 2002 2338 2467 
1958 3171 1490 3876 
1959 1175 1180 2865 
1960 1139 1141 1205 
1961 2322 3162 3627 
1962 2341 2939 3054 
1963 1832 1830 2011 
1964 1648 2233 3250 
1965 3078 1558 4822 
1966 2046 1959 2396 
1967 2952 2955 2956 
1968 2366 3160 3161 
1969 3307 3563 4077 
1970 3601 314 4371 
1971 2531 2949 4717 
1972 1012 933 3010 
1973 663 664 665 
1974 1632 2002 3061 
1975 1191 1193 2925 
1976 3533 4139 4383 
1977 1848 1923 2803 
1978 2915 2914 3118 
1979 3286 2514 3287 
1980 3104 3105 4568 
1981 1023 1249 1251 
1982 1932 1933 2178 
1983 2033 2031 2977 
1984 663 665 667 
1985 2927 2926 3200 
1986 722 725 3302 
1987 2657 1949 4403 
1988 2384 3966 4795 
1989 4051 4498 4679 
1990 1143 1145 1204 
1991 1425 3293 3939 
1992 2131 2046 2942 
1993 2018 2019 3005 
1994 652 1008 3048 
1995 1359 1362 3165 
1996 927 924 1083 
1997 933 931 1219 
1998 1911 3188 4601 
1999 3064 3704 4531 
2000 651 650 652 
2001 3221 3222 3618 
2002 2178 2179 2354 
2003 1728 1726 2187 
2004 2407 2707 3085 
2005 2747 3813 4330 
2006 2588 3100 3541 
2007 902 3405 4445 
2008 1183 2853 3341 
2009 2173 2653 3088 
2010 1267 1041 3078 
2011 1897 3017 3019 
2012 2649 2635 4478 
2013 1378 1539 3722 
2014 1938 1799 2963 
2015 4675 2659 4791 
2016 2608 3653 4111 
2017 1938 2963 2964 
2018 3535 3534 3851 
2019 3608 2433 4610 
2020 2031 2029 2395 
2021 2025 2022 2571 
2022 3204 1340 3556 
2023 3518 3776 4010 
2024 1189 1191 1200 
2025 687 689 1103 
2026 2163 2167 3382 
2027 1065 3085 3980 
2028 3863 4016 4576 
2029 3973 2475 4375 
2030 2063 3424 3904 
2031 3170 2120 3301 
2032 2981 2978 3485 
2033 3863 2440 4016 
2034 1152 1154 1185 
2035 1838 1877 2901 
2036 2033 2977 2978 
2037 2577 3875 4638 
2038 2676 4151 4479 
2039 3919 4139 4612 
2040 2777 1585 4042 
2041 665 666 669 
2042 3641 3640 3765 
2043 1592 3722 4878 
2044 3408 3818 4015 
2045 2515 1980 3328 
2046 1952 2455 2617 
2047 4528 3740 4746 
2048 3297 2177 3357 
2049 1730 1728 2997 
2050 1170 1173 3056 
2051 1966 1948 1967 
2052 1738 1740 3205 
2053 2176 2918 3098 
2054 1822 2951 2952 
2055 3388 3389 3768 
2056 2405 2053 3132 
2057 929 930 1010 
2058 2012 2471 2473 
2059 1946 1944 2235 
2060 1148 1150 1201 
2061 1145 1148 2912 
2062 1189 1200 2931 
2063 2099 2034 2980 
2064 1540 1054 4674 
2065 1799 1734 2353 
2066 2013 2756 3493 
2067 3626 357 4089 
2068 3032 3033 3034 
2069 920 918 1252 
2070 804 807 1951 
2071 3142 1075 4908 
2072 1070 1010 3110 
2073 931 927 2780 
2074 2692 2695 2696 
2075 815 817 1073 
2076 914 911 1093 
2077 1374 1288 1439 
2078 1237 1238 3040 
2079 3070 3585 4338 
2080 3424 2126 3904 
2081 1159 1161 2852 
2082 4288 3167 4483 
2083 2548 2549 3193 
2084 2143 2154 3310 
2085 3214 3213 3447 
2086 873 874 929 
2087 1451 1453 3742 
2088 3376 2222 3377 
2089 2387 2244 2443 
2090 1206 1133 2982 
2091 2176 2917 2918 
2092 2867 2700 2970 
2093 1071 1237 1240 
2094 2017 2018 2020 
2095 2269 3473 3906 
2096 1828 1913 2887 
2097 1011 1070 1071 
2098 2347 3457 4876 
2099 1157 1159 1183 
2100 1842 1919 1952 
2101 1832 2011 2012 
2102 3135 2849 4257 
2103 2698 2696 3136 
2104 899 897 1031 
2105 1707 1700 3174 
2106 1564 4288 4483 
2107 1244 1263 3289 
2108 1949 3269 4403 
2109 904 901 1072 
2110 3470 1049 4206 
2111 2015 2016 2017 
2112 1262 432 3438 
2113 1695 1693 2169 
2114 2498 2511 3245 
2115 2903 2904 2905 
2116 759 761 3071 
2117 1549 1547 1916 
2118 757 759 823 
2119 1109 1108 1110 
2120 2652 3599 4718 
2121 3013 3012 3015 
2122 1813 2254 2255 
2123 3429 3427 3486 
2124 1817 1857 3849 
2125 3312 2057 3313 
2126 1378 1376 1539 
2127 1173 1175 1181 
2128 658 656 659 
2129 1180 1187 1188 
2130 1166 1168 1182 
2131 1382 1380 1592 
2132 3360 3208 3361 
2133 2319 1918 3398 
2134 2309 3491 4609 
2135 1981 2514 3286 
2136 723 3041 4569 
2137 1094 3367 4605 
2138 669 670 671 
2139 675 676 1289 
2140 895 891 941 
2141 1384 1382 3030 
2142 2029 2026 3063 
2143 2818 2817 2820 
2144 456 527 3408 
2145 2013 2014 2015 
2146 2311 3169 4550 
2147 908 906 1077 
2148 2130 1058 3520 
2149 1632 1995 2002 
2150 1436 1560 4155 
2151 1975 2800 3086 
2152 1893 3014 3016 
2153 1154 1157 3178 
2154 1431 1394 1699 
2155 634 1029 3338 
2156 3329 3328 3637 
2157 3001 3179 3180 
2158 1180 1188 2865 
2159 1883 1880 2917 
2160 3341 2853 3342 
2161 3195 3196 3490 
2162 918 914 2796 
2163 3305 2171 3308 
2164 3148 3147 3923 
2165 1488 4125 4597 
2166 2359 2183 3097 
2167 878 876 910 
2168 880 878 3042 
2169 1161 1164 1184 
2170 1592 1380 3722 
2171 1695 2169 3002 
2172 1526 1511 3413 
2173 2298 3496 4409 
2174 885 883 917 
2175 1906 1905 2102 
2176 3380 2229 3381 
2177 1224 1223 1225 
2178 2115 3217 3336 
2179 2533 2542 2948 
2180 1185 1154 4840 
2181 3706 519 3928 
2182 929 1010 1011 
2183 2982 2984 2985 
2184 646 550 3221 
2185 1616 1551 2067 
2186 3323 1177 4248 
2187 858 859 860 
2188 910 3027 3028 
2189 1114 1115 1116 
2190 598 3347 3348 
2191 700 703 2935 
2192 2998 2187 2999 
2193 2022 2020 2899 
2194 2756 3522 4614 
2195 678 681 3116 
2196 1543 1496 2044 
2197 1017 3046 4030 
2198 2730 3353 3931 
2199 1816 1817 3849 
2200 3240 3018 3241 
2201 1929 1927 1943 
2202 2953 3422 3912 
2203 867 868 869 
2204 687 688 689 
2205 2485 2484 3066 
2206 2149 2147 3163 
2207 538 4234 4815 
2208 2367 3079 4492 
2209 2045 2639 2641 
2210 1671 2106 3586 
2211 860 861 863 
2212 3375 3373 3450 
2213 863 866 867 
2214 2123 1259 3891 
2215 1374 1439 2886 
2216 2002 2003 2338 
2217 1832 2012 3469 
2218 889 887 1095 
2219 654 3048 3049 
2220 794 795 806 
2221 1985 2441 3296 
2222 3212 990 3547 
2223 2960 2180 4333 
2224 3113 3112 3166 
2225 2675 2762 4635 
2226 1205 2818 2819 
2227 2025 2571 2755 
2228 4622 917 4672 
2229 736 738 841 
2230 2473 2471 4255 
2231 3511 940 4913 
2232 1114 2675 4635 
2233 1822 2952 3476 
2234 1476 1671 3586 
2235 911 908 2811 
2236 2311 2309 3169 
2237 1222 1223 1224 
2238 1205 1141 2817 
2239 794 806 858 
2240 3462 3461 4446 
2241 1421 3283 3285 
2242 792 793 794 
2243 860 863 3351 
2244 1924 1912 2843 
2245 1173 1181 3056 
2246 2786 1031 4431 
2247 2323 2366 3162 
2248 581 4598 4795 
2249 3938 3199 4919 
2250 868 872 873 
2251 1079 671 1975 
2252 3200 1816 3849 
2253 3391 3335 3392 
2254 3484 1400 3728 
2255 1549 1916 2903 
2256 1121 1211 2709 
2257 3196 3915 3930 
2258 4491 4460 4840 
2259 1804 1803 1805 
2260 746 747 748 
2261 34 35 4052 
2262 960 1042 3294 
2263 1842 1952 3472 
2264 2527 2529 2728 
2265 910 3028 3029 
2266 813 815 3047 
2267 3026 3025 3211 
2268 2165 3362 3444 
2269 690 693 3122 
2270 1384 3030 3035 
2271 1855 4006 4062 
2272 676 678 3116 
2273 3065 1093 4537 
2274 3410 2302 3411 
2275 1959 1939 2966 
2276 856 1101 3435 
2277 1001 3308 3309 
2278 3408 527 4553 
2279 3354 1060 3355 
2280 363 4041 4343 
2281 920 1252 2013 
2282 1543 2044 2045 
2283 1213 1214 1232 
2284 3343 3344 4790 
2285 728 729 730 
2286 3422 1171 4278 
2287 1116 1243 2675 
2288 386 2107 3492 
2289 2974 1601 4289 
2290 1543 2045 3463 
2291 3181 1333 3664 
2292 475 473 3023 
2293 2130 3520 3521 
2294 1123 1125 4002 
2295 2535 2537 2944 
2296 3294 1042 3830 
2297 763 765 789 
2298 3306 3305 3308 
2299 647 646 648 
2300 2109 2760 4848 
2301 2131 2942 3181 
2302 3252 336 3382 
2303 3010 1219 3944 
2304 1322 1324 1429 
2305 1431 1699 2994 
2306 885 917 2913 
2307 3064 1072 3346 
2308 585 624 3508 
2309 3213 2318 3447 
2310 1021 1013 3477 
2311 912 3513 3759 
2312 2222 2224 3377 
2313 1131 1206 2764 
2314 3055 3170 3288 
2315 2038 2784 3454 
2316 2511 3115 3590 
2317 3236 4436 4899 
2318 3733 1442 4378 
2319 1967 2859 2861 
2320 1111 1312 4716 
2321 2354 2445 3323 
2322 3002 3003 4746 
2323 1312 1114 4635 
2324 3139 3137 4536 
2325 743 746 2837 
2326 2539 2541 2990 
2327 1161 1184 2852 
2328 2707 2449 3243 
2329 2578 4551 4647 
2330 2407 2449 2707 
2331 508 3120 3623 
2332 1508 2164 3453 
2333 3380 3381 4417 
2334 1035 1036 1037 
2335 1515 1513 3402 
2336 3118 3799 3831 
2337 1222 1221 1223 
2338 1218 1475 3085 
2339 3204 2458 3555 
2340 2683 2682 2684 
2341 2364 2590 3257 
2342 1575 2087 2088 
2343 2165 1768 3360 
2344 698 700 2935 
2345 3922 3839 4114 
2346 1877 1836 4857 
2347 1915 1912 1924 
2348 823 759 3071 
2349 1148 1201 2912 
2350 2714 2713 4290 
2351 3526 936 4640 
2352 1976 1977 2364 
2353 671 672 2800 
2354 2262 3062 3457 
2355 3441 1723 3444 
2356 1597 2344 3289 
2357 3706 3928 4372 
2358 3179 3002 4746 
2359 654 652 3048 
2360 771 773 3139 
2361 3682 4516 4718 
2362 1923 1846 4854 
2363 2823 2694 2824 
2364 2533 2535 2542 
2365 396 394 398 
2366 2913 917 4622 
2367 2255 2958 4907 
2368 767 769 3134 
2369 1510 1512 3340 
2370 4027 1228 4449 
2371 1738 3205 3482 
2372 3776 1277 4010 
2373 807 809 3141 
2374 1280 1234 3573 
2375 945 944 3230 
2376 2871 2868 3389 
2377 876 869 3027 
2378 1746 3345 4499 
2379 2515 3328 3329 
2380 769 771 785 
2381 2220 2222 3376 
2382 403 401 526 
2383 669 671 1079 
2384 2226 2229 3380 
2385 730 731 732 
2386 2965 2353 2967 
2387 1788 1281 3501 
2388 2040 2039 3094 
2389 1980 1599 3328 
2390 3248 2511 4859 
2391 2328 1451 3742 
2392 1475 2406 2407 
2393 2537 2539 2544 
2394 2778 3470 4206 
2395 3009 1008 4420 
2396 2471 2472 3714 
2397 1654 1656 3261 
2398 1576 1562 1954 
2399 1937 2412 3264 
2400 2491 2489 3100 
2401 1300 1487 3217 
2402 2433 3164 4610 
2403 4158 2929 4788 
2404 1052 1298 3172 
2405 2320 2391 3898 
2406 15 355 3580 
2407 3041 2736 4569 
2408 1689 1616 4529 
2409 3451 2545 4836 
2410 341 4306 4612 
2411 1193 1195 1209 
2412 2905 2908 4399 
2413 2956 2955 4560 
2414 2510 3198 3495 
2415 1977 1975 3086 
2416 3337 3336 4598 
2417 3264 2412 4251 
2418 2757 2758 4581 
2419 2668 2335 2742 
2420 1042 3145 3829 
2421 3250 3251 3676 
2422 1910 1908 1911 
2423 672 674 675 
2424 1311 3147 3148 
2425 2969 2967 3828 
2426 1516 1515 1524 
2427 2160 1755 2830 
2428 587 580 3270 
2429 2455 1919 2456 
2430 3179 1331 3680 
2431 3292 2278 3617 
2432 2537 2544 2944 
2433 2806 2842 4894 
2434 3384 336 3750 
2435 2549 2551 2721 
2436 2673 2649 4634 
2437 826 845 1035 
2438 1779 2171 3305 
2439 2955 4490 4560 
2440 1522 1520 3121 
2441 697 3123 3843 
2442 2357 3195 3490 
2443 2541 2548 2990 
2444 2812 3036 3365 
2445 3268 23 3977 
2446 3261 3262 3464 
2447 689 690 3122 
2448 2967 2353 3828 
2449 920 2013 3493 
2450 1428 3248 3933 
2451 3150 3151 3409 
2452 2841 4357 4831 
2453 2362 2358 3525 
2454 1671 1801 1802 
2455 3366 2185 3367 
2456 652 650 1008 
2457 533 529 1221 
2458 2058 2057 3312 
2459 776 778 784 
2460 1320 1321 1322 
2461 3893 2253 4201 
2462 616 583 3510 
2463 2038 1529 2039 
2464 3054 1791 3501 
2465 2866 2082 3907 
2466 2314 2843 2845 
2467 773 3137 3139 
2468 342 3126 3542 
2469 678 680 681 
2470 1157 1183 3178 
2471 2338 2339 3304 
2472 3428 3430 3432 
2473 2014 1252 4492 
2474 38 3769 4410 
2475 2167 3252 3382 
2476 328 3756 3757 
2477 773 776 3137 
2478 2471 2011 2472 
2479 604 606 3442 
2480 2541 2547 2548 
2481 2553 2556 3046 
2482 1263 1597 3289 
2483 533 1221 1222 
2484 3327 3006 3405 
2485 2212 3375 4554 
2486 3312 3313 3582 
2487 1514 1513 1515 
2488 2102 2714 3188 
2489 804 805 807 
2490 2685 3075 4200 
2491 994 1060 3354 
2492 3425 3426 3431 
2493 3320 974 3321 
2494 2067 2906 2907 
2495 3185 3184 4651 
2496 1183 3341 4835 
2497 1276 2199 3299 
2498 4132 1501 4161 
2499 477 475 537 
2500 1905 1902 4808 
2501 1288 1240 3494 
2502 2284 2280 3292 
2503 3092 3857 4916 
2504 3186 2420 3187 
2505 3542 4265 4776 
2506 1511 1509 3413 
2507 502 500 539 
2508 2724 2783 4397 
2509 2998 3674 4135 
2510 2639 2640 4220 
2511 1116 1117 1118 
2512 4234 2898 4815 
2513 566 564 3782 
2514 1429 1718 4629 
2515 3107 2693 4691 
2516 684 686 687 
2517 4693 1339 4847 
2518 800 804 2924 
2519 2893 2895 3075 
2520 2720 3595 4770 
2521 2687 2686 2688 
2522 2456 2902 3540 
2523 3406 2161 3838 
2524 2080 2081 3448 
2525 3399 3398 3819 
2526 2339 2341 2720 
2527 2038 2039 2040 
2528 2715 3612 3772 
2529 2873 3494 3548 
2530 2342 2018 3005 
2531 661 659 662 
2532 2770 3733 4555 
2533 853 1094 3352 
2534 3037 1792 3038 
2535 2096 2642 2645 
2536 1580 1405 1581 
2537 442 440 523 
2538 2558 2566 2785 
2539 1207 3457 4124 
2540 833 4156 4843 
2541 3191 3605 4467 
2542 859 1422 3069 
2543 2993 655 4023 
2544 2845 2846 4455 
2545 3005 3006 3327 
2546 694 696 697 
2547 1188 1187 1189 
2548 1514 1515 1516 
2549 3432 3430 3433 
2550 1318 1319 1320 
2551 3467 320 4523 
2552 3076 2895 3787 
2553 732 733 734 
2554 2199 2365 3207 
2555 3447 2318 3582 
2556 2467 2338 3303 
2557 3396 1043 3496 
2558 1954 2004 2183 
2559 781 787 3176 
2560 1663 1591 3235 
2561 3640 359 3765 
2562 3382 336 3384 
2563 3289 2344 3290 
2564 1072 3064 4531 
2565 2018 2016 2019 
2566 3044 3043 3045 
2567 787 791 792 
2568 330 2788 4565 
2569 1421 1534 3283 
2570 3420 2261 4579 
2571 1806 1805 1807 
2572 2464 4217 4419 
2573 2088 2320 3515 
2574 3370 2230 3371 
2575 1951 4070 4256 
2576 2302 3244 3414 
2577 1219 931 2780 
2578 1935 1669 3219 
2579 3927 822 3932 
2580 380 379 382 
2581 1512 1511 1513 
2582 1298 1033 3265 
2583 1226 3242 4289 
2584 1904 1902 1905 
2585 2233 3335 3391 
2586 1095 4129 4331 
2587 3174 2204 3175 
2588 3317 1472 3415 
2589 409 407 543 
2590 690 692 693 
2591 3007 3603 3604 
2592 2753 2754 4734 
2593 2001 1818 2958 
2594 3168 519 3706 
2595 3649 755 3781 
2596 427 2799 3438 
2597 3119 528 3893 
2598 897 895 4731 
2599 2186 2484 2485 
2600 2945 2544 2950 
2601 1566 1700 1707 
2602 399 396 3058 
2603 2792 2791 4371 
2604 1524 2038 3454 
2605 728 730 4369 
2606 2183 2184 2770 
2607 2173 2652 2653 
2608 1512 1513 1514 
2609 1093 911 2811 
2610 3097 1441 4873 
2611 1232 1233 1236 
2612 434 1508 3453 
2613 3043 3029 3487 
2614 973 3546 4544 
2615 2366 3161 3162 
2616 3375 3450 4153 
2617 1252 918 2796 
2618 4002 1125 4658 
2619 3979 3351 4320 
2620 1913 1826 4870 
2621 473 471 1242 
2622 2165 3360 3361 
2623 3920 3629 4283 
2624 1525 1522 1562 
2625 2571 2022 2899 
2626 596 1059 3347 
2627 383 382 384 
2628 3425 1614 3426 
2629 3894 2496 4365 
2630 807 808 809 
2631 2296 2302 3410 
2632 807 3141 4877 
2633 1079 1975 1976 
2634 3448 2081 4240 
2635 3043 3487 4034 
2636 3404 3247 4692 
2637 1638 3087 4740 
2638 668 2992 3558 
2639 1237 1070 1238 
2640 963 965 3450 
2641 647 648 649 
2642 2495 2493 3115 
2643 3343 2964 3344 
2644 916 2950 4500 
2645 534 4300 4502 
2646 3105 2206 4863 
2647 904 1072 4437 
2648 1520 1518 1527 
2649 1900 1898 1901 
2650 748 749 751 
2651 3619 1618 3620 
2652 4525 1099 4799 
2653 385 384 386 
2654 3993 2317 4281 
2655 2958 2255 4506 
2656 448 446 528 
2657 392 1096 3080 
2658 1524 1529 2038 
2659 2186 1707 2484 
2660 2437 3276 3488 
2661 1072 901 3346 
2662 1698 1697 1714 
2663 1510 1509 1511 
2664 4115 2441 4241 
2665 2423 2172 3168 
2666 2334 1640 2335 
2667 1510 1511 1512 
2668 1654 3261 3464 
2669 861 3069 3218 
2670 2769 3863 4576 
2671 2342 3007 3604 
2672 641 3400 3401 
2673 516 3315 4652 
2674 2922 2757 4581 
2675 2489 2487 2628 
2676 1884 1883 1885 
2677 1304 1237 3040 
2678 3388 3768 4349 
2679 1485 4013 4639 
2680 3381 2229 3544 
2681 1433 3447 3974 
2682 1700 2204 3174 
2683 1566 1565 1700 
2684 3499 3498 4695 
2685 1429 1430 1478 
2686 617 604 3442 
2687 2518 1090 3597 
2688 765 767 3451 
2689 351 3584 4785 
2690 3350 1074 3478 
2691 3479 1455 3872 
2692 3828 1731 4898 
2693 2817 1143 4837 
2694 2991 2548 3193 
2695 3381 3546 4417 
2696 1508 1262 1509 
2697 3437 2271 3486 
2698 4215 345 4368 
2699 2782 4597 4668 
2700 3090 3089 3484 
2701 2510 3197 3198 
2702 2395 2029 3063 
2703 1037 1038 1039 
2704 3630 2600 3999 
2705 1081 1317 1318 
2706 1221 529 4045 
2707 3211 3025 4583 
2708 2183 2770 3097 
2709 2163 3382 3383 
2710 345 4215 4661 
2711 2798 2797 3475 
2712 434 432 1262 
2713 2872 3418 4284 
2714 1427 1494 3482 
2715 978 975 3319 
2716 1518 1516 3454 
2717 1225 1590 2068 
2718 2689 2688 2690 
2719 3176 4301 4851 
2720 2807 2806 2816 
2721 550 547 3221 
2722 3166 3112 3167 
2723 2134 3210 3263 
2724 1096 390 3492 
2725 2457 2099 2980 
2726 1954 2183 2359 
2727 1241 3318 3557 
2728 1889 3012 3013 
2729 1475 2407 3085 
2730 365 366 367 
2731 1017 890 3512 
2732 1508 1509 1510 
2733 2886 1439 3418 
2734 2945 2950 3466 
2735 687 1103 4270 
2736 2750 2751 2752 
2737 5 350 3440 
2738 473 1242 3023 
2739 1966 1967 1968 
2740 2742 2335 2787 
2741 3226 3225 3227 
2742 1081 1318 4640 
2743 2493 2491 2588 
2744 471 464 3173 
2745 2953 2954 3422 
2746 1520 1527 3121 
2747 2833 2835 3259 
2748 2511 3590 4859 
2749 3427 3437 3486 
2750 2489 2628 3100 
2751 3033 3031 3093 
2752 1975 671 2800 
2753 2931 2598 4637 
2754 3108 1642 4381 
2755 3485 224 4173 
2756 2715 3772 4611 
2757 417 415 538 
2758 2092 2718 4869 
2759 1628 1472 3317 
2760 4201 4590 4825 
2761 391 390 392 
2762 3342 2853 4006 
2763 1711 1086 4003 
2764 483 481 534 
2765 2639 2044 2640 
2766 2392 2939 3843 
2767 972 963 3450 
2768 1896 1894 1897 
2769 2529 2531 4717 
2770 1118 1119 1121 
2771 2195 2201 2615 
2772 2568 3979 4320 
2773 2458 2457 3439 
2774 641 642 3400 
2775 1525 1562 1576 
2776 2484 3174 3836 
2777 363 364 365 
2778 1932 1569 1933 
2779 1836 3469 4857 
2780 1846 3472 4854 
2781 1290 1565 1566 
2782 1150 1152 3824 
2783 1867 1866 1868 
2784 3057 2822 3443 
2785 2831 2830 2832 
2786 700 702 703 
2787 1292 649 3558 
2788 434 1262 1508 
2789 1597 2343 2344 
2790 1029 1215 3338 
2791 1743 2331 2434 
2792 1768 2158 3360 
2793 3411 3414 4119 
2794 373 374 375 
2795 649 650 651 
2796 368 367 369 
2797 523 3184 3185 
2798 2039 2095 2096 
2799 703 704 707 
2800 2449 2408 2578 
2801 392 390 1096 
2802 2498 2495 2511 
2803 1873 1872 1874 
2804 1558 848 3201 
2805 3315 516 4575 
2806 1329 1291 3415 
2807 3362 3441 3444 
2808 3426 3428 3436 
2809 663 662 664 
2810 1006 1074 3288 
2811 2430 2117 2516 
2812 372 371 373 
2813 4219 3956 4815 
2814 554 550 646 
2815 1808 1807 1809 
2816 2072 4512 4695 
2817 1591 1286 3236 
2818 720 722 3407 
2819 1734 1731 3828 
2820 1875 1874 1879 
2821 2837 3480 4707 
2822 697 3843 4199 
2823 2516 2782 4668 
2824 2096 2376 2642 
2825 339 3699 3700 
2826 376 375 377 
2827 1346 3183 3712 
2828 1105 1290 3366 
2829 783 3266 4314 
2830 1929 1943 1944 
2831 2908 2904 2909 
2832 3893 4302 4827 
2833 2777 2612 3861 
2834 929 874 930 
2835 2212 2213 3374 
2836 3446 1425 3915 
2837 3482 3205 4198 
2838 1490 485 3267 
2839 743 745 746 
2840 450 448 3119 
2841 2171 1777 3506 
2842 377 378 379 
2843 2218 2230 3370 
2844 369 370 371 
2845 3195 2303 3196 
2846 2053 2054 2322 
2847 2055 3135 4257 
2848 4598 2897 4795 
2849 3634 2818 4238 
2850 4501 245 4790 
2851 3101 1096 3492 
2852 3147 2572 3923 
2853 2187 1726 3000 
2854 3394 607 3396 
2855 648 646 1468 
2856 1524 1528 1529 
2857 440 438 3184 
2858 3561 3611 3671 
2859 2480 4132 4161 
2860 2166 3829 4850 
2861 1077 906 4437 
2862 2473 4255 4515 
2863 3087 1638 3970 
2864 1872 1869 3359 
2865 3603 3007 3663 
2866 755 757 3781 
2867 393 392 394 
2868 397 396 399 
2869 395 394 396 
2870 3003 2169 3004 
2871 778 781 3194 
2872 2758 2315 3316 
2873 3378 2231 3379 
2874 4519 2876 4860 
2875 2493 2588 3115 
2876 1892 1890 1893 
2877 2625 4145 4833 
2878 607 605 3396 
2879 3303 1199 4227 
2880 831 711 1307 
2881 2973 3421 4232 
2882 2874 2871 3388 
2883 651 652 653 
2884 3860 2714 4290 
2885 910 876 3027 
2886 4005 2454 4502 
2887 2264 3474 3566 
2888 4284 1439 4766 
2889 1468 3221 3618 
2890 3551 2481 4414 
2891 655 656 657 
2892 547 542 3222 
2893 2635 2062 2636 
2894 4376 1564 4483 
2895 2548 2547 2549 
2896 1387 3599 3683 
2897 2500 2498 3245 
2898 653 654 655 
2899 3151 3152 3409 
2900 2154 3213 3214 
2901 3291 3292 3293 
2902 1298 3445 4871 
2903 2047 2046 2131 
2904 3083 2362 3525 
2905 1760 3699 4387 
2906 834 720 3407 
2907 2123 3891 3955 
2908 400 399 401 
2909 2924 1951 4256 
2910 2818 2820 4238 
2911 2407 2406 2408 
2912 861 859 3069 
2913 1740 1743 3205 
2914 1816 3200 4123 
2915 1800 1799 1938 
2916 2168 2409 2779 
2917 2396 1959 2966 
2918 377 379 380 
2919 1960 1959 2046 
2920 1282 1224 1283 
2921 1139 1205 4739 
2922 564 1615 3782 
2923 2855 2856 2857 
2924 1849 1848 1850 
2925 859 806 1422 
2926 35 36 3757 
2927 4021 2365 4022 
2928 1981 1980 2514 
2929 446 444 3390 
2930 784 778 3194 
2931 2178 1933 2179 
2932 2354 2179 2445 
2933 3330 3332 3333 
2934 3374 3373 3375 
2935 2161 3333 3838 
2936 2551 2553 3358 
2937 3258 2833 3259 
2938 3089 2653 3483 
2939 725 727 728 
2940 2443 2936 4799 
2941 1235 2258 3516 
2942 1632 1443 1995 
2943 626 628 1087 
2944 1925 2173 3088 
2945 848 831 3201 
2946 868 866 872 
2947 2947 2946 3567 
2948 809 810 811 
2949 1669 2049 3219 
2950 4681 2763 4716 
2951 1482 1108 3848 
2952 3330 376 3332 
2953 1266 1614 3425 
2954 1275 450 3119 
2955 1490 3171 4310 
2956 2334 2335 2668 
2957 1600 1599 1980 
2958 984 982 3242 
2959 2709 4281 4514 
2960 2697 2696 2698 
2961 4069 1878 4264 
2962 4238 2820 4373 
2963 734 735 736 
2964 3494 1304 3548 
2965 2172 2152 2433 
2966 512 510 540 
2967 3351 863 3504 
2968 543 407 3206 
2969 1197 1203 1213 
2970 2174 2099 2175 
2971 2738 2473 2851 
2972 624 3353 3508 
2973 2176 1883 2917 
2974 407 405 3206 
2975 873 872 874 
2976 3459 3458 3460 
2977 1851 1850 1852 
2978 2086 2243 2244 
2979 2434 2331 2739 
2980 2454 2453 3684 
2981 1847 1846 1848 
2982 3606 2998 4797 
2983 2872 2871 2874 
2984 3256 370 3988 
2985 423 421 522 
2986 2172 2433 3168 
2987 3619 3620 3635 
2988 1111 1110 1112 
2989 3481 3033 3783 
2990 2714 3860 4254 
2991 2805 3729 3730 
2992 2383 3243 4149 
2993 1888 1886 1889 
2994 2504 2502 2509 
2995 1676 1678 3210 
2996 3034 3033 3481 
2997 2933 2934 4498 
2998 1121 1122 1123 
2999 1735 1734 1799 
3000 2831 2832 4210 
3001 1937 1935 2412 
3002 1078 3394 3395 
3003 3499 2973 4232 
3004 2626 2627 4531 
3005 2506 2504 3197 
3006 3397 3307 3819 
3007 452 450 1275 
3008 800 803 804 
3009 2502 2500 3246 
3010 485 483 3267 
3011 2259 3277 3278 
3012 1355 3022 4563 
3013 1764 2050 2168 
3014 3161 3573 4712 
3015 594 592 3223 
3016 533 4008 4175 
3017 2691 2690 2692 
3018 665 664 666 
3019 1536 1283 1537 
3020 1155 3280 3731 
3021 3042 3043 3044 
3022 1696 1695 1716 
3023 2996 3559 3560 
3024 2168 2050 2409 
3025 3061 2467 4823 
3026 548 1303 3412 
3027 2579 1937 3264 
3028 1669 1500 2049 
3029 630 637 1088 
3030 3178 1183 4835 
3031 3209 2710 4483 
3032 3595 4143 4360 
3033 2647 3441 4353 
3034 3545 2250 3653 
3035 2510 2506 3197 
3036 2185 1707 2186 
3037 1931 2731 3465 
3038 794 793 795 
3039 2883 2882 4299 
3040 1411 1625 2093 
3041 1646 1648 3250 
3042 2199 3207 3299 
3043 1287 1240 1288 
3044 3291 2284 3292 
3045 1601 2974 4780 
3046 616 3364 4204 
3047 1589 1588 1599 
3048 2486 2485 2487 
3049 3254 2516 3255 
3050 3355 1060 3948 
3051 3991 1504 4174 
3052 2165 3361 3362 
3053 3837 346 4439 
3054 1631 1535 3652 
3055 401 399 3149 
3056 1954 1562 2004 
3057 3910 3417 4383 
3058 3251 2233 3391 
3059 2838 2837 4707 
3060 1882 1880 1883 
3061 456 454 527 
3062 2957 2956 2959 
3063 3627 3162 4712 
3064 2875 2874 2876 
3065 3219 2049 4253 
3066 875 869 876 
3067 3345 1746 4463 
3068 2975 1253 4350 
3069 1472 1329 3415 
3070 809 825 3141 
3071 1853 1852 1858 
3072 2715 2181 2716 
3073 2389 2145 3310 
3074 4091 3134 4103 
3075 3037 3038 3039 
3076 1323 2682 2683 
3077 2139 2137 2318 
3078 2723 3879 3898 
3079 3238 3687 4214 
3080 4 5 3440 
3081 2108 2076 2109 
3082 2288 2286 2303 
3083 681 680 682 
3084 2115 3336 3337 
3085 675 674 676 
3086 3678 1338 3783 
3087 3830 4682 4737 
3088 792 791 793 
3089 1727 1726 1728 
3090 2833 2834 2835 
3091 1283 3403 4497 
3092 2881 2880 2882 
3093 3769 2610 4410 
3094 373 376 3330 
3095 3460 3458 3782 
3096 950 948 1091 
3097 2102 2713 2714 
3098 1837 1836 1838 
3099 2302 2294 3244 
3100 2080 1715 2081 
3101 2004 3121 3669 
3102 3190 2851 3191 
3103 1694 1693 1695 
3104 329 2987 4524 
3105 4118 3255 4418 
3106 3595 3501 4143 
3107 380 382 383 
3108 1754 1582 1755 
3109 3527 3528 4461 
3110 1915 1924 1925 
3111 2487 2485 2940 
3112 2032 2031 2033 
3113 1810 1809 1811 
3114 2292 2290 2357 
3115 405 403 3489 
3116 1764 1653 2050 
3117 2804 2805 3583 
3118 1826 3476 4870 
3119 1729 1728 1730 
3120 1659 1676 2134 
3121 2294 2292 3244 
3122 1587 1226 1588 
3123 1599 1601 3328 
3124 2699 2698 2700 
3125 413 411 3281 
3126 716 717 718 
3127 2509 2502 3246 
3128 3370 3373 3374 
3129 1123 1124 1125 
3130 3546 973 4417 
3131 528 446 3390 
3132 624 626 3353 
3133 1089 3458 3459 
3134 1548 1547 1549 
3135 3094 3095 3096 
3136 2303 3291 3446 
3137 1368 3452 3871 
3138 2363 1987 3296 
3139 642 645 3400 
3140 3340 1512 3867 
3141 2701 2700 2867 
3142 2556 2558 4019 
3143 1653 1654 3464 
3144 2459 2458 3204 
3145 2508 2506 2510 
3146 2002 1995 2003 
3147 1022 1021 1023 
3148 1556 1653 1764 
3149 1839 1838 1840 
3150 1199 3303 4130 
3151 3080 3081 3082 
3152 3335 1652 3807 
3153 687 686 688 
3154 645 3352 3400 
3155 3015 3467 3468 
3156 2075 1755 2076 
3157 1087 628 3845 
3158 1550 1549 1551 
3159 1951 807 4877 
3160 2286 2284 3291 
3161 982 980 1241 
3162 1678 1680 2259 
3163 1373 1288 1374 
3164 592 590 1577 
3165 2141 2139 3213 
3166 1577 3270 3271 
3167 1743 2434 3205 
3168 3262 2134 3263 
3169 1462 1457 3479 
3170 1089 576 3458 
3171 2137 2058 3312 
3172 1700 1701 2204 
3173 4173 310 4627 
3174 1910 1911 1912 
3175 3317 3415 3741 
3176 2338 2003 2339 
3177 389 387 390 
3178 3015 3012 3467 
3179 2030 2029 2031 
3180 2454 3684 4502 
3181 377 380 3553 
3182 554 646 647 
3183 2183 2004 2184 
3184 877 876 878 
3185 1381 1380 1382 
3186 2290 2288 3195 
3187 2145 2143 3310 
3188 1619 1618 3619 
3189 3567 915 4277 
3190 3581 3535 3851 
3191 1125 1126 1129 
3192 669 666 670 
3193 1383 1382 1384 
3194 3416 331 3417 
3195 1283 1224 3403 
3196 3152 3153 3154 
3197 2021 2020 2022 
3198 2891 1480 4543 
3199 2949 2948 4913 
3200 1841 1840 1842 
3201 1871 1869 1872 
3202 1552 1551 1616 
3203 3060 3323 4248 
3204 596 594 1059 
3205 1279 1257 2059 
3206 1821 1820 1822 
3207 1375 1374 1376 
3208 1211 3993 4281 
3209 3610 3481 4404 
3210 1983 1981 3286 
3211 2958 1818 4907 
3212 1379 1378 1380 
3213 1680 1682 3277 
3214 884 883 885 
3215 697 696 698 
3216 1617 1616 1689 
3217 954 952 1075 
3218 1078 609 3394 
3219 379 381 3150 
3220 3362 3363 3364 
3221 881 880 883 
3222 3240 1127 4390 
3223 833 753 4585 
3224 1650 1652 3335 
3225 3391 617 3442 
3226 2923 3601 4371 
3227 1648 1650 2233 
3228 630 1088 3845 
3229 1247 1063 1325 
3230 2089 458 3408 
3231 3068 3324 4240 
3232 1377 1376 1378 
3233 648 1468 4420 
3234 1517 1516 1518 
3235 1579 2165 3444 
3236 689 688 690 
3237 879 878 880 
3238 1108 1098 3848 
3239 365 367 368 
3240 3411 2302 3414 
3241 1303 1604 3412 
3242 2134 1676 3210 
3243 886 885 887 
3244 2770 2184 2771 
3245 432 429 3438 
3246 657 658 660 
3247 3541 3100 4534 
3248 1865 1863 1866 
3249 2164 1510 3340 
3250 2770 2771 3733 
3251 2366 2775 3160 
3252 1604 2232 3412 
3253 2112 2111 2305 
3254 1819 1818 1820 
3255 3007 3005 3327 
3256 3371 2230 3372 
3257 3530 2959 3531 
3258 2306 2305 2309 
3259 373 371 374 
3260 1385 1384 1394 
3261 1987 1985 3296 
3262 1791 1788 3501 
3263 1831 1830 1832 
3264 3261 2134 3262 
3265 2940 2485 3066 
3266 1668 1500 1669 
3267 1827 1826 1828 
3268 1290 1306 1565 
3269 1212 2723 3898 
3270 2441 1983 3286 
3271 530 529 533 
3272 519 3168 3608 
3273 3362 3361 3363 
3274 888 887 889 
3275 982 1241 3242 
3276 1497 1496 1543 
3277 667 665 3497 
3278 1464 3551 4414 
3279 3428 3432 3436 
3280 1644 1646 2381 
3281 497 496 498 
3282 718 719 720 
3283 2154 2141 3213 
3284 645 853 3352 
3285 2700 2698 4348 
3286 369 371 372 
3287 2305 2836 3491 
3288 1829 1828 1830 
3289 598 596 3347 
3290 693 692 694 
3291 2721 2551 3358 
3292 2807 2808 4888 
3293 3536 3420 4579 
3294 1278 962 3294 
3295 2964 2963 4162 
3296 1041 848 1558 
3297 527 2828 4553 
3298 986 984 1226 
3299 1073 817 2765 
3300 1958 1939 1959 
3301 439 438 440 
3302 3559 3034 3560 
3303 734 736 4710 
3304 751 752 753 
3305 2296 2294 2302 
3306 1985 1983 2441 
3307 1906 2102 3188 
3308 2143 2141 2154 
3309 433 432 434 
3310 472 471 473 
3311 377 375 378 
3312 2105 3305 3306 
3313 383 384 385 
3314 365 364 366 
3315 1997 2753 3677 
3316 369 367 370 
3317 592 1577 3223 
3318 1886 1885 3011 
3319 853 1015 1094 
3320 1043 603 3348 
3321 590 587 3270 
3322 671 670 672 
3323 3372 3376 3543 
3324 1395 1394 1431 
3325 3152 3154 3419 
3326 890 889 891 
3327 926 924 927 
3328 523 440 3184 
3329 3426 3427 3428 
3330 1432 1431 1496 
3331 2769 2667 4658 
3332 1846 1843 3472 
3333 1366 1364 3474 
3334 3353 2730 3508 
3335 2870 2868 2871 
3336 3706 4372 4633 
3337 746 745 747 
3338 1812 1811 1813 
3339 2154 3214 3215 
3340 4394 2059 4884 
3341 538 415 4234 
3342 3177 1344 4054 
3343 373 375 376 
3344 3905 4534 4617 
3345 609 607 3394 
3346 2514 1980 2515 
3347 363 338 364 
3348 2381 1646 3250 
3349 1836 1833 3469 
3350 2023 2022 2025 
3351 2288 2303 3195 
3352 1494 1738 3482 
3353 1333 3181 4696 
3354 3060 2354 3323 
3355 2854 2855 4450 
3356 2421 4047 4356 
3357 1046 1006 3288 
3358 2398 2397 2774 
3359 1934 1669 1935 
3360 2509 3246 3404 
3361 1344 3177 3691 
3362 3763 332 4150 
3363 894 891 895 
3364 2328 3927 3932 
3365 2098 2034 2099 
3366 3347 1059 3527 
3367 2996 2995 4838 
3368 3038 1792 3534 
3369 2259 1680 3277 
3370 1802 1803 1804 
3371 402 401 403 
3372 3272 1089 3594 
3373 1600 1980 1981 
3374 948 945 3230 
3375 3235 1591 3236 
3376 928 927 931 
3377 2318 2137 3312 
3378 905 904 906 
3379 962 960 3294 
3380 1284 996 3354 
3381 540 510 3623 
3382 605 603 1043 
3383 2488 2487 2489 
3384 603 598 3348 
3385 1500 1267 3078 
3386 934 933 1012 
3387 932 931 933 
3388 896 895 897 
3389 362 338 363 
3390 626 1087 3353 
3391 2344 2937 4218 
3392 1787 2941 3708 
3393 1482 3257 4057 
3394 498 496 4670 
3395 1547 1544 3463 
3396 1995 3122 3909 
3397 1861 1859 1862 
3398 2105 3307 3397 
3399 3080 1096 3081 
3400 2525 2527 4316 
3401 3283 2381 3284 
3402 1589 1599 1600 
3403 2147 2145 2389 
3404 903 901 904 
3405 2110 2109 2111 
3406 2216 2218 3370 
3407 2880 2877 3500 
3408 960 958 1042 
3409 1181 4095 4263 
3410 3225 3224 4915 
3411 4687 734 4710 
3412 791 790 3806 
3413 1587 1588 1589 
3414 1296 1664 3437 
3415 2351 2766 3208 
3416 1661 1591 1663 
3417 2152 2149 3163 
3418 1129 1130 1131 
3419 1656 1659 3261 
3420 898 897 899 
3421 576 574 3458 
3422 474 473 475 
3423 2799 3455 4140 
3424 3023 4675 4791 
3425 1989 1987 2363 
3426 1457 1455 3479 
3427 2660 1763 2661 
3428 1570 828 4242 
3429 1733 1731 1734 
3430 3284 2381 3676 
3431 4200 3076 4447 
3432 1499 1267 1500 
3433 3267 534 3684 
3434 2218 2220 2230 
3435 3830 3829 4682 
3436 1904 1905 1906 
3437 849 1065 3980 
3438 409 543 4344 
3439 3150 381 3151 
3440 3789 3577 3790 
3441 900 899 901 
3442 385 386 387 
3443 3620 1618 3913 
3444 3441 3364 4353 
3445 2233 1650 3335 
3446 1370 1723 3452 
3447 3038 3534 3535 
3448 1773 1771 2397 
3449 3349 2850 4722 
3450 919 918 920 
3451 2303 2286 3291 
3452 2712 3895 4571 
3453 1143 1204 4837 
3454 1918 1785 3398 
3455 380 1301 3553 
3456 1519 1518 1520 
3457 444 442 4037 
3458 1941 1046 3288 
3459 3214 1433 3957 
3460 1301 3202 4189 
3461 3428 3429 3430 
3462 2344 2343 2937 
3463 964 962 1278 
3464 3286 3287 4241 
3465 2398 2774 2795 
3466 2300 2296 3410 
3467 1114 1112 1115 
3468 1352 3118 4337 
3469 915 914 918 
3470 1725 1717 1726 
3471 1498 860 3351 
3472 1933 1569 3703 
3473 1091 3142 4908 
3474 994 992 1060 
3475 2121 2806 2807 
3476 1133 1134 1135 
3477 1131 1132 1133 
3478 996 994 3354 
3479 1845 1843 1846 
3480 2490 2489 2491 
3481 2398 3249 3506 
3482 907 906 908 
3483 1101 3425 3435 
3484 4217 3124 4419 
3485 2879 2877 2880 
3486 753 754 755 
3487 2900 3667 4402 
3488 986 1226 1587 
3489 1692 1690 1693 
3490 1779 1777 2171 
3491 441 440 442 
3492 3370 3371 3373 
3493 583 618 3510 
3494 1835 1833 1836 
3495 1272 1058 2130 
3496 2040 3096 4818 
3497 2263 636 3470 
3498 1168 1170 4533 
3499 438 435 3453 
3500 4289 3242 4618 
3501 3201 1307 3986 
3502 4051 2894 4498 
3503 1135 1138 1139 
3504 525 521 529 
3505 1461 1466 1638 
3506 992 990 3212 
3507 611 609 1078 
3508 1039 1097 1098 
3509 3401 3400 4365 
3510 1516 1524 3454 
3511 1060 992 3212 
3512 1604 1606 2232 
3513 1773 2397 2398 
3514 980 978 3318 
3515 1534 1644 3283 
3516 1599 1588 1601 
3517 913 911 914 
3518 1261 1259 2123 
3519 499 498 500 
3520 2760 2761 4848 
3521 1715 1714 3067 
3522 2383 3991 4174 
3523 2323 2362 2366 
3524 2224 2226 2231 
3525 2926 2928 4117 
3526 1105 1274 1290 
3527 1826 1823 3476 
3528 2379 4219 4484 
3529 1546 1544 1547 
3530 2737 2617 3280 
3531 3068 3203 4113 
3532 458 456 3408 
3533 944 4594 4895 
3534 1242 471 3173 
3535 386 384 555 
3536 3136 2696 4847 
3537 3152 1361 3153 
3538 755 756 757 
3539 2039 1529 2095 
3540 546 542 547 
3541 2766 3873 4010 
3542 909 908 911 
3543 2213 2216 3374 
3544 1487 1556 3217 
3545 2492 2491 2493 
3546 3 4 338 
3547 4461 3528 4630 
3548 372 373 3330 
3549 1773 2398 3506 
3550 427 425 2799 
3551 2740 1747 3914 
3552 1783 1781 2105 
3553 1139 1140 1141 
3554 526 401 3149 
3555 382 379 3150 
3556 2278 2276 3617 
3557 94 95 337 
3558 2785 2566 4449 
3559 8 9 336 
3560 1781 1779 3305 
3561 1602 1302 3524 
3562 2612 2790 4831 
3563 2839 2703 4300 
3564 2180 1933 3703 
3565 4081 3342 4771 
3566 2016 2014 3079 
3567 2199 2209 2365 
3568 2153 2152 2172 
3569 713 715 716 
3570 443 442 444 
3571 789 765 3451 
3572 1141 1142 1143 
3573 1524 1515 1528 
3574 476 475 477 
3575 379 378 381 
3576 3318 978 3319 
3577 748 747 749 
3578 2508 2510 2572 
3579 944 3550 4594 
3580 3281 4344 4804 
3581 2616 2109 4848 
3582 2597 4069 4264 
3583 3534 1231 3851 
3584 757 758 759 
3585 2931 2927 3850 
3586 35 3757 4052 
3587 3339 1498 4301 
3588 2422 2172 2423 
3589 1143 1144 1145 
3590 2979 2395 4364 
3591 89 90 335 
3592 1088 3668 3899 
3593 563 3148 4298 
3594 2628 2487 2940 
3595 746 1440 2837 
3596 3221 547 3222 
3597 13 14 334 
3598 3085 2707 4607 
3599 1456 1458 3593 
3600 3057 4693 4847 
3601 99 100 339 
3602 1225 1223 1590 
3603 2961 3960 4525 
3604 1424 3282 3935 
3605 1513 1526 3402 
3606 2571 2900 4402 
3607 3561 3671 4078 
3608 3364 616 4353 
3609 3127 3129 3345 
3610 3425 3431 3435 
3611 387 386 3492 
3612 2107 2460 3229 
3613 4062 4006 4450 
3614 2264 1796 3474 
3615 1101 1266 3425 
3616 1556 1557 1653 
3617 1825 1823 1826 
3618 429 427 3438 
3619 1796 1366 3474 
3620 1008 3009 4705 
3621 4218 2937 4394 
3622 3904 2126 4810 
3623 2855 1184 2856 
3624 1240 1304 3494 
3625 2105 1781 3305 
3626 84 85 333 
3627 2097 3817 3944 
3628 1506 1286 1591 
3629 3674 893 4135 
3630 2908 3655 4142 
3631 759 760 761 
3632 1361 1359 3165 
3633 1771 1628 3317 
3634 18 19 332 
3635 332 19 4178 
3636 3729 3280 3730 
3637 2131 3182 3311 
3638 2028 2026 2029 
3639 979 978 980 
3640 1852 2807 4888 
3641 3271 3270 3272 
3642 3148 3923 4298 
3643 386 555 2107 
3644 1020 1013 1021 
3645 2336 3715 3900 
3646 3399 3762 3827 
3647 998 996 1284 
3648 2158 2351 3360 
3649 2764 1206 4267 
3650 1900 1901 1902 
3651 3015 3468 4729 
3652 1509 2042 3413 
3653 2389 3310 4182 
3654 949 948 950 
3655 404 403 405 
3656 381 1357 3151 
3657 1145 1147 1148 
3658 617 3392 3832 
3659 1625 2024 2055 
3660 1560 1280 3573 
3661 501 500 502 
3662 1785 3397 3398 
3663 2819 2818 4457 
3664 2999 3000 4559 
3665 1521 1520 1522 
3666 1817 1814 1818 
3667 1513 1511 1526 
3668 3497 2101 3498 
3669 1075 3143 3144 
3670 2774 2397 3741 
3671 1215 1300 2115 
3672 3396 3496 4488 
3673 4480 309 4671 
3674 1560 3160 4155 
3675 1577 590 3270 
3676 1885 2206 3011 
3677 2228 3748 4918 
3678 1405 1249 3475 
3679 437 435 438 
3680 2314 1924 2843 
3681 3342 4006 4771 
3682 1 2 356 
3683 2390 3650 3892 
3684 2105 3306 3307 
3685 682 684 4270 
3686 924 921 3493 
3687 78 79 331 
3688 1571 1758 2161 
3689 44 45 3631 
3690 2895 2896 4686 
3691 761 762 763 
3692 3417 3910 4720 
3693 2096 2095 2376 
3694 445 444 446 
3695 3196 2303 3446 
3696 24 25 330 
3697 3358 1017 3512 
3698 3468 3467 4523 
3699 3233 1332 4109 
3700 58 59 324 
3701 36 37 328 
3702 49 50 329 
3703 43 44 325 
3704 30 31 327 
3705 72 73 323 
3706 65 66 326 
3707 2335 1640 3192 
3708 493 489 496 
3709 3545 1293 3546 
3710 1509 1262 2042 
3711 431 429 432 
3712 2271 2481 3551 
3713 470 464 471 
3714 3763 4150 4151 
3715 2848 2063 4889 
3716 5 6 350 
3717 2100 2649 2673 
3718 991 993 3563 
3719 1411 1624 1625 
3720 2151 2149 2152 
3721 981 980 982 
3722 487 485 1490 
3723 1761 3839 3922 
3724 728 727 729 
3725 478 477 479 
3726 92 93 351 
3727 3020 3022 3644 
3728 1250 3258 3795 
3729 2494 2493 2495 
3730 1659 2134 3261 
3731 96 97 352 
3732 1523 1522 1525 
3733 10 11 353 
3734 2684 2686 2687 
3735 951 950 952 
3736 2844 1911 4601 
3737 1148 1149 1150 
3738 2155 1796 2264 
3739 3440 350 3519 
3740 2380 1937 2579 
3741 763 764 765 
3742 1896 1897 1898 
3743 454 452 3456 
3744 1222 1224 1282 
3745 1357 1359 1361 
3746 403 526 3489 
3747 87 88 354 
3748 1936 1935 1937 
3749 2644 2082 2866 
3750 3409 3152 3419 
3751 3486 3551 3835 
3752 3628 3629 3920 
3753 1206 2985 4267 
3754 2065 1918 2319 
3755 3893 528 4302 
3756 1705 3675 4063 
3757 15 16 355 
3758 2433 2152 3163 
3759 804 1951 2924 
3760 3325 2459 3326 
3761 1218 1474 1475 
3762 1444 1697 1698 
3763 4350 1066 4456 
3764 872 3218 4165 
3765 1927 1925 3088 
3766 3243 2383 4174 
3767 413 3281 4234 
3768 661 663 4232 
3769 1326 1325 2091 
3770 389 390 391 
3771 3295 2069 4427 
3772 1091 948 3230 
3773 1714 2347 3067 
3774 1150 1151 1152 
3775 983 982 984 
3776 2694 2686 3125 
3777 3829 3145 4850 
3778 2216 3370 3374 
3779 351 3274 4763 
3780 923 921 924 
3781 1633 1576 1640 
3782 1566 1707 2185 
3783 2978 2977 4819 
3784 1783 2105 3397 
3785 2204 2205 3202 
3786 338 4 3440 
3787 2186 2485 2486 
3788 1344 3689 4054 
3789 4021 4022 4655 
3790 390 387 3492 
3791 3029 3028 4318 
3792 939 3285 3886 
3793 3003 4528 4746 
3794 2315 1803 4761 
3795 1495 1348 3518 
3796 1068 1105 3366 
3797 986 1587 3547 
3798 2189 1941 2190 
3799 1152 1153 1154 
3800 2068 1590 2118 
3801 1026 1024 1027 
3802 765 766 767 
3803 1587 2307 3547 
3804 4533 1170 4673 
3805 2210 2211 2212 
3806 2175 2459 3325 
3807 2118 2267 3386 
3808 1484 1230 3572 
3809 1306 1571 3406 
3810 2921 3643 3853 
3811 2269 2674 3473 
3812 1869 1868 3359 
3813 2363 3314 4773 
3814 391 392 393 
3815 2987 329 4539 
3816 730 729 731 
3817 3793 3576 4702 
3818 693 694 4199 
3819 971 968 974 
3820 2497 2495 2498 
3821 3531 1347 4562 
3822 3278 3277 3994 
3823 1003 1000 3478 
3824 1785 1783 3397 
3825 1487 1555 1556 
3826 591 590 592 
3827 1644 1645 1646 
3828 1644 2381 3283 
3829 1266 1296 1614 
3830 1659 1660 1676 
3831 977 975 978 
3832 1195 1197 4830 
3833 3576 3793 4493 
3834 2928 2929 4642 
3835 891 889 4626 
3836 1892 1893 1894 
3837 1241 980 3318 
3838 2231 2226 3380 
3839 1499 1500 1668 
3840 1154 1156 1157 
3841 767 768 769 
3842 406 405 407 
3843 3368 3015 4729 
3844 549 547 550 
3845 569 571 1311 
3846 2168 2779 2897 
3847 1997 2650 2753 
3848 3180 3179 3680 
3849 447 446 448 
3850 460 458 2089 
3851 81 82 341 
3852 3745 3744 3746 
3853 3119 3893 4201 
3854 1028 1027 1033 
3855 2230 2220 3376 
3856 21 22 344 
3857 1034 1033 1052 
3858 804 803 805 
3859 2312 3077 3570 
3860 1646 1647 1648 
3861 1157 1158 1159 
3862 3715 2726 4750 
3863 452 1275 3456 
3864 3175 2204 3202 
3865 1053 1052 1054 
3866 339 100 3698 
3867 1276 1310 2199 
3868 1475 2241 2406 
3869 1772 1771 1773 
3870 3679 3678 3783 
3871 2857 4379 4628 
3872 4418 2516 4668 
3873 2514 2515 3917 
3874 2721 3358 3512 
3875 640 620 944 
3876 4146 2564 4147 
3877 3368 1128 4323 
3878 75 76 342 
3879 930 936 3526 
3880 2594 3387 4194 
3881 27 28 343 
3882 1676 1677 1678 
3883 3126 2393 3542 
3884 807 805 808 
3885 769 770 771 
3886 33 34 349 
3887 46 47 348 
3888 1085 1254 3716 
3889 593 592 594 
3890 3629 325 3630 
3891 1232 1476 3586 
3892 67 68 357 
3893 1116 1115 1117 
3894 1006 1003 1074 
3895 2285 2284 2286 
3896 1297 3386 4044 
3897 1308 1217 3773 
3898 953 952 954 
3899 340 3744 3745 
3900 60 61 360 
3901 41 42 361 
3902 503 502 504 
3903 1249 1021 3477 
3904 1159 1160 1161 
3905 336 9 3750 
3906 1362 1410 1411 
3907 2333 1640 2334 
3908 393 394 395 
3909 397 399 400 
3910 2351 3208 3360 
3911 395 396 397 
3912 1700 1565 1701 
3913 2521 2518 3597 
3914 1453 1461 3742 
3915 578 576 1089 
3916 1309 1100 3881 
3917 4237 3172 4871 
3918 2397 1771 3317 
3919 624 625 626 
3920 2376 4079 4358 
3921 2636 3226 3565 
3922 1189 1190 1191 
3923 947 945 948 
3924 1166 1167 1168 
3925 3281 411 4344 
3926 1368 1370 3452 
3927 39 40 345 
3928 69 70 346 
3929 62 63 347 
3930 56 57 358 
3931 3362 3364 3441 
3932 3388 2871 3389 
3933 1164 1165 1166 
3934 1161 1163 1164 
3935 883 880 4685 
3936 51 52 359 
3937 985 984 986 
3938 1656 1658 1659 
3939 2649 3607 4634 
3940 1687 2010 2210 
3941 637 641 3668 
3942 2088 2087 2320 
3943 732 731 733 
3944 1668 1669 1934 
3945 2351 2352 2766 
3946 626 627 628 
3947 3303 2338 3304 
3948 3283 3284 3285 
3949 1370 1445 1723 
3950 1743 1744 2331 
3951 3411 4119 4336 
3952 3381 3545 3546 
3953 2232 1606 3424 
3954 325 44 3631 
3955 1556 1764 3217 
3956 548 3412 3854 
3957 3112 3047 3209 
3958 1215 2115 3338 
3959 2833 1922 2834 
3960 4008 2462 4175 
3961 2499 2498 2500 
3962 408 407 409 
3963 1678 1679 1680 
3964 1795 1046 1941 
3965 2943 2396 4471 
3966 423 522 3455 
3967 2177 3297 3794 
3968 353 3779 3780 
3969 2314 2845 3599 
3970 636 938 3470 
3971 955 954 956 
3972 1514 1516 1517 
3973 2890 2989 4573 
3974 1508 1510 2164 
3975 720 721 722 
3976 1168 1169 1170 
3977 3275 91 4763 
3978 2038 2040 2784 
3979 2687 2688 2689 
3980 1074 1003 3478 
3981 2007 1602 3524 
3982 2049 1500 3078 
3983 2287 2286 2288 
3984 628 629 630 
3985 842 3300 4849 
3986 2542 2947 2948 
3987 2319 3399 3827 
3988 1579 1768 2165 
3989 3434 3479 4421 
3990 1012 3010 4228 
3991 3376 3377 3543 
3992 3791 3792 3793 
3993 2710 4376 4483 
3994 2527 2528 2529 
3995 1244 3289 3852 
3996 785 3140 4103 
3997 1230 1349 3572 
3998 1200 2927 2931 
3999 2216 2217 2218 
4000 1731 1730 4898 
4001 1534 1623 1644 
4002 2906 2905 4399 
4003 3352 4340 4365 
4004 2169 1693 3231 
4005 3277 3276 3994 
4006 1001 991 3563 
4007 54 55 340 
4008 53 54 3747 
4009 1635 1409 2057 
4010 2053 707 2054 
4011 1804 1805 1806 
4012 410 409 411 
4013 2283 2280 2284 
4014 382 3150 3751 
4015 1287 3211 4583 
4016 2525 2526 2527 
4017 1170 1172 1173 
4018 1641 2117 2430 
4019 1770 1628 1771 
4020 1766 1495 3518 
4021 2726 3715 4427 
4022 1035 845 1036 
4023 1792 1271 3534 
4024 595 594 596 
4025 2061 1704 2250 
4026 2158 2350 2351 
4027 2682 2681 3962 
4028 2529 2530 2531 
4029 3642 2819 4457 
4030 1478 1479 1480 
4031 3348 3347 4239 
4032 425 423 3455 
4033 1648 1649 1650 
4034 2602 2601 2605 
4035 589 587 590 
4036 2313 3833 3834 
4037 449 448 450 
4038 3031 1592 3949 
4039 1745 3419 4315 
4040 3682 321 4516 
4041 2057 1409 3650 
4042 1908 1906 3188 
4043 1680 1681 1682 
4044 532 4175 4412 
4045 2138 2137 2139 
4046 2065 2319 2442 
4047 3452 3786 3871 
4048 1537 3420 3536 
4049 551 550 554 
4050 2393 2717 3542 
4051 734 733 735 
4052 3332 376 3553 
4053 2218 2219 2220 
4054 480 479 481 
4055 2175 2458 2459 
4056 3650 1402 3892 
4057 2409 2050 2483 
4058 1650 1651 1652 
4059 2531 2532 2533 
4060 615 2263 3856 
4061 620 613 3550 
4062 2423 3168 3706 
4063 2991 4043 4500 
4064 2501 2500 2502 
4065 585 602 624 
4066 412 411 413 
4067 1279 2059 3357 
4068 693 4199 4202 
4069 2062 1866 3224 
4070 2572 2510 3495 
4071 329 3640 3641 
4072 630 631 637 
4073 1720 1619 3619 
4074 2929 2930 4788 
4075 2253 3893 3958 
4076 1606 2126 3424 
4077 1442 3732 3734 
4078 2960 2080 3448 
4079 3251 3391 3442 
4080 2876 2874 4860 
4081 2533 2534 2535 
4082 2535 2536 2537 
4083 2189 2190 3549 
4084 1884 1885 1886 
4085 1664 1794 2271 
4086 1422 3109 4757 
4087 2115 3337 3338 
4088 2808 4741 4888 
4089 3810 3832 4177 
4090 4492 1252 4645 
4091 2093 1625 4397 
4092 1290 1274 1306 
4093 2289 2288 2290 
4094 2486 2487 2488 
4095 1888 1889 1890 
4096 2752 4331 4377 
4097 3628 325 3629 
4098 3034 3481 4680 
4099 2537 2538 2539 
4100 2045 2641 2749 
4101 3426 1614 3427 
4102 2778 2007 3008 
4103 3329 3637 4633 
4104 1173 1174 1175 
4105 2238 2972 2973 
4106 2213 2215 2216 
4107 3300 2428 4849 
4108 1698 1714 1715 
4109 1063 1056 4748 
4110 1964 3108 4026 
4111 809 808 810 
4112 2525 4316 4758 
4113 510 508 3623 
4114 2430 3086 4527 
4115 2692 2696 2697 
4116 3154 3153 3155 
4117 1175 1179 1180 
4118 597 596 598 
4119 1434 1086 1711 
4120 1071 1240 1287 
4121 2539 2540 2541 
4122 1180 1186 1187 
4123 3700 3812 4852 
4124 400 401 402 
4125 3832 3392 4177 
4126 2140 2139 2141 
4127 435 434 3453 
4128 2678 2604 2975 
4129 3533 3532 3972 
4130 3532 80 3972 
4131 1982 1981 1983 
4132 2721 3512 4335 
4133 3264 4251 4744 
4134 2902 3191 4467 
4135 54 340 3747 
4136 2369 1766 2370 
4137 2204 1701 2205 
4138 2220 2221 2222 
4139 1776 1774 1777 
4140 3747 3745 3748 
4141 2136 2058 2137 
4142 540 3507 4136 
4143 835 1570 3520 
4144 2549 2550 2551 
4145 1740 1742 1743 
4146 1191 1192 1193 
4147 2524 2521 2562 
4148 1777 1774 3506 
4149 331 3416 4606 
4150 1778 1777 1779 
4151 858 860 1498 
4152 2503 2502 2504 
4153 539 3216 4260 
4154 1024 1023 3131 
4155 1282 1283 1536 
4156 1882 1883 1884 
4157 1862 3225 4915 
4158 3093 3679 3783 
4159 3483 2653 4516 
4160 1875 1879 1880 
4161 703 702 704 
4162 867 869 875 
4163 3517 3278 3624 
4164 505 504 506 
4165 1341 1630 2127 
4166 971 974 975 
4167 2541 2546 2547 
4168 2131 3181 3182 
4169 414 413 415 
4170 771 772 773 
4171 3684 2453 4511 
4172 2259 3278 3517 
4173 2012 2473 2738 
4174 1459 1457 1462 
4175 2268 3355 4102 
4176 957 956 958 
4177 1010 930 3526 
4178 2437 1747 2740 
4179 2077 3462 3890 
4180 1270 1502 3625 
4181 1931 2725 2731 
4182 1400 3483 3727 
4183 835 828 1570 
4184 3182 3405 4909 
4185 3 338 362 
4186 1118 1117 1119 
4187 2074 1631 3652 
4188 2743 4491 4840 
4189 493 496 497 
4190 2370 1766 3518 
4191 3520 1570 3521 
4192 1867 1868 1869 
4193 1960 2046 2047 
4194 3467 3104 4568 
4195 482 481 483 
4196 1873 1874 1875 
4197 2047 2131 3311 
4198 3296 2441 4115 
4199 3744 3743 3952 
4200 574 566 3782 
4201 991 990 992 
4202 2222 2223 2224 
4203 637 638 641 
4204 1780 1779 1781 
4205 2151 2152 2153 
4206 4285 3780 4286 
4207 2660 2661 3009 
4208 3715 1531 3900 
4209 1952 2617 2737 
4210 3993 1211 4433 
4211 4183 3862 4769 
4212 371 370 3334 
4213 3008 2007 3524 
4214 3314 2847 4773 
4215 2722 2456 3540 
4216 4207 3725 4496 
4217 2882 2880 4389 
4218 1653 1557 1654 
4219 3527 1059 3528 
4220 1800 1938 1939 
4221 451 450 452 
4222 1620 2193 4148 
4223 2689 2690 2691 
4224 94 337 3584 
4225 1035 1037 3976 
4226 2324 2326 4226 
4227 2186 2486 3711 
4228 773 775 776 
4229 3694 361 3695 
4230 337 95 3585 
4231 1458 1611 3593 
4232 1806 1807 1808 
4233 599 598 603 
4234 3103 350 4620 
4235 2153 2172 2422 
4236 2190 3301 4309 
4237 2291 2290 2292 
4238 4420 1468 4690 
4239 776 777 778 
4240 1667 2249 2812 
4241 349 34 4052 
4242 1503 1271 1792 
4243 2551 2552 2553 
4244 977 978 979 
4245 3809 332 4178 
4246 416 415 417 
4247 1556 1555 1557 
4248 3102 2716 4808 
4249 470 471 472 
4250 1934 1935 1936 
4251 2256 3744 3952 
4252 2563 2562 2564 
4253 2505 2504 2506 
4254 3433 3430 3434 
4255 2224 2225 2226 
4256 1517 1518 1519 
4257 2519 2522 2525 
4258 1782 1781 1783 
4259 102 154 3724 
4260 3263 632 4188 
4261 2237 2074 2601 
4262 2561 3649 3781 
4263 950 1091 4908 
4264 2155 2264 3256 
4265 989 987 990 
4266 1735 1799 1800 
4267 1723 1445 3444 
4268 3276 2740 4868 
4269 2952 2956 2957 
4270 431 432 433 
4271 1871 1872 1873 
4272 2553 2554 2556 
4273 370 367 3988 
4274 89 335 3587 
4275 583 557 618 
4276 2989 2890 4843 
4277 1958 1959 1960 
4278 555 384 3751 
4279 979 980 981 
4280 1704 1702 3653 
4281 2210 2010 2211 
4282 437 438 439 
4283 795 796 797 
4284 433 434 435 
4285 640 944 945 
4286 1683 2672 3488 
4287 1023 1251 3131 
4288 3395 3394 4488 
4289 3417 3532 3533 
4290 778 780 781 
4291 2460 3865 4875 
4292 2975 2604 3882 
4293 2872 2874 2875 
4294 688 686 3852 
4295 1795 1941 2189 
4296 2069 3295 4665 
4297 3703 3116 4333 
4298 949 950 951 
4299 2488 2489 2490 
4300 993 992 994 
4301 751 749 752 
4302 418 417 419 
4303 2881 2882 2883 
4304 1232 1214 1233 
4305 2646 2647 4353 
4306 2017 2020 2021 
4307 2142 2141 2143 
4308 736 737 738 
4309 341 82 3790 
4310 3565 1354 4478 
4311 2398 2795 3249 
4312 356 2 362 
4313 947 948 949 
4314 2556 2557 2558 
4315 1406 1582 1754 
4316 3412 2232 3562 
4317 2013 2015 2756 
4318 2870 2871 2872 
4319 497 498 499 
4320 2641 2639 4351 
4321 361 3628 3920 
4322 2558 2785 4019 
4323 340 3743 3744 
4324 481 479 4300 
4325 2701 2867 2868 
4326 1683 1994 2672 
4327 1984 1983 1985 
4328 959 958 960 
4329 1696 1716 1717 
4330 1620 2162 2193 
4331 618 3135 3510 
4332 3415 1291 3719 
4333 4773 2847 4889 
4334 1861 1862 1863 
4335 938 1049 3470 
4336 1685 1687 4223 
4337 981 982 983 
4338 1784 1783 1785 
4339 2226 2227 2229 
4340 2771 2772 2773 
4341 2322 2054 2323 
4342 3207 839 4233 
4343 2490 2491 2492 
4344 2732 2850 3349 
4345 1865 1866 1867 
4346 1751 2419 3538 
4347 1411 1410 1624 
4348 781 786 787 
4349 2842 2804 3583 
4350 453 452 454 
4351 2617 2455 4259 
4352 363 365 4041 
4353 1772 1773 1774 
4354 1847 1848 1849 
4355 2212 2211 2213 
4356 2697 2698 2699 
4357 1107 1212 2666 
4358 2784 2040 3987 
4359 3689 3690 4054 
4360 1544 1543 3463 
4361 507 506 508 
4362 1008 650 4420 
4363 1770 1771 1772 
4364 2273 3124 4217 
4365 2558 2559 2566 
4366 525 529 530 
4367 1733 1734 1735 
4368 1917 1785 1918 
4369 2293 2292 2294 
4370 1849 1850 1851 
4371 2879 2880 2881 
4372 84 333 3789 
4373 1506 1591 1661 
4374 1727 1728 1729 
4375 1051 3208 4352 
4376 944 620 3550 
4377 711 660 4328 
4378 420 419 421 
4379 3385 4285 4286 
4380 472 473 474 
4381 439 440 441 
4382 1625 1624 2024 
4383 615 636 2263 
4384 2428 2426 4849 
4385 1813 2255 4907 
4386 676 677 678 
4387 2263 3008 4676 
4388 875 876 877 
4389 1694 1695 1696 
4390 351 93 3584 
4391 2659 4675 4890 
4392 623 4195 4269 
4393 3086 2430 4867 
4394 2507 2506 2508 
4395 1548 1549 1550 
4396 13 334 3778 
4397 1644 1623 1645 
4398 96 352 3585 
4399 2174 2175 3325 
4400 1341 2127 3848 
4401 4721 2644 4793 
4402 333 85 3791 
4403 3052 3051 3053 
4404 2865 1188 4292 
4405 787 790 791 
4406 2464 2043 4217 
4407 2875 2876 2877 
4408 2699 2700 2701 
4409 3372 2230 3376 
4410 1774 1773 3506 
4411 961 960 962 
4412 1284 3354 3963 
4413 951 952 953 
4414 1055 1054 1056 
4415 1787 1789 2941 
4416 1287 1288 1373 
4417 3383 3384 3385 
4418 1099 4049 4799 
4419 2713 2715 4611 
4420 1611 2116 2438 
4421 2107 555 2460 
4422 1646 1645 1647 
4423 930 935 936 
4424 1945 1944 1946 
4425 2738 2851 3190 
4426 983 984 985 
4427 797 799 800 
4428 3824 1152 4865 
4429 1729 1730 1731 
4430 346 70 4714 
4431 2633 4263 4264 
4432 474 475 476 
4433 2403 1720 2634 
4434 1121 1119 1122 
4435 1862 1859 4643 
4436 1622 1533 3687 
4437 512 540 4136 
4438 938 1048 1049 
4439 2566 2567 2568 
4440 4625 3074 4714 
4441 990 987 3547 
4442 604 603 605 
4443 819 3659 4400 
4444 2098 2099 2174 
4445 3498 2101 3505 
4446 2430 2516 3254 
4447 691 688 3852 
4448 2064 1918 2065 
4449 2438 2606 2607 
4450 1213 1203 1214 
4451 4115 518 4494 
4452 496 489 4310 
4453 3255 3971 4122 
4454 2753 2650 2754 
4455 1373 1374 1375 
4456 354 88 3587 
4457 2351 2350 2352 
4458 1725 1726 1727 
4459 422 421 423 
4460 2562 2521 3597 
4461 3032 3034 3559 
4462 1525 1576 1633 
4463 1659 1658 1660 
4464 1936 1937 2380 
4465 2776 2735 4588 
4466 1049 1050 1229 
4467 1692 1693 1694 
4468 963 962 964 
4469 2877 2876 3500 
4470 1318 1317 1319 
4471 3364 3363 4204 
4472 484 483 485 
4473 645 852 853 
4474 678 679 680 
4475 1550 1551 1552 
4476 1381 1382 1383 
4477 3428 3427 3429 
4478 499 500 501 
4479 3344 4501 4790 
4480 1546 1547 1548 
4481 352 97 3812 
4482 3331 3330 3333 
4483 71 4625 4714 
4484 3386 2267 3387 
4485 1851 1852 1853 
4486 3211 1287 4814 
4487 2373 1722 4155 
4488 1853 1858 1859 
4489 2492 2493 2494 
4490 1391 2465 3925 
4491 2295 2294 2296 
4492 881 883 884 
4493 877 878 879 
4494 884 885 886 
4495 1271 1231 3534 
4496 1552 1616 1617 
4497 1379 1380 1381 
4498 3089 3483 3484 
4499 2853 2854 4006 
4500 3905 494 4534 
4501 4399 3614 4805 
4502 591 592 593 
4503 1377 1378 1379 
4504 1617 1689 1690 
4505 3051 2683 3951 
4506 879 880 881 
4507 402 403 404 
4508 1445 1579 3444 
4509 1383 1384 1385 
4510 4442 2759 4675 
4511 606 605 607 
4512 2032 2033 2034 
4513 995 994 996 
4514 1986 1985 1987 
4515 1676 1660 1677 
4516 3208 2766 4352 
4517 509 508 510 
4518 1375 1376 1377 
4519 672 673 674 
4520 1808 1809 1810 
4521 2318 3312 3582 
4522 546 547 549 
4523 1682 1683 3488 
4524 2684 2687 3951 
4525 326 66 3626 
4526 716 715 717 
4527 2193 2885 4786 
4528 324 59 3633 
4529 589 590 591 
4530 2458 3439 3555 
4531 830 711 831 
4532 3071 3072 4615 
4533 698 699 700 
4534 886 887 888 
4535 1583 1584 3124 
4536 1235 1435 2258 
4537 1833 1832 3469 
4538 353 11 3779 
4539 1497 1543 1544 
4540 43 325 3628 
4541 1964 2620 3108 
4542 1845 1846 1847 
4543 2449 2578 3659 
4544 1254 1613 3716 
4545 329 50 3640 
4546 691 3290 4464 
4547 1843 1842 3472 
4548 2144 2143 2145 
4549 3144 3143 4366 
4550 965 964 966 
4551 3379 2231 3380 
4552 3227 3228 3710 
4553 58 324 3638 
4554 441 442 443 
4555 2216 2215 2217 
4556 608 607 609 
4557 2310 2309 2311 
4558 1749 3538 3811 
4559 2030 2031 2032 
4560 1837 1838 1839 
4561 2326 2414 3569 
4562 87 354 3792 
4563 2987 3423 4524 
4564 953 954 955 
4565 2739 2331 2992 
4566 642 644 645 
4567 1385 1394 1395 
4568 1519 1520 1521 
4569 375 374 3888 
4570 424 423 425 
4571 2394 3126 3127 
4572 2486 2748 3711 
4573 647 649 1292 
4574 2805 3730 4914 
4575 3924 3155 4912 
4576 1432 1496 1497 
4577 936 1080 1081 
4578 2977 4466 4819 
4579 376 377 3553 
4580 3386 1297 4322 
4581 843 831 848 
4582 330 25 3804 
4583 682 683 684 
4584 2366 2362 2775 
4585 3862 4183 4641 
4586 476 477 478 
4587 1818 1814 4907 
4588 1678 1677 1679 
4589 4372 3329 4633 
4590 2795 3656 4767 
4591 1380 1378 3722 
4592 443 444 445 
4593 455 454 456 
4594 3945 2308 4191 
4595 3129 3130 3416 
4596 3252 3103 4620 
4597 1229 1230 1484 
4598 1613 2197 2452 
4599 2985 2984 4411 
4600 2218 2217 2219 
4601 694 695 696 
4602 1835 1836 1837 
4603 1395 1431 1432 
4604 3695 3920 4542 
4605 2948 2947 3511 
4606 774 3734 4101 
4607 1587 1589 2307 
4608 1648 1647 1649 
4609 3259 925 4090 
4610 888 889 890 
4611 3127 3128 3129 
4612 331 79 3532 
4613 1839 1840 1841 
4614 2452 2453 2454 
4615 2763 3879 4716 
4616 593 594 595 
4617 1947 1946 1948 
4618 3452 1723 4386 
4619 997 996 998 
4620 82 83 3790 
4621 610 609 611 
4622 1349 1538 1583 
4623 967 966 968 
4624 315 3540 4467 
4625 985 986 987 
4626 1841 1842 1843 
4627 1604 1605 1606 
4628 1749 1751 3538 
4629 340 3745 3747 
4630 2494 2495 2497 
4631 2609 2367 4492 
4632 1969 1968 1970 
4633 2981 4173 4627 
4634 2242 3765 3766 
4635 2283 2284 2285 
4636 3038 3535 4229 
4637 2419 2420 2938 
4638 1751 1753 2419 
4639 1475 1474 2241 
4640 1635 2057 2058 
4641 2693 3107 4305 
4642 511 510 512 
4643 1123 1122 1124 
4644 1680 1679 1681 
4645 426 428 3922 
4646 1921 2393 2394 
4647 1614 1296 3437 
4648 1636 2324 3943 
4649 3417 331 3532 
4650 3759 3513 4855 
4651 404 405 406 
4652 1988 1987 1989 
4653 2369 2370 2573 
4654 1429 1324 1430 
4655 1776 1777 1778 
4656 2028 2029 2030 
4657 1823 1822 3476 
4658 1831 1832 1833 
4659 1022 1023 1024 
4660 684 685 686 
4661 3699 3159 4387 
4662 1502 1921 3625 
4663 2434 3901 4198 
4664 854 848 1041 
4665 2334 2668 3087 
4666 690 691 692 
4667 1320 1319 1321 
4668 1075 952 4908 
4669 3229 2460 4875 
4670 1736 1493 2274 
4671 1331 3179 4746 
4672 890 891 894 
4673 2220 2219 2221 
4674 2607 2828 2829 
4675 999 998 1000 
4676 2177 1279 3357 
4677 501 502 503 
4678 2957 2959 3530 
4679 3328 1601 3637 
4680 853 1014 1015 
4681 3383 3382 3384 
4682 445 446 447 
4683 2297 2296 2300 
4684 955 956 957 
4685 3849 1857 3850 
4686 1322 1321 1324 
4687 1061 1041 1267 
4688 3439 310 4205 
4689 523 3833 4037 
4690 1827 1828 1829 
4691 1125 1124 1126 
4692 2812 2249 2919 
4693 612 611 613 
4694 1600 1981 1982 
4695 624 602 625 
4696 2904 1916 4552 
4697 2986 2189 3549 
4698 1349 1583 3572 
4699 2339 2340 2341 
4700 2601 2074 3652 
4701 1606 2120 2126 
4702 2285 2286 2287 
4703 2948 3511 4913 
4704 384 382 3751 
4705 2324 2325 2326 
4706 1819 1820 1821 
4707 1990 1989 1991 
4708 718 717 719 
4709 595 596 597 
4710 1821 1822 1823 
4711 388 387 389 
4712 1829 1830 1831 
4713 2497 2498 2499 
4714 894 895 896 
4715 1268 1267 1499 
4716 2207 2911 3885 
4717 2274 3229 4875 
4718 67 357 3626 
4719 426 425 427 
4720 1778 1779 1780 
4721 2021 2022 2023 
4722 2640 3673 4220 
4723 2365 2209 3523 
4724 1723 3441 4879 
4725 738 739 740 
4726 2915 3118 3831 
4727 903 904 905 
4728 1303 1603 1604 
4729 2271 1794 2481 
4730 60 360 3633 
4731 3106 2691 4730 
4732 2787 2335 3192 
4733 1002 1000 1003 
4734 1650 1649 1651 
4735 4234 3281 4839 
4736 2783 3924 4912 
4737 3379 973 3717 
4738 1521 1522 1523 
4739 2146 2145 2147 
4740 1682 1681 1683 
4741 3857 29 4001 
4742 361 42 3628 
4743 3433 3434 3636 
4744 896 897 898 
4745 1215 1299 1300 
4746 2199 1310 2209 
4747 3251 3442 4186 
4748 3630 325 3631 
4749 757 823 3781 
4750 2326 2327 2414 
4751 626 625 627 
4752 790 1596 3806 
4753 3590 3115 3591 
4754 3133 3132 4067 
4755 898 899 900 
4756 406 407 408 
4757 478 479 480 
4758 900 901 903 
4759 1330 1568 1685 
4760 2222 2221 2223 
4761 989 990 991 
4762 2125 1674 2474 
4763 1965 1948 1966 
4764 1636 2052 2324 
4765 1942 2379 4065 
4766 1825 1826 1827 
4767 628 627 629 
4768 1300 1486 1487 
4769 2023 2025 2026 
4770 1810 1811 1812 
4771 3416 3130 4606 
4772 2437 2740 3276 
4773 513 512 514 
4774 2136 2137 2138 
4775 2884 2883 3949 
4776 1780 1781 1782 
4777 1020 1021 1022 
4778 867 875 3504 
4779 3081 3101 3564 
4780 3491 2836 3503 
4781 521 517 4045 
4782 3474 1364 3921 
4783 51 359 3640 
4784 720 719 721 
4785 2370 3518 4010 
4786 3458 574 3782 
4787 753 752 754 
4788 1596 2580 2581 
4789 2564 2562 4268 
4790 2054 707 3975 
4791 1029 1102 1215 
4792 905 906 907 
4793 358 57 3638 
4794 2207 2910 2911 
4795 2287 2288 2289 
4796 2193 2194 2195 
4797 1652 3365 4474 
4798 2229 2240 3544 
4799 1565 1306 3406 
4800 817 826 2765 
4801 33 349 3858 
4802 3812 3700 4571 
4803 597 598 599 
4804 27 343 3805 
4805 4348 2698 4724 
4806 3237 2321 3238 
4807 4590 2829 4825 
4808 2954 2001 2958 
4809 1782 1783 1784 
4810 2170 2450 3091 
4811 991 992 993 
4812 3994 3276 4868 
4813 1257 1255 4694 
4814 1569 1289 3703 
4815 408 409 410 
4816 2341 2574 2939 
4817 926 927 928 
4818 1514 1517 3867 
4819 970 968 971 
4820 1817 1818 1819 
4821 630 629 631 
4822 2224 2223 2225 
4823 2461 555 3751 
4824 364 338 3440 
4825 1633 1640 2333 
4826 2085 1973 2086 
4827 503 504 505 
4828 1611 2438 3593 
4829 343 28 3857 
4830 2634 1720 3619 
4831 3287 515 4203 
4832 3747 3748 3749 
4833 79 80 3532 
4834 921 920 3493 
4835 1005 1003 1006 
4836 2756 2015 3522 
4837 357 68 3692 
4838 1062 1056 1063 
4839 2381 3250 3676 
4840 2138 2139 2140 
4841 2997 2998 4135 
4842 1685 1686 1687 
4843 755 754 756 
4844 2089 3408 4015 
4845 3062 3061 4823 
4846 2499 2500 2501 
4847 3677 2753 3965 
4848 1201 1150 3824 
4849 1037 1036 1038 
4850 1674 1308 3773 
4851 923 924 926 
4852 1129 1126 1130 
4853 41 361 3694 
4854 18 332 3763 
4855 2182 2043 2464 
4856 1914 1912 1915 
4857 934 1012 1013 
4858 3058 398 4584 
4859 2795 2774 3656 
4860 710 660 711 
4861 893 3471 4135 
4862 3280 2617 3731 
4863 1088 3899 3929 
4864 976 975 977 
4865 410 411 412 
4866 2148 2147 2149 
4867 2226 2225 2227 
4868 2273 2189 2986 
4869 1390 1594 3571 
4870 987 986 3547 
4871 915 918 919 
4872 3057 3443 4693 
4873 1926 1925 1927 
4874 919 920 921 
4875 1211 1123 4002 
4876 3538 2419 4370 
4877 1193 1194 1195 
4878 2019 3079 4392 
4879 1125 1208 4658 
4880 419 417 4600 
4881 335 90 4595 
4882 447 448 449 
4883 757 756 758 
4884 1784 1785 1917 
4885 2642 2376 4358 
4886 1709 1446 2043 
4887 1594 2103 2170 
4888 3495 3198 4777 
4889 3455 2814 4140 
4890 1529 1528 3878 
4891 1594 2170 3571 
4892 2005 3880 4286 
4893 1045 1006 1046 
4894 69 346 3692 
4895 1015 1067 1068 
4896 1093 2811 4656 
4897 2075 2076 2108 
4898 3145 3144 4850 
4899 2968 2969 3471 
4900 345 40 3694 
4901 619 613 620 
4902 1917 1918 2064 
4903 1039 1038 1097 
4904 1992 1991 2063 
4905 1812 1813 1814 
4906 759 758 760 
4907 1216 1046 1795 
4908 1164 1166 4713 
4909 1743 1742 1744 
4910 366 364 3519 
4911 1928 1927 1929 
4912 4357 2745 4831 
4913 1687 2009 2010 
4914 2575 2464 2662 
4915 2692 2697 3947 
4916 1342 3422 4278 
4917 523 3185 3833 
4918 2321 1622 3687 
4919 928 931 932 
4920 957 958 959 
4921 1314 1420 1421 
4922 348 3423 4066 
4923 932 933 934 
4924 2150 2149 2151 
4925 3050 3051 3052 
4926 2593 2592 2594 
4927 1579 1767 1768 
4928 913 914 915 
4929 2455 2722 4259 
4930 1445 1541 1579 
4931 3189 4432 4592 
4932 1049 1048 1050 
4933 907 908 909 
4934 537 3502 4345 
4935 2132 2624 3752 
4936 856 1084 1101 
4937 2276 1294 3884 
4938 1487 1554 1555 
4939 312 3388 4349 
4940 761 760 762 
4941 1863 1862 4915 
4942 1391 1393 2465 
4943 3143 2135 4366 
4944 1597 1598 2343 
4945 3419 1745 4307 
4946 1703 1702 1704 
4947 1390 3571 3815 
4948 1057 850 1058 
4949 2678 2975 2976 
4950 1088 637 3668 
4951 3671 1335 4078 
4952 1654 1655 1656 
4953 3070 2266 3186 
4954 2114 1574 2592 
4955 2140 2141 2142 
4956 2118 2119 2267 
4957 1754 1755 2075 
4958 1572 1315 1702 
4959 1768 2157 2158 
4960 2289 2290 2291 
4961 2118 3386 4322 
4962 2929 1209 2930 
4963 3448 4240 4768 
4964 909 911 913 
4965 2731 2725 2732 
4966 1907 1906 1908 
4967 56 358 3743 
4968 558 2847 3314 
4969 865 3500 4845 
4970 863 867 3504 
4971 2781 2422 2974 
4972 2501 2502 2503 
4973 763 762 764 
4974 1058 850 3520 
4975 2916 1956 4207 
4976 1306 1407 1571 
4977 1461 1638 3742 
4978 3260 334 4708 
4979 1711 4003 4807 
4980 2229 2227 2240 
4981 3106 3107 4691 
4982 1627 1472 1628 
4983 740 742 743 
4984 637 631 638 
4985 2060 1704 2061 
4986 1421 1533 1534 
4987 2968 2967 2969 
4988 1471 1329 1472 
4989 993 994 995 
4990 2069 2726 4427 
4991 412 413 414 
4992 2999 2187 3000 
4993 1982 1983 1984 
4994 1574 1309 3881 
4995 1744 1931 3465 
4996 3227 3225 3228 
4997 449 450 451 
4998 2132 2613 2624 
4999 765 764 766 
5000 1079 1976 2101 
5001 3605 315 4467 
5002 1484 3549 4885 
5003 599 603 604 
5004 2064 2065 2066 
5005 3359 2673 4760 
5006 568 566 574 
5007 3500 2876 3552 
5008 1461 1465 1466 
5009 700 701 702 
5010 959 960 961 
5011 2158 2349 2350 
5012 1769 1628 1770 
5013 946 945 947 
5014 1135 1134 1138 
5015 4328 660 4735 
5016 1133 1132 1134 
5017 1068 1104 1105 
5018 1131 1130 1132 
5019 2250 1704 3653 
5020 2984 3622 4411 
5021 3429 3486 3835 
5022 1089 3459 3594 
5023 736 735 737 
5024 2663 2662 2719 
5025 2972 2971 4328 
5026 767 766 768 
5027 2465 2576 4361 
5028 3878 1528 4793 
5029 3106 1238 3107 
5030 1583 1538 1584 
5031 961 962 963 
5032 2265 1706 2266 
5033 3081 1096 3101 
5034 2180 3448 4768 
5035 1370 1371 1445 
5036 1909 1908 1910 
5037 1238 1070 3110 
5038 359 52 3749 
5039 2918 2917 4806 
5040 3338 3337 3615 
5041 2192 3322 3855 
5042 480 481 482 
5043 1105 1273 1274 
5044 1972 1970 1973 
5045 1139 1138 1140 
5046 1365 1367 1368 
5047 1534 1622 1623 
5048 2376 2513 4079 
5049 340 55 3743 
5050 769 768 770 
5051 1263 1563 1597 
5052 2862 2859 4193 
5053 1775 1774 1776 
5054 2274 1493 3771 
5055 1765 1495 1766 
5056 3668 2512 3899 
5057 1197 1213 4830 
5058 414 415 416 
5059 639 620 640 
5060 1229 1050 1230 
5061 559 561 1761 
5062 2213 2214 2215 
5063 722 724 725 
5064 2503 2504 2505 
5065 2196 1766 2369 
5066 3466 907 4408 
5067 641 638 642 
5068 2083 2644 3985 
5069 2019 2016 3079 
5070 4432 2000 4592 
5071 1797 1796 2155 
5072 1586 2133 2711 
5073 1223 1221 3934 
5074 2434 2739 3901 
5075 482 483 484 
5076 1143 1142 1144 
5077 1601 1588 4289 
5078 1571 1593 1758 
5079 1141 1140 1142 
5080 505 506 507 
5081 963 964 965 
5082 564 562 1615 
5083 1101 1265 1266 
5084 486 485 487 
5085 1368 1369 1370 
5086 1942 2330 2379 
5087 2291 2292 2293 
5088 1449 1451 2328 
5089 53 3747 3749 
5090 1447 1366 1796 
5091 554 3349 4722 
5092 1248 1058 1272 
5093 1453 1460 1461 
5094 800 802 803 
5095 2155 3256 3568 
5096 1170 3056 4673 
5097 995 996 997 
5098 3300 842 4440 
5099 380 383 1301 
5100 1656 1657 1658 
5101 2235 1944 4747 
5102 2024 2272 2646 
5103 1921 2394 3625 
5104 3553 1301 4189 
5105 1145 1144 1147 
5106 3405 3006 4909 
5107 2889 3084 4597 
5108 575 574 576 
5109 3045 3043 4034 
5110 965 966 967 
5111 416 417 418 
5112 368 369 4406 
5113 2365 3523 4022 
5114 1984 1985 1986 
5115 347 3239 4382 
5116 604 605 606 
5117 374 371 3334 
5118 3615 3337 4359 
5119 1758 1759 2269 
5120 2687 2693 3951 
5121 4655 4022 4807 
5122 2017 2021 3522 
5123 3033 3093 3783 
5124 606 607 608 
5125 507 508 509 
5126 1357 1358 1359 
5127 2717 2337 3643 
5128 418 419 420 
5129 743 744 745 
5130 83 3789 3790 
5131 2706 4218 4394 
5132 1440 2890 4573 
5133 3135 2055 4765 
5134 451 452 453 
5135 2722 3701 4259 
5136 997 998 999 
5137 381 1356 1357 
5138 1525 1633 3900 
5139 1362 1363 1410 
5140 549 550 551 
5141 4178 20 4384 
5142 2261 4097 4579 
5143 1359 1360 1362 
5144 2709 1211 4281 
5145 1672 3861 4244 
5146 2266 1706 3639 
5147 2771 2773 3732 
5148 4804 2125 4839 
5149 3114 789 3874 
5150 577 576 578 
5151 477 537 4345 
5152 3234 1008 4705 
5153 2406 2241 2932 
5154 154 3723 3724 
5155 2142 2143 2144 
5156 1403 1272 1607 
5157 1082 855 1255 
5158 3230 944 4895 
5159 428 427 429 
5160 2438 2116 2606 
5161 967 968 970 
5162 2505 2506 2507 
5163 2851 2473 4649 
5164 453 454 455 
5165 2394 2393 3126 
5166 999 1000 1002 
5167 3131 1251 4134 
5168 2015 2017 3522 
5169 2442 2319 3827 
5170 2353 1734 3828 
5171 2397 3317 3741 
5172 2359 3097 4873 
5173 457 456 458 
5174 1092 943 1231 
5175 311 3614 4399 
5176 1795 2189 2273 
5177 2621 2007 2778 
5178 608 609 610 
5179 2 3 362 
5180 1189 1187 1190 
5181 971 975 976 
5182 516 514 517 
5183 2771 2184 2772 
5184 385 387 388 
5185 845 827 4105 
5186 4096 2584 4599 
5187 1213 4304 4830 
5188 1 356 3698 
5189 1002 1003 1005 
5190 2269 2270 2674 
5191 1148 1147 1149 
5192 1903 1902 1904 
5193 2666 1212 4752 
5194 2293 2294 2295 
5195 3127 3126 3128 
5196 565 567 569 
5197 3889 1404 4251 
5198 1613 2452 3716 
5199 509 510 511 
5200 420 421 422 
5201 2919 2920 2921 
5202 2234 3341 4715 
5203 645 644 852 
5204 2549 2547 2550 
5205 3129 3128 3130 
5206 533 1222 4008 
5207 2182 2464 2575 
5208 1270 1231 1271 
5209 964 1278 4826 
5210 2006 1602 2007 
5211 569 570 571 
5212 2078 1294 2276 
5213 3548 1304 4426 
5214 1989 2363 4773 
5215 93 94 3584 
5216 2507 2508 2729 
5217 3613 3105 4313 
5218 3574 3575 3576 
5219 579 578 580 
5220 610 611 612 
5221 95 96 3585 
5222 1709 2043 2182 
5223 3091 2450 3092 
5224 3743 358 3952 
5225 422 423 424 
5226 2710 1665 4376 
5227 1517 1626 3867 
5228 3345 3129 4499 
5229 1045 1046 1216 
5230 39 345 3769 
5231 1466 1561 2069 
5232 2185 2186 3711 
5233 3865 2460 4307 
5234 372 3330 3331 
5235 571 572 573 
5236 3392 3335 3807 
5237 2927 3200 3849 
5238 1392 491 1402 
5239 1651 1666 1667 
5240 2603 2677 3986 
5241 1408 1402 1409 
5242 3274 351 4785 
5243 2992 668 4910 
5244 2973 2972 3421 
5245 1150 1149 1151 
5246 1499 1668 1705 
5247 1005 1006 1045 
5248 1581 1405 3475 
5249 10 353 3750 
5250 91 3275 4595 
5251 2170 2103 2450 
5252 88 89 3587 
5253 988 987 989 
5254 3301 1605 4159 
5255 1667 2248 2249 
5256 2295 2296 2297 
5257 2213 2211 2214 
5258 4167 2382 4171 
5259 830 831 843 
5260 2826 2051 2827 
5261 2108 2109 2110 
5262 1152 1151 1153 
5263 589 591 3581 
5264 3419 3154 4315 
5265 3363 1051 4745 
5266 2400 1978 4036 
5267 3049 3300 4440 
5268 2512 3401 4216 
5269 541 536 542 
5270 545 542 546 
5271 198 197 314 
5272 212 211 305 
5273 1502 1271 1503 
5274 1772 1774 1775 
5275 187 186 319 
5276 223 222 310 
5277 2081 3068 4240 
5278 4213 2637 4346 
5279 436 435 437 
5280 234 233 306 
5281 176 175 315 
5282 1685 1568 1686 
5283 511 512 513 
5284 244 243 313 
5285 166 165 322 
5286 2602 2605 3882 
5287 1047 937 1051 
5288 1154 1153 1156 
5289 535 532 536 
5290 104 254 307 
5291 155 102 316 
5292 4680 308 4834 
5293 2056 1752 2793 
5294 1256 1255 1257 
5295 586 580 587 
5296 612 613 619 
5297 2277 2276 2278 
5298 2320 3898 4362 
5299 3620 3913 4042 
5300 640 945 946 
5301 3398 3397 3819 
5302 364 3440 3519 
5303 1300 1299 1486 
5304 1986 1987 1988 
5305 1441 4314 4873 
5306 2771 3732 3733 
5307 134 133 317 
5308 276 275 308 
5309 628 630 3845 
5310 2474 1674 3773 
5311 97 98 3812 
5312 2144 2145 2146 
5313 588 587 589 
5314 484 485 486 
5315 3589 842 4849 
5316 1934 1936 2614 
5317 265 264 311 
5318 145 144 320 
5319 3367 2185 3711 
5320 287 286 312 
5321 123 122 321 
5322 2182 2575 2788 
5323 1285 1261 1286 
5324 1920 1503 2035 
5325 853 852 1014 
5326 83 84 3789 
5327 2410 3978 4260 
5328 1215 1102 1299 
5329 2367 2047 3311 
5330 531 530 532 
5331 1604 1603 1605 
5332 487 1490 4310 
5333 1758 2269 3906 
5334 771 770 772 
5335 1606 1605 2120 
5336 2180 3703 4333 
5337 820 1504 3991 
5338 2419 1753 2420 
5339 428 559 3922 
5340 3804 3805 4246 
5341 1579 1541 1767 
5342 1768 1767 2157 
5343 298 297 309 
5344 112 111 318 
5345 2307 1589 3877 
5346 3486 2271 3551 
5347 979 981 1004 
5348 2394 3127 4276 
5349 2334 3087 3970 
5350 651 653 668 
5351 1487 1486 1554 
5352 1450 1448 2404 
5353 2352 2350 2676 
5354 1157 1156 1158 
5355 556 553 557 
5356 1703 1704 2060 
5357 524 521 525 
5358 1246 1247 4148 
5359 520 517 521 
5360 3639 1418 3964 
5361 1687 1686 2009 
5362 3624 3278 3887 
5363 2195 2200 2201 
5364 2331 1744 3465 
5365 85 86 3791 
5366 2279 2278 2280 
5367 2605 2601 4443 
5368 2607 2606 2828 
5369 582 557 583 
5370 2060 2061 2577 
5371 2691 3106 4691 
5372 86 87 3792 
5373 3238 2321 3687 
5374 2064 2066 3117 
5375 2126 2120 3055 
5376 1159 1158 1160 
5377 664 662 842 
5378 11 12 3779 
5379 2159 3755 3756 
5380 1988 1989 1990 
5381 3473 368 4406 
5382 2645 4061 4639 
5383 1706 1418 3639 
5384 1216 1795 3707 
5385 1634 1409 1635 
5386 3054 3501 3595 
5387 2282 2280 2283 
5388 582 614 615 
5389 2888 3531 4562 
5390 2708 2368 3514 
5391 1895 1894 1896 
5392 1654 1557 1655 
5393 2248 1666 2368 
5394 938 1047 1048 
5395 573 584 585 
5396 1899 1898 1900 
5397 2575 2662 2663 
5398 3087 2668 3927 
5399 2010 2009 2599 
5400 3117 2066 3156 
5401 976 977 1291 
5402 854 1041 1061 
5403 66 67 3626 
5404 3004 2169 3231 
5405 1471 1472 1627 
5406 1765 2196 2631 
5407 1098 1097 1341 
5408 1778 1780 2159 
5409 59 60 3633 
5410 12 13 3778 
5411 2364 3257 3449 
5412 843 848 854 
5413 2324 2052 2325 
5414 3998 3045 4510 
5415 2069 2070 2726 
5416 2479 4110 4236 
5417 2153 2422 2781 
5418 430 429 431 
5419 2237 2601 2602 
5420 42 43 3628 
5421 3098 3099 4858 
5422 795 793 796 
5423 2529 2528 2530 
5424 2446 2214 2447 
5425 3568 3256 3988 
5426 424 425 426 
5427 615 635 636 
5428 636 937 938 
5429 1572 1702 1703 
5430 1421 1420 1533 
5431 50 51 3640 
5432 2167 2156 2470 
5433 2215 2214 2446 
5434 2158 2157 2349 
5435 1161 1160 1163 
5436 188 187 3645 
5437 186 185 3647 
5438 3153 1361 3165 
5439 2326 2325 2327 
5440 1045 1216 1390 
5441 552 551 553 
5442 1775 2385 2466 
5443 1166 1165 1167 
5444 1258 1030 1259 
5445 2122 2736 3041 
5446 389 391 544 
5447 57 58 3638 
5448 1608 1607 1949 
5449 2043 1446 3707 
5450 1061 1267 1268 
5451 2093 4397 4912 
5452 1765 1766 2196 
5453 1505 1286 1506 
5454 1647 1645 1798 
5455 1445 1371 1541 
5456 2240 2256 2429 
5457 2645 2642 4061 
5458 2527 2526 2528 
5459 3844 1798 4088 
5460 1711 3523 4249 
5461 1349 1495 1538 
5462 513 514 516 
5463 1081 1316 1317 
5464 1623 1622 2132 
5465 1266 1295 1296 
5466 949 951 973 
5467 1627 1628 1769 
5468 2936 2961 4525 
5469 2414 2327 2637 
5470 2129 2839 3502 
5471 1164 1163 1165 
5472 1637 1999 2000 
5473 1596 2581 3806 
5474 2349 2157 3260 
5475 2135 2058 2136 
5476 2537 2536 2538 
5477 1769 1770 2378 
5478 488 487 489 
5479 2531 2530 2532 
5480 455 456 457 
5481 722 721 724 
5482 1534 1533 1622 
5483 946 947 1293 
5484 2663 2719 3268 
5485 1784 1917 2308 
5486 2539 2538 2540 
5487 2452 2197 2453 
5488 2350 2349 3578 
5489 2219 2217 2242 
5490 552 556 1712 
5491 1168 1167 1169 
5492 1775 1776 2385 
5493 1627 1769 2041 
5494 2146 2147 2148 
5495 2535 2534 2536 
5496 2541 2540 2546 
5497 2663 3268 3977 
5498 1260 1259 1261 
5499 2974 4289 4618 
5500 1230 1348 1349 
5501 3758 3945 4191 
5502 25 26 3804 
5503 1002 1005 1069 
5504 619 620 639 
5505 2533 2532 2534 
5506 3353 1087 3931 
5507 985 987 988 
5508 2450 2103 2451 
5509 1269 1257 1279 
5510 355 3578 3580 
5511 844 821 2480 
5512 946 1293 2608 
5513 2988 2989 4843 
5514 2599 2009 2600 
5515 2930 4304 4788 
5516 614 583 616 
5517 2919 2249 2920 
5518 1512 1514 3867 
5519 1629 1536 1763 
5520 3755 3754 3758 
5521 1427 3482 3983 
5522 32 33 3858 
5523 585 601 602 
5524 1594 1446 1709 
5525 3410 4303 4361 
5526 989 991 1001 
5527 2740 3914 4099 
5528 3562 2232 4469 
5529 2060 2577 2611 
5530 26 27 3805 
5531 2517 2519 4367 
5532 1016 643 1747 
5533 3910 1746 4720 
5534 543 3206 4817 
5535 4498 2894 4543 
5536 1390 1216 1446 
5537 3181 2942 4696 
5538 2148 2149 2150 
5539 2297 2300 2301 
5540 426 427 428 
5541 541 545 548 
5542 1660 1658 3574 
5543 1570 4242 4551 
5544 1662 1661 2082 
5545 791 3806 4108 
5546 1015 1014 1067 
5547 1997 2468 2650 
5548 2824 2694 3125 
5549 1227 4197 4646 
5550 1390 1446 1594 
5551 2150 2151 2257 
5552 459 458 460 
5553 2525 2522 2526 
5554 2132 1622 2321 
5555 1330 1471 1568 
5556 124 123 3682 
5557 492 489 493 
5558 2223 2221 2228 
5559 68 69 3692 
5560 1409 1402 3650 
5561 1683 1993 1994 
5562 1990 1991 1992 
5563 324 3633 4520 
5564 1594 1709 2103 
5565 40 41 3694 
5566 28 29 3857 
5567 976 1291 1328 
5568 2240 2227 2256 
5569 1230 1050 1348 
5570 3695 361 3920 
5571 1664 1793 1794 
5572 3518 1348 3776 
5573 1555 1554 1710 
5574 1502 1920 1921 
5575 4054 3690 4506 
5576 1608 1953 1962 
5577 811 812 813 
5578 2110 2111 2112 
5579 531 535 1305 
5580 189 188 1343 
5581 1994 2332 2625 
5582 1296 1473 1664 
5583 185 184 1347 
5584 3488 2672 4141 
5585 1748 1747 2437 
5586 1595 1531 1675 
5587 1170 1169 1172 
5588 1328 1329 1330 
5589 1656 1655 1657 
5590 2987 2447 3423 
5591 1858 1852 4888 
5592 2024 1624 2272 
5593 2814 2402 2815 
5594 3167 3112 3209 
5595 469 464 470 
5596 850 835 3520 
5597 2332 1993 2382 
5598 1306 1274 1407 
5599 2963 2965 4794 
5600 2112 2305 2306 
5601 277 276 3610 
5602 3745 3746 4918 
5603 2368 3844 4088 
5604 3297 3298 3794 
5605 1127 3737 4390 
5606 961 963 972 
5607 2083 2082 2644 
5608 2265 2266 3070 
5609 967 970 1032 
5610 1468 3618 4690 
5611 3791 86 3792 
5612 1600 1982 3877 
5613 463 460 464 
5614 1370 1369 1371 
5615 1538 1495 1765 
5616 3237 347 4486 
5617 1651 1649 1666 
5618 995 997 1007 
5619 3593 2438 4398 
5620 1686 1568 2345 
5621 4137 3648 4495 
5622 470 472 3892 
5623 2467 3303 4227 
5624 122 121 3727 
5625 593 595 600 
5626 1530 1523 1531 
5627 1297 1279 2177 
5628 2481 2482 2658 
5629 55 56 3743 
5630 1195 1196 1197 
5631 334 3260 4641 
5632 1048 1047 1277 
5633 17 18 3763 
5634 1103 1444 4060 
5635 2008 1763 2660 
5636 1767 1541 2005 
5637 1349 1348 1495 
5638 2942 2943 4696 
5639 2551 2550 2552 
5640 3175 3202 4787 
5641 2460 555 2461 
5642 264 263 3614 
5643 3742 1638 4740 
5644 4209 2657 4403 
5645 955 957 969 
5646 1580 1581 4683 
5647 773 772 775 
5648 1128 3368 4729 
5649 541 542 545 
5650 469 491 1391 
5651 252 251 893 
5652 1032 970 2583 
5653 619 639 939 
5654 12 3778 3779 
5655 2465 1393 2576 
5656 676 674 677 
5657 52 53 3749 
5658 2572 3495 3839 
5659 1998 1675 2348 
5660 535 536 541 
5661 2247 1673 2479 
5662 1658 1657 2113 
5663 568 574 575 
5664 275 274 3611 
5665 1330 1329 1471 
5666 2414 2637 4213 
5667 1667 1666 2248 
5668 268 267 871 
5669 1268 1499 3771 
5670 381 378 1356 
5671 3081 3564 4063 
5672 776 775 777 
5673 2446 2447 2987 
5674 2591 1665 2710 
5675 778 777 780 
5676 1891 1890 1892 
5677 938 937 1047 
5678 1572 1703 1940 
5679 588 621 634 
5680 284 283 865 
5681 3756 3755 3757 
5682 235 234 3603 
5683 1060 3212 3948 
5684 3239 3238 4214 
5685 666 664 3588 
5686 3314 3315 4575 
5687 3435 3431 3946 
5688 253 252 3674 
5689 2921 2920 3074 
5690 1248 1272 1403 
5691 1328 1291 1329 
5692 2613 2321 3237 
5693 930 874 935 
5694 1068 1067 1104 
5695 274 273 3671 
5696 236 235 3663 
5697 1502 1503 1920 
5698 2553 2552 2554 
5699 2697 2702 3947 
5700 797 796 799 
5701 3090 3484 4325 
5702 1092 1231 1270 
5703 1554 1486 1746 
5704 1447 1796 1797 
5705 1953 1949 2657 
5706 2466 2385 2610 
5707 1403 1607 1608 
5708 2998 2999 4797 
5709 1921 2337 2393 
5710 2163 3383 3823 
5711 1270 1271 1502 
5712 2006 2621 2622 
5713 1368 1367 1369 
5714 323 73 4265 
5715 146 145 3613 
5716 3501 1281 4143 
5717 237 236 1334 
5718 165 164 3775 
5719 3117 3157 4126 
5720 3524 1302 3864 
5721 241 240 1333 
5722 725 726 727 
5723 2376 2095 2513 
5724 301 300 801 
5725 608 610 622 
5726 2631 2196 2656 
5727 100 1 3698 
5728 469 470 491 
5729 1679 1677 1713 
5730 231 230 1336 
5731 3500 865 4389 
5732 613 611 4346 
5733 190 189 3646 
5734 247 246 1337 
5735 2132 2321 2613 
5736 184 183 3712 
5737 1571 1407 1593 
5738 273 272 1335 
5739 2737 3280 3729 
5740 442 523 4037 
5741 254 253 3606 
5742 2646 2272 2647 
5743 1330 1685 4072 
5744 556 557 582 
5745 639 640 3803 
5746 698 696 699 
5747 2556 2554 2557 
5748 531 532 535 
5749 582 583 614 
5750 710 711 830 
5751 1795 2273 3707 
5752 2766 2352 3873 
5753 2248 2368 2708 
5754 279 278 1338 
5755 1057 1058 1248 
5756 781 780 786 
5757 1371 1369 1610 
5758 3069 1422 4236 
5759 2779 4107 4662 
5760 520 524 558 
5761 38 39 3769 
5762 257 256 1331 
5763 2711 2133 2712 
5764 220 219 1340 
5765 2676 2350 3578 
5766 3227 3710 4783 
5767 552 553 556 
5768 1105 1104 1273 
5769 577 578 579 
5770 125 124 1387 
5771 9 10 3750 
5772 2745 1672 4244 
5773 295 294 1339 
5774 320 3467 4568 
5775 1683 1681 1993 
5776 636 635 937 
5777 4005 2036 4038 
5778 256 255 3680 
5779 520 521 524 
5780 1173 1172 1174 
5781 3055 2120 3170 
5782 1335 3673 4078 
5783 3274 3275 4763 
5784 1701 1565 3406 
5785 1000 998 4312 
5786 135 134 3609 
5787 1362 1360 1363 
5788 1191 1190 1192 
5789 261 260 1332 
5790 787 786 790 
5791 177 176 3605 
5792 1402 491 3892 
5793 1314 1315 1420 
5794 1454 1452 1455 
5795 939 1313 1314 
5796 2191 1469 2435 
5797 575 576 577 
5798 1657 1655 2346 
5799 3555 3439 4205 
5800 267 266 3655 
5801 2006 2007 2621 
5802 1032 2583 3509 
5803 1744 1930 1931 
5804 615 614 635 
5805 951 953 3717 
5806 2048 2047 2367 
5807 3901 1762 3969 
5808 3430 3429 4127 
5809 1494 1737 1738 
5810 588 589 621 
5811 3762 3399 3842 
5812 632 3517 3624 
5813 1931 2724 2725 
5814 1420 1315 1572 
5815 3570 3077 4883 
5816 3479 3872 4421 
5817 232 231 3667 
5818 178 177 3685 
5819 2388 2387 3515 
5820 459 463 465 
5821 1470 4096 4599 
5822 393 395 1372 
5823 1359 1358 1360 
5824 433 435 436 
5825 1478 1430 1479 
5826 2613 3237 3720 
5827 1589 1600 3877 
5828 296 3443 4671 
5829 2167 3103 3252 
5830 634 943 1029 
5831 3916 3917 4128 
5832 156 155 3607 
5833 3760 2718 4748 
5834 599 604 617 
5835 3450 965 4153 
5836 1299 1102 1567 
5837 2336 2333 3295 
5838 148 147 1137 
5839 529 521 4045 
5840 682 680 683 
5841 800 799 802 
5842 3942 4557 4744 
5843 2716 2181 4808 
5844 2934 2088 3515 
5845 1758 1593 1759 
5846 1314 1313 1315 
5847 516 517 520 
5848 195 194 1344 
5849 2592 1574 3881 
5850 1029 1092 1102 
5851 2260 1757 2261 
5852 1434 1711 4249 
5853 2558 2557 2559 
5854 694 692 695 
5855 3575 2113 3577 
5856 179 178 1345 
5857 2403 2634 3621 
5858 2358 2054 3975 
5859 2125 2474 2898 
5860 2056 2794 3274 
5861 486 488 495 
5862 2767 4538 4614 
5863 201 200 709 
5864 939 639 1313 
5865 493 497 519 
5866 173 172 1351 
5867 169 168 1350 
5868 2797 2174 3325 
5869 579 580 586 
5870 486 487 488 
5871 678 677 679 
5872 269 268 3654 
5873 436 1294 2077 
5874 2524 2562 2563 
5875 1026 1027 1028 
5876 374 3334 4733 
5877 2486 2488 2748 
5878 1635 2058 2135 
5879 3157 327 4532 
5880 196 195 3691 
5881 157 156 3688 
5882 642 643 644 
5883 2198 1684 2410 
5884 2211 2010 3657 
5885 2732 2849 2850 
5886 238 237 3662 
5887 240 239 3664 
5888 1797 2156 2163 
5889 2079 1715 2080 
5890 1586 2711 3840 
5891 2636 2062 3224 
5892 1921 1920 2337 
5893 586 587 588 
5894 573 572 584 
5895 283 282 3658 
5896 133 132 3612 
5897 2179 1933 2180 
5898 3164 2389 4182 
5899 136 135 3738 
5900 3429 3835 4127 
5901 262 261 3735 
5902 258 257 3740 
5903 1175 1174 1179 
5904 1365 1368 3871 
5905 230 229 3759 
5906 272 271 3672 
5907 142 141 1128 
5908 439 441 462 
5909 1446 1216 3707 
5910 1740 1741 1742 
5911 248 247 3761 
5912 1738 1739 1740 
5913 191 190 1342 
5914 970 971 3796 
5915 211 210 3602 
5916 571 570 572 
5917 569 567 570 
5918 1633 2336 3900 
5919 2391 4324 4472 
5920 183 182 1346 
5921 1573 1996 1997 
5922 1770 1772 3670 
5923 2056 2793 2794 
5924 1274 1273 3840 
5925 3804 26 3805 
5926 280 279 3678 
5927 548 1302 1303 
5928 197 196 3600 
5929 1881 1880 1882 
5930 200 199 3696 
5931 1982 1984 2375 
5932 3341 2234 4835 
5933 2393 2337 2717 
5934 476 478 490 
5935 1887 1886 1888 
5936 999 1002 3762 
5937 690 688 691 
5938 174 173 3701 
5939 210 209 3709 
5940 1180 1179 1186 
5941 503 505 515 
5942 1085 857 1086 
5943 472 2390 3892 
5944 158 157 1354 
5945 2136 2138 2166 
5946 2724 1930 2783 
5947 1675 1531 3715 
5948 1101 1084 1265 
5949 3574 3576 3820 
5950 3232 1689 4529 
5951 2789 2410 3216 
5952 488 489 492 
5953 511 513 518 
5954 1957 1939 1958 
5955 2869 2868 2870 
5956 1797 2155 2156 
5957 209 208 788 
5958 1756 1483 1757 
5959 2566 2559 2567 
5960 625 602 3624 
5961 4523 143 4636 
5962 531 1305 3908 
5963 577 579 581 
5964 2269 1759 2270 
5965 706 713 4591 
5966 436 437 1294 
5967 3443 296 4693 
5968 2610 4222 4410 
5969 1339 4094 4847 
5970 270 269 3702 
5971 2148 2150 2192 
5972 1751 1752 1753 
5973 367 366 3988 
5974 2279 2282 2304 
5975 3638 324 3808 
5976 1584 1538 3651 
5977 2654 2080 2960 
5978 2010 2599 3657 
5979 971 976 3796 
5980 3022 3021 4563 
5981 657 660 710 
5982 3876 1490 4511 
5983 629 627 633 
5984 153 152 1352 
5985 2866 3878 4793 
5986 1410 1363 3871 
5987 548 545 1302 
5988 672 670 673 
5989 2705 1396 2706 
5990 4538 1083 4614 
5991 472 474 2390 
5992 121 120 1400 
5993 1461 1460 1465 
5994 2118 1590 2119 
5995 2078 2276 2277 
5996 1303 1602 1603 
5997 199 198 3601 
5998 4516 2652 4718 
5999 621 589 3581 
6000 282 281 3705 
6001 2643 2356 2759 
6002 820 832 1504 
6003 836 851 1253 
6004 3158 2270 3159 
6005 1759 1593 1760 
6006 1049 1229 4206 
6007 457 458 459 
6008 1986 1988 2268 
6009 829 836 3816 
6010 1365 1366 1367 
6011 1128 4262 4323 
6012 1733 1735 3648 
6013 3656 2774 4669 
6014 1016 1748 1749 
6015 2287 2289 2299 
6016 3326 2459 4282 
6017 1408 1409 1634 
6018 2405 3133 3973 
6019 2826 2827 3142 
6020 162 161 1353 
6021 522 3253 4535 
6022 601 584 623 
6023 2573 2370 3873 
6024 2402 2083 3985 
6025 263 262 1621 
6026 1392 1402 1408 
6027 2730 2729 3146 
6028 137 136 1355 
6029 1466 1465 1561 
6030 126 125 3683 
6031 2490 2492 2496 
6032 2739 2993 4892 
6033 634 621 943 
6034 289 288 3768 
6035 132 131 3772 
6036 3442 606 4186 
6037 585 584 601 
6038 2327 2325 2651 
6039 1408 1634 1636 
6040 1029 943 1092 
6041 1449 2328 3932 
6042 1658 2113 3574 
6043 397 400 494 
6044 428 429 430 
6045 2481 1794 2482 
6046 259 258 882 
6047 3405 3182 4445 
6048 2404 1448 4064 
6049 2731 2732 4354 
6050 740 739 742 
6051 459 460 463 
6052 2674 2270 3158 
6053 492 493 3608 
6054 194 193 3689 
6055 3567 4277 4774 
6056 2355 1612 2356 
6057 2114 2592 2593 
6058 3172 2582 4674 
6059 2378 1770 3670 
6060 463 464 469 
6061 2339 2003 2340 
6062 4047 2421 4521 
6063 180 179 3693 
6064 239 238 902 
6065 1458 1463 1611 
6066 1724 1717 1725 
6067 700 699 701 
6068 2142 2144 2469 
6069 1073 2765 4751 
6070 1517 1519 1626 
6071 738 737 739 
6072 1749 1750 1751 
6073 271 270 870 
6074 602 601 632 
6075 2078 2277 2281 
6076 2217 2215 3764 
6077 1603 1602 2006 
6078 229 228 912 
6079 1636 2051 2052 
6080 249 248 892 
6081 2188 2667 2769 
6082 3643 2337 3853 
6083 1266 1265 1295 
6084 1415 3916 4128 
6085 3746 4279 4918 
6086 642 638 643 
6087 525 530 531 
6088 747 745 822 
6089 1871 1873 3660 
6090 1357 1356 1358 
6091 182 181 3713 
6092 2878 2877 2879 
6093 281 280 864 
6094 1559 1434 1708 
6095 3891 2480 3955 
6096 2644 2866 4793 
6097 847 838 2316 
6098 2277 2278 2279 
6099 293 292 862 
6100 1870 1869 1871 
6101 1354 3565 3801 
6102 2159 3756 3767 
6103 1367 1366 1447 
6104 1732 1731 1733 
6105 1050 1048 3776 
6106 2360 2374 2618 
6107 2279 2280 2282 
6108 1793 1473 2036 
6109 2416 2415 2417 
6110 1691 1690 1692 
6111 3523 1711 4022 
6112 1273 1104 1418 
6113 1776 1778 3767 
6114 1780 1782 3754 
6115 2291 2293 2623 
6116 2282 2283 2444 
6117 163 162 3774 
6118 2167 2470 3103 
6119 352 3895 4338 
6120 1595 1998 2313 
6121 1218 1308 1474 
6122 1994 1993 2332 
6123 1645 1623 3752 
6124 2425 2418 2426 
6125 567 566 568 
6126 449 451 461 
6127 813 814 815 
6128 4741 1858 4888 
6129 3716 2452 4441 
6130 2156 2155 3568 
6131 2977 2979 4466 
6132 218 217 925 
6133 1990 1992 2360 
6134 640 946 3803 
6135 977 979 3719 
6136 3481 1338 4404 
6137 2208 1389 2415 
6138 506 504 4829 
6139 290 289 1239 
6140 3029 4318 4905 
6141 1623 2132 3752 
6142 2215 2446 3764 
6143 1291 977 3719 
6144 507 509 1416 
6145 1303 1302 1602 
6146 2196 2369 3809 
6147 316 102 3724 
6148 2470 2156 3568 
6149 304 303 798 
6150 1702 1315 4111 
6151 154 153 3723 
6152 1611 1612 2116 
6153 3657 2599 4066 
6154 572 570 1398 
6155 1231 943 3851 
6156 2205 1701 3838 
6157 1668 1934 3675 
6158 2295 2297 2298 
6159 131 130 1388 
6160 1567 3345 4463 
6161 3427 1614 3437 
6162 1864 1863 1865 
6163 1365 1364 1366 
6164 159 158 3801 
6165 359 3749 4245 
6166 1962 2377 3539 
6167 2133 1706 2265 
6168 743 742 744 
6169 1586 1418 1706 
6170 113 112 3616 
6171 1193 1192 1194 
6172 1018 1100 1276 
6173 1545 1544 1546 
6174 1463 1459 1464 
6175 2427 2426 2428 
6176 1643 2104 2203 
6177 1499 1705 3771 
6178 152 151 3799 
6179 1692 1694 3661 
6180 3746 2225 4279 
6181 2494 2497 2512 
6182 1248 1403 1404 
6183 499 501 1415 
6184 1042 3829 3830 
6185 1739 1737 1745 
6186 1225 2068 4169 
6187 2677 2604 2678 
6188 2385 1776 3767 
6189 3188 2714 4601 
6190 3387 2267 3507 
6191 1494 1493 1736 
6192 2360 1992 2374 
6193 422 424 467 
6194 4344 2670 4804 
6195 3189 1319 4432 
6196 686 685 1244 
6197 1016 1747 1748 
6198 1391 491 1392 
6199 1067 1014 1106 
6200 161 160 3802 
6201 1447 1797 3823 
6202 1363 1360 1364 
6203 2161 1758 3906 
6204 1546 1548 3681 
6205 111 110 3903 
6206 549 551 552 
6207 164 163 1854 
6208 3402 4721 4793 
6209 1595 2313 4308 
6210 3574 2113 3575 
6211 976 1328 3796 
6212 1608 1949 1953 
6213 80 81 3972 
6214 1363 1364 1365 
6215 1488 3084 4396 
6216 836 1253 3816 
6217 24 330 3977 
6218 1765 2631 3651 
6219 565 564 566 
6220 1753 1752 2056 
6221 1391 1392 1393 
6222 3505 2101 3739 
6223 3257 2590 4742 
6224 2193 2162 2194 
6225 563 562 564 
6226 2732 2725 2849 
6227 1586 1706 2133 
6228 2378 4215 4368 
6229 2507 2729 2730 
6230 1557 1555 3726 
6231 815 816 817 
6232 193 192 1171 
6233 414 416 466 
6234 1276 1309 1310 
6235 2563 2564 2565 
6236 2252 2174 2797 
6237 1458 1457 1459 
6238 226 225 1220 
6239 1254 1086 1434 
6240 3274 2794 3275 
6241 1498 3979 4301 
6242 2069 1561 2070 
6243 181 180 1162 
6244 3913 2777 4042 
6245 1737 1736 3865 
6246 2214 2211 3657 
6247 428 430 559 
6248 168 167 4012 
6249 2607 2829 4024 
6250 1982 2375 3877 
6251 1751 1750 1752 
6252 127 126 1386 
6253 1273 1418 1586 
6254 2052 2051 2826 
6255 138 137 3737 
6256 3414 1424 4119 
6257 959 961 3788 
6258 2399 1978 2400 
6259 568 575 2384 
6260 704 705 706 
6261 3597 1090 4221 
6262 1254 1559 1613 
6263 443 445 1425 
6264 644 643 1016 
6265 81 341 3972 
6266 1664 1473 1793 
6267 1860 1859 1861 
6268 3839 1761 3923 
6269 2501 2503 2648 
6270 2077 1294 2078 
6271 1427 1268 1493 
6272 1709 2182 3721 
6273 406 408 468 
6274 350 3103 4593 
6275 3352 1094 4340 
6276 171 170 1155 
6277 1523 1525 3900 
6278 2267 2119 2679 
6279 2816 2806 4894 
6280 2101 1976 3739 
6281 561 562 563 
6282 2163 2156 2167 
6283 1725 1727 3704 
6284 563 564 565 
6285 216 215 3795 
6286 2129 2036 2703 
6287 565 566 567 
6288 846 3299 4243 
6289 2323 2358 2362 
6290 2184 2004 3669 
6291 1538 1765 3651 
6292 303 302 3770 
6293 2734 1974 2735 
6294 1730 2997 4407 
6295 561 560 562 
6296 3183 2888 4562 
6297 684 683 685 
6298 1636 1634 2051 
6299 2773 2772 3987 
6300 418 420 1419 
6301 1152 1185 4865 
6302 4079 2733 4358 
6303 1028 1033 1034 
6304 2182 2788 3721 
6305 2992 2331 3465 
6306 120 119 3728 
6307 215 214 1250 
6308 388 389 3592 
6309 1358 1356 2411 
6310 837 732 4434 
6311 1744 1742 1930 
6312 1292 3558 4395 
6313 1772 1775 3670 
6314 1296 1295 1473 
6315 2479 1673 4190 
6316 1247 1325 1326 
6317 558 2329 2847 
6318 2313 3834 4308 
6319 1555 1710 3726 
6320 2275 1963 2448 
6321 2201 3480 4573 
6322 114 113 3821 
6323 559 1761 3922 
6324 558 524 2329 
6325 2683 2684 3951 
6326 339 3700 4852 
6327 2082 1661 3907 
6328 694 697 4199 
6329 1034 1052 1053 
6330 3563 993 4077 
6331 2786 2037 3064 
6332 2097 2034 2098 
6333 2474 3773 4484 
6334 1507 3487 4250 
6335 1506 1661 1662 
6336 151 150 1136 
6337 1595 1675 1998 
6338 410 412 1428 
6339 3093 3031 3949 
6340 23 24 3977 
6341 1929 1944 1945 
6342 1048 1277 3776 
6343 160 159 1146 
6344 1259 1030 3891 
6345 1962 1953 2377 
6346 1934 2614 3675 
6347 2451 2103 3721 
6348 2103 1709 3721 
6349 731 729 824 
6350 1521 1523 1530 
6351 2675 1243 4521 
6352 2070 1561 2071 
6353 1313 639 3803 
6354 2900 2899 4697 
6355 1456 1455 1457 
6356 2406 2932 4164 
6357 2477 2094 2632 
6358 1643 1308 1674 
6359 2658 2482 2659 
6360 2515 3329 4128 
6361 3987 2040 4818 
6362 1053 1054 1055 
6363 1992 2063 3904 
6364 1002 1069 3762 
6365 3558 2992 4395 
6366 2730 3146 3508 
6367 713 714 715 
6368 2779 2409 4107 
6369 1477 1236 1585 
6370 4326 3847 4327 
6371 1749 1748 1750 
6372 2587 1856 4058 
6373 953 955 3797 
6374 1285 1286 1505 
6375 559 560 561 
6376 2343 1598 3297 
6377 2827 2051 3936 
6378 851 850 1057 
6379 1407 1274 3840 
6380 2198 2789 3171 
6381 946 2608 3803 
6382 725 724 726 
6383 2643 2759 4442 
6384 1844 1843 1845 
6385 1061 1268 1427 
6386 29 30 4001 
6387 130 129 3859 
6388 2146 2148 3855 
6389 1530 1531 1595 
6390 3403 2413 4497 
6391 3109 2924 4256 
6392 202 201 3697 
6393 302 301 3665 
6394 1931 1930 2724 
6395 849 1064 1065 
6396 1910 1912 1914 
6397 1613 1684 2197 
6398 979 1004 3719 
6399 4690 3618 4882 
6400 595 597 3810 
6401 1624 1410 3786 
6402 4050 2443 4799 
6403 203 202 3814 
6404 1597 1563 1598 
6405 1480 1481 1575 
6406 3334 3566 4733 
6407 2572 3839 3923 
6408 836 835 850 
6409 2847 2329 2848 
6410 1977 3086 4867 
6411 1746 4499 4720 
6412 1763 1536 4083 
6413 204 203 708 
6414 2920 2249 3837 
6415 1705 1668 3675 
6416 30 327 4001 
6417 1672 1477 3861 
6418 4107 2409 4195 
6419 1043 3348 4297 
6420 1474 1308 1643 
6421 1633 2333 2336 
6422 2159 1780 3754 
6423 3343 313 4471 
6424 1782 1784 3945 
6425 1661 1663 3907 
6426 936 935 1080 
6427 224 223 4173 
6428 360 61 4382 
6429 128 127 3777 
6430 745 744 3932 
6431 2447 2214 3657 
6432 1219 2780 4644 
6433 2333 2334 3970 
6434 2678 2976 3273 
6435 1834 1833 1835 
6436 383 385 3718 
6437 139 138 1127 
6438 973 951 3717 
6439 1778 2159 3767 
6440 2249 2248 3837 
6441 99 339 4852 
6442 2650 2468 3279 
6443 389 544 3592 
6444 2401 2402 2813 
6445 4182 3310 4856 
6446 4326 2235 4747 
6447 1775 2466 3670 
6448 1260 1261 1285 
6449 2240 2429 3875 
6450 480 482 1433 
6451 811 810 812 
6452 1406 1754 4134 
6453 1493 1268 3771 
6454 3647 3531 4738 
6455 2242 2217 3764 
6456 2122 3041 4076 
6457 1082 1255 1256 
6458 115 114 1401 
6459 2583 970 3796 
6460 3708 2941 4197 
6461 1677 1660 3820 
6462 1081 1080 1316 
6463 62 347 4382 
6464 706 712 713 
6465 4513 291 4677 
6466 2691 2692 3947 
6467 49 329 4524 
6468 559 430 560 
6469 1798 1645 3752 
6470 1662 2083 2401 
6471 2368 1666 3844 
6472 582 615 3856 
6473 2412 3220 4251 
6474 2341 2340 2574 
6475 3571 2170 4476 
6476 749 747 3686 
6477 892 2968 4736 
6478 2656 4178 4384 
6479 1740 1739 1741 
6480 2345 1568 3785 
6481 2027 2026 2028 
6482 3381 3544 4872 
6483 327 31 4532 
6484 2547 2546 4084 
6485 3417 3533 4383 
6486 1282 1536 1629 
6487 1793 2036 2129 
6488 2423 3637 4780 
6489 597 599 3832 
6490 3817 3010 3944 
6491 493 519 3608 
6492 1920 2035 3853 
6493 2984 2983 4526 
6494 1348 1050 3776 
6495 453 455 1424 
6496 2947 3567 4774 
6497 1915 1925 1926 
6498 4168 495 4856 
6499 602 632 3624 
6500 1738 1737 1739 
6501 2311 2841 4891 
6502 2759 2356 4711 
6503 1649 1647 3844 
6504 3384 3750 4285 
6505 1966 1968 1969 
6506 2159 3754 3755 
6507 3515 2320 4362 
6508 2422 2423 4780 
6509 3946 3431 4459 
6510 664 842 3588 
6511 3242 1241 4618 
6512 187 319 3645 
6513 319 186 3647 
6514 3172 1298 4871 
6515 856 857 1084 
6516 2267 2679 3507 
6517 1453 1452 1454 
6518 1531 1523 3900 
6519 350 6 4620 
6520 1427 1493 1494 
6521 1494 1736 1737 
6522 4145 335 4595 
6523 2603 2602 2604 
6524 827 829 4105 
6525 2239 3265 4415 
6526 1627 2041 3785 
6527 1662 2082 2083 
6528 3740 1331 4746 
6529 3592 544 3836 
6530 1045 1390 3815 
6531 1568 1471 3785 
6532 1301 383 3718 
6533 1451 1450 1452 
6534 1363 1365 3871 
6535 2129 3502 3953 
6536 206 205 750 
6537 546 549 3981 
6538 1655 1557 3726 
6539 2882 4389 4903 
6540 545 546 3864 
6541 1681 1679 3841 
6542 680 679 3885 
6543 119 118 1399 
6544 2379 2330 3956 
6545 2828 3456 4825 
6546 2981 3485 4173 
6547 3726 1710 4139 
6548 2885 2615 4582 
6549 1904 1906 1907 
6550 1327 1619 1620 
6551 922 921 923 
6552 3295 2333 3970 
6553 2802 3194 4851 
6554 1790 1788 1791 
6555 402 404 1423 
6556 170 169 4085 
6557 217 216 4090 
6558 3484 3728 4325 
6559 2313 1998 2589 
6560 2592 3881 4567 
6561 1065 1217 1218 
6562 2586 1856 2587 
6563 2070 2071 2253 
6564 1797 2163 3823 
6565 4148 2193 4786 
6566 1824 1823 1825 
6567 1005 1045 3815 
6568 3096 3095 4101 
6569 840 847 856 
6570 2755 2571 4402 
6571 1451 1452 1453 
6572 3260 2157 3862 
6573 1453 1454 1460 
6574 76 77 4224 
6575 3755 3758 4052 
6576 2435 1469 4071 
6577 1197 1202 1203 
6578 2600 2009 3999 
6579 3386 3387 4044 
6580 4439 346 4714 
6581 2429 2256 3952 
6582 2932 2241 3269 
6583 2785 4018 4019 
6584 3710 4743 4783 
6585 1449 1450 1451 
6586 4197 2941 4646 
6587 623 3954 4195 
6588 3793 3792 4171 
6589 957 959 3868 
6590 129 128 1120 
6591 2129 2703 2839 
6592 378 375 3888 
6593 3535 3581 4011 
6594 1784 2308 3945 
6595 3544 2240 3875 
6596 1471 1627 3785 
6597 684 687 4270 
6598 1233 1234 1235 
6599 961 972 3788 
6600 294 293 4094 
6601 1270 3625 3869 
6602 4343 3158 4846 
6603 1295 1265 1412 
6604 491 470 3892 
6605 1466 2069 4665 
6606 3762 1069 3827 
6607 4464 3290 4485 
6608 2607 4024 4398 
6609 1187 1186 3708 
6610 997 999 3842 
6611 2209 1310 3677 
6612 1573 1997 3677 
6613 1256 1257 1269 
6614 2656 2196 3809 
6615 2380 4522 4759 
6616 3008 3524 4477 
6617 2447 3657 4066 
6618 677 674 3995 
6619 754 752 783 
6620 1258 1259 1260 
6621 1069 1005 3815 
6622 1671 1802 2106 
6623 2055 2024 4765 
6624 2198 2410 2789 
6625 762 760 779 
6626 2128 2638 2768 
6627 1458 1459 1463 
6628 1019 1013 1020 
6629 826 827 845 
6630 2028 2030 3784 
6631 123 321 3682 
6632 3140 3139 4684 
6633 2597 1876 4069 
6634 770 768 774 
6635 524 525 3908 
6636 3687 1533 3959 
6637 1611 1463 1612 
6638 1465 1460 1467 
6639 3141 2727 4877 
6640 1976 2364 3739 
6641 2203 2104 2670 
6642 1449 1448 1450 
6643 1098 1341 3848 
6644 3113 3166 4592 
6645 1647 1798 3844 
6646 525 531 3908 
6647 541 548 3854 
6648 1747 643 3914 
6649 3095 2645 4639 
6650 744 742 1448 
6651 2772 2184 3669 
6652 385 388 3718 
6653 1712 556 3856 
6654 276 308 3610 
6655 1816 1814 1817 
6656 3082 3081 4063 
6657 3383 3385 4429 
6658 1572 1940 3959 
6659 2813 2402 2814 
6660 1742 1741 3924 
6661 817 818 826 
6662 2060 2611 3870 
6663 3502 537 4272 
6664 758 756 1441 
6665 2355 2356 2643 
6666 803 802 820 
6667 2596 1876 2597 
6668 549 552 3981 
6669 1273 1586 3840 
6670 4135 3471 4407 
6671 707 704 3975 
6672 714 712 723 
6673 766 764 1442 
6674 1085 1086 1254 
6675 3918 2346 3919 
6676 1275 3119 4201 
6677 993 995 4077 
6678 1218 1217 1308 
6679 844 2480 3891 
6680 1285 1505 1942 
6681 1233 1235 3516 
6682 2191 2435 2733 
6683 3404 466 4919 
6684 1297 2177 4322 
6685 843 854 942 
6686 242 241 4056 
6687 1997 1996 2468 
6688 1186 1787 3708 
6689 621 3581 3851 
6690 3598 506 4829 
6691 321 122 3727 
6692 2382 1993 3841 
6693 3022 3738 4547 
6694 1533 1420 3959 
6695 234 306 3603 
6696 1607 1272 4453 
6697 3350 3478 4789 
6698 1745 1737 3865 
6699 311 264 3614 
6700 308 275 3611 
6701 2157 1767 3862 
6702 2893 3075 3962 
6703 3591 1423 4166 
6704 744 1448 1449 
6705 1456 1457 1458 
6706 2714 4254 4601 
6707 1660 3574 3820 
6708 1254 1434 1559 
6709 1110 1108 1482 
6710 1620 1719 2162 
6711 2116 1612 2355 
6712 260 259 4109 
6713 2401 2083 2402 
6714 3528 2444 4630 
6715 322 165 3775 
6716 2606 2116 3818 
6717 116 115 3822 
6718 332 3809 4150 
6719 955 969 3797 
6720 1630 1631 2072 
6721 1343 188 3645 
6722 185 1347 3647 
6723 3780 3779 4183 
6724 2497 2499 3899 
6725 1629 1763 2008 
6726 2881 2883 2884 
6727 3581 591 4011 
6728 1269 1279 1297 
6729 2750 2752 4423 
6730 227 226 4098 
6731 2197 1684 2198 
6732 2480 821 4132 
6733 2195 2194 2200 
6734 2372 1722 2373 
6735 307 254 3606 
6736 2128 1720 2403 
6737 2272 1624 3786 
6738 4195 2483 4269 
6739 1459 1462 4545 
6740 1703 2060 3870 
6741 1454 1455 1456 
6742 4359 3337 4598 
6743 1450 2404 3872 
6744 145 320 3613 
6745 852 644 3811 
6746 1294 437 3884 
6747 3577 2113 3918 
6748 1341 1535 1630 
6749 2248 2708 3837 
6750 627 625 3887 
6751 1892 1894 1895 
6752 1613 1559 1684 
6753 3786 1410 3871 
6754 176 315 3605 
6755 1044 3193 4796 
6756 1573 1309 1574 
6757 1305 535 3854 
6758 4162 2963 4794 
6759 1247 1327 4148 
6760 1900 1902 1903 
6761 445 447 3915 
6762 2005 1541 3880 
6763 118 117 3846 
6764 4314 3266 4873 
6765 790 1469 1596 
6766 2241 1474 4039 
6767 2346 1655 3726 
6768 3749 3748 4245 
6769 2994 1699 4838 
6770 1420 1572 3959 
6771 2337 1920 3853 
6772 1608 1962 3942 
6773 2104 1674 2125 
6774 1896 1898 1899 
6775 1258 1260 1609 
6776 1007 997 3842 
6777 134 317 3609 
6778 591 593 4011 
6779 544 391 3902 
6780 4451 1073 4751 
6781 726 838 840 
6782 4147 2564 4268 
6783 4222 328 4410 
6784 2634 3619 3635 
6785 1567 1102 3869 
6786 600 595 3810 
6787 1767 2005 3862 
6788 925 3259 4481 
6789 2330 1950 2436 
6790 2071 4024 4590 
6791 2325 2052 3826 
6792 1310 1309 1573 
6793 155 316 3607 
6794 2829 2828 4825 
6795 704 702 705 
6796 851 1057 1066 
6797 2442 3827 4247 
6798 3205 2434 4198 
6799 2783 1930 3924 
6800 3796 1328 4072 
6801 1945 1946 1947 
6802 4187 1136 4507 
6803 2846 2844 4254 
6804 3568 3988 4317 
6805 2604 2602 3882 
6806 437 439 3884 
6807 1055 1056 1062 
6808 965 967 4153 
6809 1666 1649 3844 
6810 3758 3754 3945 
6811 1115 1112 1264 
6812 2073 2236 2238 
6813 1596 2191 2580 
6814 2701 2868 2869 
6815 1942 1505 1950 
6816 3717 953 3797 
6817 1317 1316 1637 
6818 699 696 4025 
6819 2091 2612 2777 
6820 110 109 1971 
6821 1942 1950 2330 
6822 1960 2047 2048 
6823 1635 2135 3936 
6824 2289 2291 3897 
6825 2668 2742 4624 
6826 999 3762 3842 
6827 3754 1782 3945 
6828 3966 581 4795 
6829 638 631 3914 
6830 4124 3457 4706 
6831 619 939 3886 
6832 1455 1452 3872 
6833 2741 2436 3253 
6834 305 211 3602 
6835 877 879 1228 
6836 1607 4453 4886 
6837 556 582 3856 
6838 3281 4804 4839 
6839 1062 1063 1246 
6840 1940 1703 3870 
6841 610 612 3883 
6842 2114 2593 3120 
6843 535 541 3854 
6844 3169 2309 4609 
6845 1541 1371 3880 
6846 1713 1677 3820 
6847 314 197 3600 
6848 2148 2192 3855 
6849 2009 1686 3999 
6850 2761 3602 3709 
6851 726 724 838 
6852 3120 2593 3623 
6853 2679 2119 2680 
6854 317 133 3612 
6855 2673 3725 4207 
6856 3056 1181 4727 
6857 3099 2918 4187 
6858 3471 893 4211 
6859 1102 1092 3869 
6860 836 850 851 
6861 884 886 1438 
6862 1634 1635 3936 
6863 1996 1574 2114 
6864 943 621 3851 
6865 75 342 4776 
6866 1025 1024 1026 
6867 2864 2831 4210 
6868 1084 857 1085 
6869 1236 1233 3516 
6870 612 619 3886 
6871 2823 2825 4732 
6872 2247 2479 2669 
6873 1696 1717 1724 
6874 3181 3664 4445 
6875 1550 1552 1688 
6876 1629 2008 2462 
6877 1381 1383 1507 
6878 1373 1375 1639 
6879 2064 3117 4126 
6880 2583 3796 4072 
6881 1617 1690 1691 
6882 2875 2877 2878 
6883 2095 1529 3878 
6884 713 712 714 
6885 3323 3324 4578 
6886 1377 1379 1961 
6887 969 957 3868 
6888 2330 2436 2741 
6889 856 847 857 
6890 2576 3569 4530 
6891 4156 833 4585 
6892 1800 1939 1957 
6893 2703 2036 4005 
6894 558 3314 4575 
6895 198 314 3601 
6896 2815 2402 3985 
6897 1246 1063 1247 
6898 710 830 1762 
6899 2598 3850 4699 
6900 599 617 3832 
6901 552 1712 3981 
6902 1907 1908 1909 
6903 2697 2699 2702 
6904 686 1244 3852 
6905 2887 1913 4811 
6906 1497 1544 1545 
6907 1698 1715 2079 
6908 888 890 1017 
6909 175 174 4138 
6910 829 828 835 
6911 780 777 782 
6912 1385 1395 1642 
6913 681 682 4413 
6914 1610 1369 3866 
6915 1729 1731 1732 
6916 2523 2560 2561 
6917 2488 2490 3894 
6918 1371 1610 3880 
6919 1679 1713 3841 
6920 1302 545 3864 
6921 1369 1367 3866 
6922 1719 1619 1720 
6923 228 227 4133 
6924 1092 1270 3869 
6925 334 3580 4708 
6926 1756 1757 2260 
6927 1251 1406 4134 
6928 3128 342 4224 
6929 3375 4153 4554 
6930 4361 2576 4530 
6931 2425 2427 2704 
6932 593 600 4011 
6933 3108 2620 3998 
6934 266 265 4142 
6935 2520 2518 2521 
6936 3202 2205 4189 
6937 2260 2261 3420 
6938 846 723 855 
6939 2651 3230 4895 
6940 1947 1948 1965 
6941 2687 2689 2693 
6942 808 805 2383 
6943 1643 1674 2104 
6944 353 3780 4285 
6945 2523 2521 2524 
6946 719 717 839 
6947 431 433 3890 
6948 2959 2956 4541 
6949 2603 2604 2677 
6950 2236 2074 2237 
6951 1993 1681 3841 
6952 840 838 847 
6953 1016 1749 3811 
6954 2416 2418 2424 
6955 1686 2345 3999 
6956 3758 349 4052 
6957 2901 1877 4816 
6958 622 610 3883 
6959 1064 1030 1258 
6960 775 772 1485 
6961 189 1343 3646 
6962 1367 1447 3866 
6963 1387 124 3682 
6964 1334 3327 4821 
6965 1926 1927 1928 
6966 1347 184 3712 
6967 2462 2008 2463 
6968 2073 1631 2074 
6969 790 786 1469 
6970 3573 1234 4160 
6971 903 905 916 
6972 1756 2260 2413 
6973 1195 1194 1196 
6974 3561 3560 4834 
6975 4141 2672 4470 
6976 1018 855 1082 
6977 2238 2971 2972 
6978 3349 554 4632 
6979 896 898 1044 
6980 3996 3097 4555 
6981 849 844 1030 
6982 1276 1100 1309 
6983 1456 3593 3989 
6984 1275 4201 4825 
6985 739 737 741 
6986 439 462 3884 
6987 2735 1974 3661 
6988 2201 2200 3480 
6989 3344 2964 4162 
6990 2499 2501 3929 
6991 1447 3823 3866 
6992 1875 1880 1881 
6993 2742 3686 4624 
6994 1554 1746 3910 
6995 1701 3406 3838 
6996 252 893 3674 
6997 365 368 4041 
6998 1888 1890 1891 
6999 3530 2888 4811 
7000 3310 3215 4856 
7001 562 560 4446 
7002 2726 2070 3958 
7003 606 608 4186 
7004 1545 1963 1964 
7005 3053 3051 4305 
7006 2052 2826 3826 
7007 2632 2094 3660 
7008 408 410 3933 
7009 117 116 1113 
7010 1643 2203 4039 
7011 822 745 3932 
7012 1423 3541 4196 
7013 3611 274 3671 
7014 2306 2309 2310 
7015 1930 1742 3924 
7016 469 1391 3925 
7017 2581 3955 4161 
7018 2427 2428 3234 
7019 3588 842 3589 
7020 2482 1794 3953 
7021 474 476 3911 
7022 674 673 3995 
7023 1884 1886 1887 
7024 2579 3264 4557 
7025 391 393 3902 
7026 3500 3552 4845 
7027 2308 1917 4126 
7028 2448 1963 3681 
7029 2425 2426 2427 
7030 829 835 836 
7031 1244 1245 1263 
7032 235 3603 3663 
7033 509 511 3926 
7034 1861 1863 1864 
7035 2775 2362 3083 
7036 3809 2369 4150 
7037 1710 1554 3910 
7038 4582 4146 4862 
7039 2374 1992 3904 
7040 1691 1974 2570 
7041 1794 1793 3953 
7042 1462 3835 4545 
7043 1867 1869 1870 
7044 1334 236 3663 
7045 2416 2417 2418 
7046 644 1016 3811 
7047 1596 1469 2191 
7048 959 3788 3868 
7049 109 108 3961 
7050 501 503 3916 
7051 412 414 3941 
7052 2567 2801 2802 
7053 3606 253 3674 
7054 1086 857 4003 
7055 3220 3219 4253 
7056 436 2077 3890 
7057 273 1335 3671 
7058 3388 312 4860 
7059 3439 2457 4627 
7060 3040 3106 4730 
7061 2410 1684 3978 
7062 849 1030 1064 
7063 497 499 3928 
7064 1019 1414 2584 
7065 2346 3726 4139 
7066 2995 2994 4838 
7067 1964 2275 2620 
7068 706 705 712 
7069 3064 2037 3704 
7070 871 267 3655 
7071 4460 1185 4840 
7072 1573 1574 1996 
7073 4537 1093 4656 
7074 447 449 3930 
7075 2968 3471 4211 
7076 3457 1207 4876 
7077 2208 2415 2416 
7078 112 318 3616 
7079 2519 2520 2522 
7080 1235 1280 1435 
7081 2364 3449 3739 
7082 679 1389 2207 
7083 1256 1269 1437 
7084 2207 2208 2910 
7085 3075 3076 4200 
7086 1528 3402 4793 
7087 1657 2346 3918 
7088 1263 1483 1563 
7089 1979 2664 2665 
7090 1057 1248 3889 
7091 2569 4179 4468 
7092 441 443 3939 
7093 2651 2325 3826 
7094 3003 3004 4528 
7095 2527 2728 4316 
7096 532 530 4175 
7097 3963 3937 4208 
7098 395 397 3905 
7099 19 20 4178 
7100 2006 2622 4159 
7101 855 723 4569 
7102 3418 2878 4917 
7103 496 4310 4670 
7104 2027 2251 2767 
7105 2453 2197 3876 
7106 318 111 3903 
7107 1724 2037 2386 
7108 3811 3538 4170 
7109 1790 2392 2475 
7110 1662 2401 3990 
7111 20 21 4384 
7112 2570 2734 2750 
7113 1065 1064 1217 
7114 2113 1657 3918 
7115 3039 3038 4229 
7116 1025 1090 2517 
7117 2237 2602 2603 
7118 354 4167 4171 
7119 3297 1598 3298 
7120 1331 256 3680 
7121 268 871 3654 
7122 3137 3138 4536 
7123 3540 2902 4467 
7124 342 3542 4776 
7125 231 1336 3667 
7126 2437 3488 4141 
7127 1853 1859 1860 
7128 4444 3395 4509 
7129 1845 1847 2090 
7130 1324 1321 1397 
7131 3255 2516 4418 
7132 696 695 4025 
7133 633 627 3887 
7134 1641 2430 4527 
7135 3943 2324 4226 
7136 625 3624 3887 
7137 1849 1851 1855 
7138 1436 1280 1560 
7139 832 844 849 
7140 3290 4218 4485 
7141 714 723 846 
7142 2372 2432 2810 
7143 1732 2361 2626 
7144 433 436 3890 
7145 2032 2034 2097 
7146 2356 1612 3984 
7147 919 921 922 
7148 2988 2565 2989 
7149 3806 2581 4824 
7150 1018 1082 1100 
7151 2098 2174 2252 
7152 865 283 3658 
7153 2992 3465 4395 
7154 3552 285 4845 
7155 2517 2518 2519 
7156 2133 2265 3895 
7157 1186 1281 1787 
7158 416 418 3938 
7159 1117 1115 3971 
7160 846 855 1018 
7161 3327 3405 4821 
7162 2565 2564 4146 
7163 2880 3500 4389 
7164 2329 524 3908 
7165 909 913 1009 
7166 1567 3869 4276 
7167 1787 1788 1789 
7168 708 3316 4330 
7169 2048 2367 2609 
7170 177 3605 3685 
7171 1244 685 1245 
7172 2712 2133 3895 
7173 1721 1722 2371 
7174 1837 1839 1955 
7175 237 1334 3662 
7176 3810 597 3832 
7177 1841 1843 1844 
7178 37 38 4410 
7179 121 1400 3727 
7180 1333 240 3664 
7181 3523 2209 3965 
7182 3218 3069 4110 
7183 2857 4075 4504 
7184 465 463 3925 
7185 1435 1436 1721 
7186 1691 1692 1974 
7187 1637 2000 4432 
7188 3465 2731 4395 
7189 1899 1900 3622 
7190 4026 3108 4381 
7191 1085 3716 4087 
7192 1804 1806 2084 
7193 3496 2623 4409 
7194 1336 230 3759 
7195 2869 2873 3548 
7196 2023 2026 2027 
7197 1342 190 3646 
7198 247 1337 3761 
7199 1335 272 3672 
7200 1403 1608 3942 
7201 482 484 3957 
7202 3241 3018 4323 
7203 2371 2372 4017 
7204 2869 2870 2873 
7205 2144 2146 3940 
7206 183 1346 3712 
7207 2718 3760 4869 
7208 2323 2054 2358 
7209 1895 1896 3642 
7210 567 568 3896 
7211 420 422 3950 
7212 2554 2552 2555 
7213 1345 178 3685 
7214 3835 3551 4545 
7215 2079 2080 2654 
7216 1831 1833 1834 
7217 1545 1546 1963 
7218 679 677 1389 
7219 263 1621 3614 
7220 257 1331 3740 
7221 2279 2304 3967 
7222 478 480 3974 
7223 3514 4088 4089 
7224 3162 3161 4712 
7225 2390 474 3911 
7226 2540 2538 2545 
7227 1909 1910 4016 
7228 1498 3351 3979 
7229 279 1338 3678 
7230 511 518 3926 
7231 1834 1856 2585 
7232 3140 4084 4103 
7233 747 822 3686 
7234 1536 1537 4083 
7235 135 3609 3738 
7236 1957 1958 2629 
7237 1999 2247 2727 
7238 1372 395 3905 
7239 1198 4118 4418 
7240 3266 2359 4873 
7241 2707 3243 4174 
7242 261 1332 3735 
7243 2299 2289 3897 
7244 3269 2241 4039 
7245 2927 3849 3850 
7246 1988 1990 3937 
7247 1732 1733 2361 
7248 1957 2629 2630 
7249 923 926 940 
7250 310 3439 4627 
7251 1540 3760 4748 
7252 1605 1603 4159 
7253 519 497 3928 
7254 1408 1636 3943 
7255 1197 1196 1202 
7256 1827 1829 1878 
7257 1891 1892 3634 
7258 3583 2805 4914 
7259 2316 838 4093 
7260 476 490 3911 
7261 2405 3973 4375 
7262 2441 3286 4241 
7263 156 3607 3688 
7264 3599 1387 4718 
7265 3342 3800 4715 
7266 568 2384 3896 
7267 2634 3635 4564 
7268 1637 1316 1673 
7269 2268 3937 3963 
7270 195 1344 3691 
7271 2194 2162 3537 
7272 744 1449 3932 
7273 1724 1725 2037 
7274 451 453 3935 
7275 735 733 1532 
7276 704 706 3975 
7277 643 638 3914 
7278 479 477 4345 
7279 1310 1573 3677 
7280 934 1013 1019 
7281 3546 1293 4544 
7282 2291 2623 3897 
7283 2188 2769 4152 
7284 462 441 3939 
7285 2567 2559 2801 
7286 1824 1876 2595 
7287 103 204 3813 
7288 3267 3684 4511 
7289 1505 1506 3990 
7290 104 307 4613 
7291 108 107 1426 
7292 1577 3271 4505 
7293 570 567 3896 
7294 3269 1949 4886 
7295 463 469 3925 
7296 3583 1350 4012 
7297 1928 1929 3992 
7298 2653 2652 4516 
7299 4244 2612 4831 
7300 1990 2360 3937 
7301 3084 1178 4396 
7302 315 175 4138 
7303 4049 4050 4799 
7304 3512 894 4335 
7305 679 2207 3885 
7306 709 200 3696 
7307 793 791 4108 
7308 1575 1578 2087 
7309 2786 3064 3346 
7310 2048 2609 3065 
7311 928 932 1470 
7312 3916 515 3917 
7313 2585 2586 2633 
7314 3750 353 4285 
7315 577 581 3966 
7316 173 1351 3701 
7317 683 680 3885 
7318 265 311 4142 
7319 125 1387 3683 
7320 3636 741 4762 
7321 1122 1119 1198 
7322 832 821 844 
7323 3600 196 3691 
7324 1360 1358 3921 
7325 4199 2574 4202 
7326 1398 570 3896 
7327 1590 1223 3934 
7328 1986 2268 4102 
7329 1354 157 3688 
7330 1313 3803 4111 
7331 534 481 4300 
7332 623 584 3954 
7333 2051 1634 3936 
7334 503 515 3916 
7335 3898 2391 4752 
7336 820 802 821 
7337 2603 3986 4144 
7338 91 92 4763 
7339 3652 1535 4185 
7340 3602 210 3709 
7341 1263 1245 1483 
7342 1071 1287 4583 
7343 269 3654 3702 
7344 614 616 4204 
7345 631 629 4099 
7346 701 699 1396 
7347 1239 3768 4901 
7348 1637 1673 1999 
7349 2748 2488 3894 
7350 2532 2530 2543 
7351 1563 1483 1756 
7352 1969 1970 1972 
7353 1808 1810 1815 
7354 3332 3553 4189 
7355 393 1372 3902 
7356 1821 1823 1824 
7357 1519 1521 3968 
7358 2512 2497 3899 
7359 1506 1662 3990 
7360 2198 3171 3876 
7361 3773 1217 4068 
7362 1817 1819 1857 
7363 209 788 3709 
7364 1452 1450 3872 
7365 1078 3395 4213 
7366 551 554 4722 
7367 2268 1988 3937 
7368 1344 194 3689 
7369 2424 2418 2425 
7370 1356 378 3888 
7371 2793 1752 4470 
7372 77 78 4606 
7373 3658 282 3705 
7374 3803 2608 4111 
7375 4416 801 4517 
7376 490 478 3974 
7377 3792 354 4171 
7378 2300 3410 4361 
7379 3187 2420 4334 
7380 179 1345 3693 
7381 2595 2596 2598 
7382 2490 2496 3894 
7383 2225 2223 4279 
7384 736 841 4710 
7385 199 3601 3696 
7386 1022 1024 1025 
7387 3756 328 4222 
7388 1984 1986 4102 
7389 1621 262 3735 
7390 1355 136 3738 
7391 2079 2654 2655 
7392 2916 4207 4496 
7393 1881 1882 1978 
7394 2128 2403 2638 
7395 799 796 1501 
7396 837 4017 4369 
7397 3616 2862 3821 
7398 3612 132 3772 
7399 1418 1104 3964 
7400 2513 2095 3878 
7401 71 72 4625 
7402 164 1854 3775 
7403 2962 2809 4813 
7404 1812 1814 1816 
7405 882 258 3740 
7406 2706 1396 4025 
7407 1425 445 3915 
7408 902 238 3662 
7409 1416 509 3926 
7410 239 902 3664 
7411 4327 2860 4896 
7412 1304 3040 4426 
7413 2116 2355 3818 
7414 2375 1984 4102 
7415 3980 3085 4607 
7416 701 1396 2122 
7417 1864 2202 2234 
7418 2469 2144 3940 
7419 3356 2347 4876 
7420 3215 4168 4856 
7421 2003 1995 3909 
7422 3937 2360 4208 
7423 4408 1009 4667 
7424 1393 1392 3943 
7425 1140 1138 1177 
7426 271 870 3672 
7427 1233 1214 1234 
7428 1887 1888 3753 
7429 629 633 4099 
7430 2299 3527 4461 
7431 229 912 3759 
7432 2993 2739 4910 
7433 892 248 3761 
7434 449 461 3930 
7435 2894 4051 4619 
7436 1404 1403 3942 
7437 1559 1708 3978 
7438 1719 1720 2128 
7439 3514 2368 4088 
7440 668 2993 4910 
7441 3710 2808 4053 
7442 1999 1673 2247 
7443 1917 2064 4126 
7444 3423 2447 4066 
7445 2614 1936 4212 
7446 4357 2841 4550 
7447 1147 1144 1176 
7448 3781 823 4468 
7449 2361 1733 3648 
7450 2207 1389 2208 
7451 1346 182 3713 
7452 4209 543 4817 
7453 1248 1404 3889 
7454 1364 1360 3921 
7455 2867 2970 4900 
7456 1415 501 3916 
7457 1392 1408 3943 
7458 1341 1097 1535 
7459 2409 2483 4195 
7460 3700 3699 4261 
7461 864 280 3678 
7462 1132 1130 1178 
7463 1870 1871 2094 
7464 1153 1151 1207 
7465 2698 3136 4724 
7466 4303 3410 4893 
7467 2435 4071 4311 
7468 3883 612 3886 
7469 1328 1330 4072 
7470 2005 4286 4769 
7471 1163 1160 1199 
7472 1350 168 4012 
7473 3757 3755 4052 
7474 1864 1865 2202 
7475 2563 2565 2988 
7476 3787 2895 4686 
7477 575 577 3966 
7478 870 270 3702 
7479 3683 3599 4455 
7480 3864 546 3981 
7481 1974 1692 3661 
7482 1358 2411 3921 
7483 4084 2546 4103 
7484 779 3733 4378 
7485 650 648 4420 
7486 222 221 4205 
7487 356 4343 4846 
7488 1480 1479 1481 
7489 2146 3855 3940 
7490 415 413 4234 
7491 2252 2797 2798 
7492 2526 2522 2569 
7493 1790 1791 2392 
7494 1870 2094 2476 
7495 2281 2277 3967 
7496 655 657 4023 
7497 2122 2705 2736 
7498 3190 2902 4816 
7499 422 467 3950 
7500 241 1333 4056 
7501 1340 3555 4689 
7502 1860 1861 3800 
7503 1158 1156 1491 
7504 1167 1165 1489 
7505 1104 1067 3964 
7506 354 3587 4167 
7507 584 572 3954 
7508 1760 1593 4172 
7509 281 864 3705 
7510 995 1007 4077 
7511 3107 1238 3110 
7512 486 495 4168 
7513 2550 2547 4084 
7514 1307 711 4328 
7515 310 222 4205 
7516 3686 2742 4059 
7517 2615 4146 4582 
7518 2610 2385 4222 
7519 1203 1202 1413 
7520 528 3390 4302 
7521 1126 1124 1488 
7522 2072 1631 2073 
7523 1963 1546 3681 
7524 2027 2028 2251 
7525 2761 3709 4319 
7526 158 1354 3801 
7527 1177 3323 4578 
7528 251 250 4211 
7529 1964 1963 2275 
7530 2761 4319 4848 
7531 1172 1169 1210 
7532 1265 1084 4087 
7533 3856 2263 4676 
7534 3226 3227 4648 
7535 1688 4032 4423 
7536 397 494 3905 
7537 443 1425 3939 
7538 2097 2098 3817 
7539 827 818 828 
7540 1844 1845 3825 
7541 162 1353 3774 
7542 2570 1974 2734 
7543 1620 1619 1719 
7544 461 451 3935 
7545 153 1352 3723 
7546 2721 4335 4796 
7547 2501 2648 3929 
7548 504 3279 4829 
7549 455 457 4119 
7550 1834 1835 1856 
7551 1881 1978 2246 
7552 1347 3712 4562 
7553 3765 359 4245 
7554 3760 1540 4321 
7555 2415 1389 3995 
7556 499 1415 3928 
7557 1754 2239 4134 
7558 3958 3893 4827 
7559 466 416 3938 
7560 414 466 3941 
7561 1080 935 1786 
7562 3037 3039 4474 
7563 702 701 4076 
7564 2586 2587 2619 
7565 1038 1036 1040 
7566 1352 152 3799 
7567 2197 2198 3876 
7568 1944 1943 4747 
7569 3556 1340 4616 
7570 1078 4213 4346 
7571 1030 844 3891 
7572 1239 289 3768 
7573 1630 1535 1631 
7574 2238 2236 2971 
7575 1190 1187 3708 
7576 1339 294 4094 
7577 418 1419 3938 
7578 572 1398 3954 
7579 1972 1973 2085 
7580 4336 465 4893 
7581 830 843 3969 
7582 131 1388 3772 
7583 1626 1519 3968 
7584 468 408 3933 
7585 1327 1326 1618 
7586 301 801 3665 
7587 3290 2344 4218 
7588 316 3724 3725 
7589 4204 3363 4745 
7590 854 1061 3983 
7591 829 3816 4105 
7592 2372 2373 2432 
7593 3469 2738 4857 
7594 1067 1106 3964 
7595 2036 1473 4038 
7596 1252 2796 4645 
7597 1353 161 3802 
7598 1332 260 4109 
7599 820 821 832 
7600 466 3404 4692 
7601 3779 3778 4183 
7602 1463 1464 3984 
7603 3472 2737 4854 
7604 1793 2129 3953 
7605 1900 1903 3622 
7606 1186 1179 1281 
7607 3223 1577 4505 
7608 2369 2573 4150 
7609 2386 2037 2786 
7610 2277 2279 3967 
7611 1389 677 3995 
7612 2037 1725 3704 
7613 1754 2075 2239 
7614 1019 1020 1414 
7615 1066 1057 3889 
7616 2070 2253 3958 
7617 1419 420 3950 
7618 1474 1643 4039 
7619 816 814 2431 
7620 3951 2693 4305 
7621 3761 1337 4794 
7622 2626 2361 2627 
7623 1229 1484 4176 
7624 2073 2074 2236 
7625 1965 1966 4046 
7626 3073 3071 4615 
7627 169 1350 4085 
7628 4268 2562 4906 
7629 1428 412 3941 
7630 2246 2399 3554 
7631 2814 2815 4140 
7632 1994 2625 4663 
7633 2330 2741 3956 
7634 2523 2524 2560 
7635 193 1171 3689 
7636 1386 126 3683 
7637 3603 306 3604 
7638 137 1355 3737 
7639 410 1428 3933 
7640 1824 1825 1876 
7641 1047 1051 4352 
7642 3570 2962 4813 
7643 2860 4327 4388 
7644 1618 1326 3913 
7645 3504 875 4027 
7646 1162 180 3693 
7647 3655 266 4142 
7648 3341 3342 4715 
7649 1400 120 3728 
7650 2122 1396 2705 
7651 3513 912 4364 
7652 2384 575 3966 
7653 1854 163 3774 
7654 3324 2445 4240 
7655 847 2316 4003 
7656 201 709 3697 
7657 874 872 4165 
7658 1892 1895 3634 
7659 181 1162 3713 
7660 906 904 4437 
7661 2970 2700 4348 
7662 2825 2824 4416 
7663 404 406 4166 
7664 2596 2597 4095 
7665 3531 2959 4738 
7666 144 143 4523 
7667 292 291 4513 
7668 663 667 4232 
7669 1896 1899 3642 
7670 2408 2406 4164 
7671 898 900 4009 
7672 2135 2136 4366 
7673 2094 1871 3660 
7674 3881 1100 4000 
7675 4522 3149 4759 
7676 3434 3430 4127 
7677 107 106 3960 
7678 983 3656 4669 
7679 3869 3625 4276 
7680 2301 3569 4444 
7681 3942 1962 4557 
7682 3807 1652 4474 
7683 1789 1788 1790 
7684 3350 2374 4810 
7685 2561 2560 3649 
7686 515 505 4203 
7687 2245 2244 2387 
7688 2475 2392 3123 
7689 3862 2005 4769 
7690 1904 1907 4121 
7691 1787 1281 1788 
7692 1194 1192 1227 
7693 2742 2787 4897 
7694 1757 1483 4754 
7695 2581 4161 4824 
7696 730 837 4369 
7697 1235 1234 1280 
7698 4319 788 4572 
7699 3873 2370 4010 
7700 1315 1313 4111 
7701 2758 3697 4581 
7702 3701 2722 4138 
7703 3275 2794 4145 
7704 2119 1590 3934 
7705 760 758 3996 
7706 3340 3867 4911 
7707 4085 1350 4914 
7708 632 601 4188 
7709 798 303 3770 
7710 3827 1069 4247 
7711 3167 3209 4483 
7712 4094 3136 4847 
7713 539 4260 4704 
7714 2056 3274 4334 
7715 259 882 4109 
7716 2519 2525 4367 
7717 1202 1196 1553 
7718 826 818 827 
7719 3666 4416 4447 
7720 174 3701 4138 
7721 1106 1014 4170 
7722 2411 1356 3888 
7723 3835 1462 4127 
7724 4071 782 4311 
7725 3791 3793 4702 
7726 293 862 4094 
7727 3915 447 3930 
7728 647 1292 4632 
7729 1222 1282 4008 
7730 817 816 818 
7731 2520 2521 2523 
7732 467 424 4114 
7733 925 3556 4616 
7734 3858 349 4191 
7735 3333 3332 4726 
7736 2519 2518 2520 
7737 484 486 4168 
7738 3899 2499 3929 
7739 805 803 3991 
7740 3191 2851 4631 
7741 494 400 4196 
7742 1326 2091 3913 
7743 530 533 4175 
7744 113 3616 3821 
7745 1433 482 3957 
7746 935 874 4165 
7747 4240 2445 4768 
7748 424 426 4114 
7749 4179 2561 4468 
7750 823 3073 4842 
7751 3931 1087 4454 
7752 2385 3767 4222 
7753 2430 3254 4867 
7754 4324 2665 4472 
7755 1903 1904 4121 
7756 151 1136 3799 
7757 1588 1226 4289 
7758 2585 1856 2586 
7759 1736 2274 4875 
7760 2460 2461 4307 
7761 1721 1436 1722 
7762 1146 159 3801 
7763 973 3379 4417 
7764 3654 871 3798 
7765 507 1416 4203 
7766 1025 1026 1090 
7767 1521 1530 3968 
7768 2496 2492 4216 
7769 893 251 4211 
7770 4263 2633 4727 
7771 2371 1722 2372 
7772 705 702 4076 
7773 1435 1280 1436 
7774 2849 2725 4257 
7775 453 1424 3935 
7776 1915 1926 4152 
7777 480 1433 3974 
7778 925 217 4090 
7779 657 710 4023 
7780 2429 3952 4295 
7781 3144 4366 4850 
7782 160 1146 3802 
7783 1542 2405 4375 
7784 1526 3413 4659 
7785 721 719 4020 
7786 3914 631 4099 
7787 1388 130 3859 
7788 1084 1085 4087 
7789 2641 4351 4703 
7790 815 814 816 
7791 426 3922 4114 
7792 3476 2957 4870 
7793 827 828 829 
7794 215 1250 3795 
7795 223 310 4173 
7796 2517 1090 2518 
7797 967 1032 4153 
7798 1293 947 4544 
7799 459 465 4336 
7800 3206 4391 4817 
7801 1335 3672 3673 
7802 2234 2202 2743 
7803 4459 3431 4820 
7804 1750 1748 4141 
7805 2879 2881 3982 
7806 3955 2480 4161 
7807 3035 3559 4561 
7808 4494 518 4652 
7809 1407 3840 4172 
7810 1051 937 4745 
7811 2810 2432 3302 
7812 586 3615 4359 
7813 3637 1601 4780 
7814 1907 1909 2439 
7815 2340 2003 3909 
7816 1155 170 4085 
7817 349 3758 4191 
7818 2372 2810 4017 
7819 1327 1618 1619 
7820 1061 1427 3983 
7821 2715 2716 4596 
7822 3550 2637 4594 
7823 3579 3763 4151 
7824 514 512 4136 
7825 1327 1620 4148 
7826 1396 699 4025 
7827 1910 1914 4016 
7828 1460 1454 3989 
7829 2595 1876 2596 
7830 3008 4477 4676 
7831 3622 2984 4258 
7832 3400 3352 4365 
7833 297 296 4671 
7834 341 3790 4306 
7835 400 402 4196 
7836 2246 1978 2399 
7837 406 468 4166 
7838 1210 3595 4360 
7839 3735 1332 3736 
7840 2439 1909 2440 
7841 2209 3677 3965 
7842 1675 3715 4750 
7843 2476 2094 2477 
7844 912 228 4133 
7845 2420 1753 4334 
7846 216 3795 4090 
7847 2622 2621 4176 
7848 1055 1062 1076 
7849 981 983 4669 
7850 302 3665 3770 
7851 127 1386 3777 
7852 313 243 4339 
7853 803 820 3991 
7854 2332 2382 4167 
7855 1888 1891 3753 
7856 3315 2363 4494 
7857 1028 1034 1492 
7858 1412 1265 4087 
7859 1950 1505 3990 
7860 326 3626 4586 
7861 1127 138 3737 
7862 1014 852 4170 
7863 2251 2028 3784 
7864 3636 3434 4421 
7865 342 76 4224 
7866 1603 2006 4159 
7867 1684 1559 3978 
7868 306 4435 4697 
7869 226 1220 4098 
7870 1914 1915 4152 
7871 3841 1713 4287 
7872 3159 2270 4387 
7873 3123 2392 3843 
7874 4426 3040 4730 
7875 287 312 4349 
7876 2086 2244 2245 
7877 3767 3756 4222 
7878 245 244 4790 
7879 2585 2633 4809 
7880 1424 455 4119 
7881 812 810 819 
7882 2275 2448 4129 
7883 3764 2446 4539 
7884 1467 1460 3989 
7885 1612 1463 3984 
7886 4431 4588 4650 
7887 3734 3732 4430 
7888 881 884 4018 
7889 692 691 4464 
7890 2255 4054 4506 
7891 1432 1497 4026 
7892 2128 2768 4163 
7893 1630 2072 4853 
7894 296 295 4693 
7895 864 3678 3679 
7896 886 888 4030 
7897 2265 3070 4338 
7898 32 3858 4532 
7899 516 520 4575 
7900 1166 1182 4713 
7901 2494 2512 4216 
7902 3919 2346 4139 
7903 2699 2701 4007 
7904 2380 2579 4522 
7905 3812 98 4852 
7906 813 812 814 
7907 4603 2815 4659 
7908 1958 1960 3997 
7909 3584 337 4393 
7910 1401 114 3821 
7911 4032 2570 4423 
7912 875 877 4027 
7913 1375 1377 4029 
7914 3697 709 4581 
7915 889 1095 4626 
7916 1926 1928 2188 
7917 1242 4442 4675 
7918 2108 2110 3445 
7919 1473 1295 4038 
7920 772 770 4013 
7921 1552 1617 4032 
7922 1490 3267 4511 
7923 3507 2679 4136 
7924 2188 1928 2478 
7925 3555 4205 4689 
7926 1548 1550 4031 
7927 202 3697 3814 
7928 285 284 4845 
7929 4024 2829 4590 
7930 3004 3233 4866 
7931 4588 2735 4650 
7932 1735 1800 4014 
7933 1694 1696 4028 
7934 1383 1385 4033 
7935 1342 3646 3912 
7936 4294 2886 4917 
7937 708 203 3814 
7938 372 3331 4406 
7939 2920 3837 4439 
7940 2615 2201 4424 
7941 1182 1168 4533 
7942 2310 2311 2840 
7943 608 622 4186 
7944 1746 1486 4463 
7945 561 563 4298 
7946 1477 1585 3861 
7947 3092 2450 4482 
7948 411 409 4344 
7949 106 105 1099 
7950 1593 1407 4172 
7951 1861 1864 3800 
7952 3821 2862 4193 
7953 1553 3627 4577 
7954 119 1399 3728 
7955 852 3811 4170 
7956 2621 2778 4206 
7957 3084 1488 4597 
7958 2482 3953 4272 
7959 1278 3294 4546 
7960 900 903 4043 
7961 505 507 4203 
7962 1454 1456 3989 
7963 1727 1729 4035 
7964 495 488 4329 
7965 3560 3034 4680 
7966 3351 3504 4320 
7967 4072 1685 4223 
7968 3690 2954 4506 
7969 1929 1945 3992 
7970 2600 3632 4566 
7971 2492 2494 4216 
7972 192 191 4278 
7973 2382 3841 4287 
7974 779 760 3996 
7975 601 623 4188 
7976 2847 2848 4889 
7977 758 1441 3996 
7978 3926 518 4115 
7979 1748 2437 4141 
7980 1845 2090 3825 
7981 1423 404 4166 
7982 2098 2252 3817 
7983 4162 1337 4501 
7984 2842 3583 4012 
7985 3807 3039 4177 
7986 313 4339 4471 
7987 3407 2432 4781 
7988 362 363 4343 
7989 796 793 4108 
7990 731 824 4086 
7991 666 3588 4812 
7992 1346 3713 3714 
7993 2752 2751 4331 
7994 3554 2632 4709 
7995 3648 1735 4014 
7996 1979 2665 4324 
7997 4534 2628 4617 
7998 3549 2190 4309 
7999 105 101 4049 
8000 4453 2932 4886 
8001 2999 4559 4797 
8002 306 233 4435 
8003 3840 2711 4172 
8004 1137 4313 4863 
8005 3491 750 4609 
8006 2629 1958 3997 
8007 635 614 4204 
8008 2716 3644 4341 
8009 3656 983 4767 
8010 2788 2575 4565 
8011 3925 2465 4303 
8012 1305 3562 4347 
8013 3815 3571 4247 
8014 141 140 4262 
8015 3596 673 4812 
8016 129 1120 3859 
8017 1285 1942 4065 
8018 322 3775 4894 
8019 1936 2380 4212 
8020 857 847 4003 
8021 2301 4444 4509 
8022 4061 782 4080 
8023 2317 1965 2671 
8024 3988 366 4317 
8025 1258 1609 4068 
8026 146 3613 4313 
8027 3539 2579 4557 
8028 2188 2478 2667 
8029 2059 1257 4694 
8030 3661 1694 4028 
8031 3522 2021 4082 
8032 942 854 3983 
8033 1295 1412 4038 
8034 3681 1548 4031 
8035 2179 2180 4768 
8036 1120 128 3777 
8037 1031 897 4731 
8038 3586 2106 4304 
8039 3834 4157 4753 
8040 227 4098 4133 
8041 2043 3707 4217 
8042 2848 2329 4347 
8043 2613 3720 4664 
8044 1056 1540 4748 
8045 1854 3774 4053 
8046 1444 1698 4060 
8047 770 774 4013 
8048 2473 4515 4649 
8049 110 1971 3903 
8050 3664 902 4445 
8051 949 973 4544 
8052 1882 1884 4036 
8053 2355 2643 4015 
8054 579 586 4359 
8055 191 1342 4278 
8056 3870 2611 4180 
8057 4260 2754 4704 
8058 2732 3349 4354 
8059 2888 2887 4811 
8060 517 514 4465 
8061 3689 1171 3690 
8062 2680 2119 3934 
8063 2728 2529 4717 
8064 752 749 4059 
8065 1137 147 4313 
8066 3768 3389 4901 
8067 3725 3724 4496 
8068 3873 2352 4479 
8069 3507 540 4194 
8070 3387 3507 4194 
8071 1448 742 4064 
8072 1947 1965 2317 
8073 2873 4284 4766 
8074 1865 1867 4040 
8075 1625 2055 4397 
8076 2898 2474 4219 
8077 1756 2413 4004 
8078 1082 1256 4000 
8079 4146 2615 4424 
8080 4386 1723 4879 
8081 733 731 4086 
8082 742 739 4064 
8083 843 942 3969 
8084 3953 3502 4272 
8085 1873 1875 4048 
8086 3039 3807 4474 
8087 3560 4680 4834 
8088 3587 335 4230 
8089 983 985 4767 
8090 3392 3807 4177 
8091 4472 2666 4752 
8092 3737 1355 4563 
8093 1598 1563 4004 
8094 73 74 4265 
8095 1750 4141 4470 
8096 277 3610 4404 
8097 3704 1727 4035 
8098 1128 141 4262 
8099 3296 4115 4494 
8100 2097 3944 4274 
8101 3610 308 4680 
8102 2505 3931 4454 
8103 3957 484 4168 
8104 2573 3873 4479 
8105 2793 4470 4663 
8106 3513 2755 4855 
8107 998 1284 4312 
8108 3436 824 4820 
8109 2203 4209 4403 
8110 3685 3191 4631 
8111 777 775 4080 
8112 1762 830 3969 
8113 3100 2628 4534 
8114 1115 1264 3971 
8115 2546 4091 4103 
8116 1759 1760 4387 
8117 2568 4320 4449 
8118 1207 4548 4876 
8119 3818 2355 4015 
8120 356 362 4343 
8121 1835 1837 4058 
8122 3660 1873 4048 
8123 3259 2835 4481 
8124 3525 2358 4591 
8125 2021 2023 4082 
8126 1847 1849 4062 
8127 402 1423 4196 
8128 724 721 4093 
8129 1829 1831 4073 
8130 4400 3659 4647 
8131 3097 2770 4555 
8132 115 1401 3822 
8133 786 780 4071 
8134 3987 2772 4055 
8135 3494 2873 4766 
8136 3585 352 4338 
8137 2625 2332 4230 
8138 2444 2283 4630 
8139 1142 1140 4104 
8140 1839 1841 4074 
8141 1978 1882 4036 
8142 1299 1567 4463 
8143 1769 2378 4542 
8144 2363 3296 4494 
8145 2633 4264 4809 
8146 749 3686 4059 
8147 2295 2298 4409 
8148 1629 2462 4008 
8149 1319 1317 4432 
8150 1825 1827 4069 
8151 560 430 4428 
8152 2459 3204 4282 
8153 2478 1928 3992 
8154 2857 2856 4379 
8155 1379 1381 4250 
8156 1282 1629 4008 
8157 63 64 4486 
8158 2503 2505 4454 
8159 2374 3350 4789 
8160 2360 2618 4208 
8161 3752 2624 4271 
8162 2546 2540 4091 
8163 3509 2583 4223 
8164 2650 3279 4704 
8165 2656 3809 4178 
8166 1393 3943 4226 
8167 147 146 4313 
8168 2523 2561 4179 
8169 3028 3027 4792 
8170 842 662 4440 
8171 3799 1136 3831 
8172 3569 2301 4530 
8173 2065 2442 4657 
8174 298 309 4448 
8175 3768 288 4349 
8176 101 304 4342 
8177 1338 278 4404 
8178 611 1078 4346 
8179 1966 1969 4046 
8180 2902 2901 4816 
8181 1851 1853 4081 
8182 717 715 4233 
8183 2566 2568 4449 
8184 3641 3764 4539 
8185 2576 1393 4226 
8186 3385 3384 4285 
8187 2071 1561 4405 
8188 1545 1964 4026 
8189 3394 3396 4488 
8190 4210 1250 4401 
8191 932 934 4096 
8192 1260 1285 4065 
8193 3326 2834 4683 
8194 1020 1022 4092 
8195 2772 3669 4055 
8196 1100 1082 4000 
8197 4150 2573 4151 
8198 3729 1923 4854 
8199 1171 192 4278 
8200 2881 2884 3982 
8201 2466 2610 4661 
8202 3885 2911 4184 
8203 2671 4047 4514 
8204 2416 2424 4097 
8205 329 3641 4539 
8206 3216 2410 4260 
8207 2112 2306 2582 
8208 1399 118 3846 
8209 2202 1865 4040 
8210 2678 3273 4422 
8211 4176 2621 4206 
8212 166 322 4558 
8213 2471 3714 4255 
8214 2440 1909 4016 
8215 2287 2299 4461 
8216 3411 4336 4893 
8217 4089 4088 4271 
8218 1149 1147 4120 
8219 1708 1434 4249 
8220 1691 2570 4032 
8221 1019 2584 4096 
8222 1819 1821 4100 
8223 2623 2293 4409 
8224 1064 1258 4068 
8225 3778 334 4641 
8226 926 928 4106 
8227 2304 2282 4452 
8228 782 777 4080 
8229 1609 1260 4065 
8230 2468 3598 4829 
8231 3523 3965 4249 
8232 3260 3862 4641 
8233 1253 3882 4880 
8234 232 3667 4435 
8235 3580 3578 4708 
8236 2383 805 3991 
8237 1044 898 4009 
8238 715 714 4243 
8239 1242 3173 4442 
8240 4095 2597 4263 
8241 1144 1142 4112 
8242 1247 1326 1327 
8243 4018 1438 4019 
8244 1507 4033 4034 
8245 719 839 4020 
8246 1741 1739 4315 
8247 1724 2386 4028 
8248 1485 772 4013 
8249 4189 2205 4726 
8250 3917 2515 4128 
8251 1798 3752 4271 
8252 3734 774 4678 
8253 2691 3947 4730 
8254 1156 1153 4124 
8255 3831 1136 4187 
8256 3958 2348 4750 
8257 2610 3769 4661 
8258 922 3511 4774 
8259 467 3495 4777 
8260 285 3552 4701 
8261 2419 2938 4370 
8262 3665 801 3666 
8263 1563 1756 4004 
8264 431 3890 4428 
8265 3537 2162 4163 
8266 2027 2767 4082 
8267 1256 1437 4000 
8268 1469 786 4071 
8269 3379 3380 4417 
8270 2320 2087 2391 
8271 347 63 4486 
8272 894 896 4335 
8273 2237 2603 4144 
8274 1786 935 4165 
8275 1438 886 4030 
8276 3731 1351 4725 
8277 2590 4122 4742 
8278 4727 2633 4778 
8279 1856 1835 4058 
8280 701 2122 4076 
8281 3578 2349 4708 
8282 3490 461 4841 
8283 1530 1595 4308 
8284 4020 839 4021 
8285 2790 2841 4831 
8286 1972 2085 2421 
8287 2997 4135 4407 
8288 739 741 4064 
8289 3303 3304 4861 
8290 710 1762 4023 
8291 780 782 4071 
8292 3707 2273 4217 
8293 783 752 4059 
8294 1688 1552 4032 
8295 1639 1375 4029 
8296 1179 1174 4143 
8297 4379 1182 4628 
8298 1507 1383 4033 
8299 3023 1242 4675 
8300 1442 3734 4678 
8301 1160 1158 4131 
8302 3790 3577 4306 
8303 4110 3069 4236 
8304 1138 1134 4248 
8305 21 344 4384 
8306 775 1485 4080 
8307 312 286 4701 
8308 3130 3128 4224 
8309 2759 4711 4890 
8310 2906 4399 4805 
8311 1217 1064 4068 
8312 2873 2870 4284 
8313 4374 2587 4462 
8314 3247 3941 4692 
8315 1479 1430 1564 
8316 288 287 4349 
8317 1810 1812 4123 
8318 714 846 4243 
8319 2702 2699 4007 
8320 884 1438 4018 
8321 1960 2048 3997 
8322 243 242 4339 
8323 2377 1953 4391 
8324 754 783 4314 
8325 1025 2517 4092 
8326 4182 495 4329 
8327 888 1017 4030 
8328 877 1228 4027 
8329 1165 1163 4130 
8330 1732 2626 4035 
8331 1124 1122 4125 
8332 3198 3950 4777 
8333 1337 246 4501 
8334 3694 3695 4368 
8335 4231 4147 4268 
8336 3298 1598 4004 
8337 2701 2869 4007 
8338 2869 3548 4007 
8339 242 4056 4339 
8340 810 808 4149 
8341 2478 3992 3993 
8342 3588 3596 4812 
8343 2421 2085 2762 
8344 2936 4525 4799 
8345 1497 1545 4026 
8346 3829 2166 4682 
8347 2378 3670 4215 
8348 1696 1724 4028 
8349 1617 1691 4032 
8350 1550 1688 4031 
8351 2524 2563 4156 
8352 3026 3211 4782 
8353 1377 1961 4029 
8354 212 305 4666 
8355 3044 3045 4355 
8356 3857 4001 4916 
8357 1864 2234 3800 
8358 2332 4167 4230 
8359 366 3519 4317 
8360 2274 3771 4487 
8361 1876 1825 4069 
8362 2203 2670 4209 
8363 3332 4189 4726 
8364 3813 2747 4755 
8365 2438 2607 4398 
8366 1834 2585 4073 
8367 3413 4603 4659 
8368 2401 2813 4332 
8369 3859 1120 3860 
8370 4047 1243 4514 
8371 2965 3761 4794 
8372 3952 358 4295 
8373 2272 3786 4386 
8374 2828 2606 4553 
8375 3712 3183 4562 
8376 2727 2247 4070 
8377 1385 1642 4033 
8378 1806 1808 4116 
8379 903 916 4043 
8380 3890 3462 4428 
8381 328 37 4410 
8382 2106 1802 4158 
8383 1800 1957 4014 
8384 4067 1553 4235 
8385 2253 2071 4590 
8386 3990 2401 4332 
8387 2910 2208 4097 
8388 2030 2032 4274 
8389 3182 3181 4445 
8390 2073 2238 4512 
8391 838 724 4093 
8392 1119 1117 4118 
8393 2725 2724 4257 
8394 1957 2630 4014 
8395 1961 1379 4250 
8396 2637 2327 4594 
8397 3235 3236 4899 
8398 2298 2297 4509 
8399 1907 2439 4121 
8400 2638 2403 4293 
8401 3009 4420 4690 
8402 4094 862 4724 
8403 4429 3385 4800 
8404 917 883 4685 
8405 3626 4089 4586 
8406 1639 4029 4385 
8407 1112 1110 4057 
8408 2166 2138 4682 
8409 1729 1732 4035 
8410 2671 1965 4046 
8411 2361 3648 4137 
8412 2560 2524 4156 
8413 1441 756 4314 
8414 1414 1020 4092 
8415 2236 2237 4144 
8416 3766 3765 4245 
8417 204 708 3813 
8418 4416 2824 4447 
8419 2048 3065 3997 
8420 2665 2664 3976 
8421 3569 2414 4444 
8422 3784 2030 4274 
8423 3680 255 4613 
8424 1824 2595 4100 
8425 802 799 4132 
8426 839 717 4233 
8427 3793 4171 4287 
8428 2469 3830 4737 
8429 513 516 4652 
8430 1575 1481 1578 
8431 762 779 4378 
8432 2247 2669 4070 
8433 2583 4072 4223 
8434 801 300 4517 
8435 2142 2469 4737 
8436 1155 3731 4725 
8437 822 3927 4624 
8438 1113 116 3822 
8439 4321 1540 4674 
8440 4753 4157 4911 
8441 1381 1507 4250 
8442 729 727 4459 
8443 3564 2274 4487 
8444 2223 2228 4279 
8445 3897 2623 4297 
8446 4782 4385 4792 
8447 936 1081 4640 
8448 737 735 4154 
8449 3786 3452 4386 
8450 3722 2884 4878 
8451 812 819 4400 
8452 1203 1413 4160 
8453 489 487 4310 
8454 3933 3248 4859 
8455 117 1113 3846 
8456 2689 2691 4691 
8457 798 3770 3787 
8458 2085 2086 4275 
8459 2599 2600 4566 
8460 4146 4147 4862 
8461 723 712 4473 
8462 1182 4374 4628 
8463 1979 1665 2591 
8464 1926 2188 4152 
8465 2162 1719 4163 
8466 4088 1798 4271 
8467 2202 4040 4491 
8468 4263 2597 4264 
8469 1401 3821 4193 
8470 3598 2468 4772 
8471 2234 2743 4835 
8472 220 1340 4689 
8473 417 538 4600 
8474 1340 219 4616 
8475 1442 764 4378 
8476 2452 2454 4441 
8477 2399 2400 4266 
8478 1250 214 4401 
8479 3006 2019 4392 
8480 305 3602 4438 
8481 2746 4330 4761 
8482 1110 1482 4057 
8483 2960 4333 4475 
8484 2090 1847 4062 
8485 1955 4074 4075 
8486 1943 3090 4747 
8487 2245 2388 2763 
8488 851 1066 4350 
8489 2181 1905 4808 
8490 1950 3990 4332 
8491 1884 1887 4036 
8492 1069 3815 4247 
8493 4167 3587 4230 
8494 1867 1870 4040 
8495 1971 109 3961 
8496 3510 3135 4765 
8497 2208 2416 4097 
8498 1698 2079 4060 
8499 2232 3424 4469 
8500 845 4105 4252 
8501 3190 1877 4857 
8502 3001 3180 4559 
8503 2784 3987 4055 
8504 488 492 4329 
8505 3627 1553 4775 
8506 4024 2071 4405 
8507 1399 3846 3847 
8508 1465 1467 4405 
8509 1870 2476 4040 
8510 2310 2840 3760 
8511 1292 4354 4632 
8512 4009 900 4043 
8513 2540 2545 4091 
8514 2388 3515 4362 
8515 2584 1414 4758 
8516 1875 1881 4048 
8517 3186 3187 4393 
8518 1855 1851 4081 
8519 358 3638 4295 
8520 1417 1641 4527 
8521 3808 2577 4638 
8522 61 62 4382 
8523 4171 2382 4287 
8524 2768 4687 4710 
8525 2235 4326 4327 
8526 4043 916 4500 
8527 1955 1839 4074 
8528 3133 4067 4646 
8529 2079 2655 4060 
8530 4557 3264 4744 
8531 2075 2108 4181 
8532 2739 2992 4910 
8533 727 3946 4459 
8534 1979 2591 2664 
8535 1585 1236 3516 
8536 4012 167 4558 
8537 4233 715 4243 
8538 142 1128 4636 
8539 3410 3411 4893 
8540 2565 4146 4424 
8541 148 1137 4654 
8542 2669 2479 4236 
8543 2424 3536 4579 
8544 1837 1955 4058 
8545 1228 879 4363 
8546 3099 4187 4507 
8547 2569 2522 4179 
8548 940 926 4106 
8549 2798 3477 4779 
8550 2555 4458 4684 
8551 1802 1804 4158 
8552 1878 1829 4073 
8553 4292 1188 4637 
8554 2671 4046 4047 
8555 1849 1855 4062 
8556 1220 3485 4819 
8557 3556 925 4481 
8558 1351 172 4725 
8559 2879 3982 4294 
8560 1501 796 4108 
8561 2403 3621 4293 
8562 3667 2900 4435 
8563 2711 2712 4570 
8564 2659 2482 4272 
8565 1245 685 4184 
8566 2023 2027 4082 
8567 1578 1481 1665 
8568 4213 3395 4444 
8569 3701 1351 4259 
8570 3405 3662 4821 
8571 369 372 4406 
8572 1841 1844 4074 
8573 1470 932 4096 
8574 1881 2246 4048 
8575 218 925 4616 
8576 1831 1834 4073 
8577 1532 733 4086 
8578 1827 1878 4069 
8579 304 798 4342 
8580 2299 3897 4239 
8581 3670 2466 4215 
8582 3051 3951 4305 
8583 3955 2581 4436 
8584 1264 1112 4057 
8585 3721 2788 4246 
8586 3311 3182 4909 
8587 2522 2520 4179 
8588 278 277 4404 
8589 4119 457 4336 
8590 3732 2773 4430 
8591 1853 1860 4081 
8592 3120 3598 4772 
8593 4468 823 4842 
8594 3908 1305 4347 
8595 2940 3066 4749 
8596 2536 3874 4836 
8597 345 3694 4368 
8598 934 1019 4096 
8599 685 683 4184 
8600 915 919 4277 
8601 1489 3529 4604 
8602 2451 3721 4246 
8603 1642 1395 4381 
8604 2439 2440 4267 
8605 249 892 4736 
8606 64 3720 4486 
8607 2177 3794 4322 
8608 4311 2642 4358 
8609 1229 4176 4206 
8610 4659 3985 4721 
8611 2954 2958 4506 
8612 2627 2361 4137 
8613 3519 350 4593 
8614 1136 150 4507 
8615 756 754 4314 
8616 1214 1203 4160 
8617 4089 4271 4586 
8618 526 3149 4522 
8619 3478 2618 4789 
8620 457 459 4336 
8621 2084 1806 4116 
8622 808 2383 4149 
8623 3625 2394 4276 
8624 2878 2879 4294 
8625 782 4061 4311 
8626 1117 3971 4118 
8627 2662 2464 4419 
8628 1097 1038 4185 
8629 821 802 4132 
8630 4145 2794 4833 
8631 1857 1819 4100 
8632 3775 2816 4894 
8633 290 1239 4677 
8634 2086 2245 4275 
8635 2719 2662 4540 
8636 3468 4523 4636 
8637 1372 4617 4749 
8638 3684 534 4502 
8639 928 1470 4106 
8640 1739 1745 4315 
8641 1277 1047 4352 
8642 1140 1177 4104 
8643 2032 2097 4274 
8644 1022 1025 4092 
8645 1176 4112 4113 
8646 2091 2777 3913 
8647 4029 4318 4385 
8648 3590 468 4859 
8649 2971 2236 4144 
8650 3502 2839 4345 
8651 2563 2988 4156 
8652 4663 2625 4833 
8653 3777 2846 4803 
8654 1090 1026 4221 
8655 214 213 4401 
8656 4116 1815 4117 
8657 2628 2940 4617 
8658 1192 1190 4197 
8659 3730 4085 4914 
8660 814 812 4400 
8661 1761 561 4298 
8662 1821 1824 4100 
8663 2087 1578 4324 
8664 3529 1210 4604 
8665 819 810 4149 
8666 3618 2463 4882 
8667 741 737 4154 
8668 1615 562 4446 
8669 1147 1176 4120 
8670 2870 2872 4284 
8671 2114 3120 4772 
8672 919 922 4277 
8673 1122 1198 4125 
8674 788 208 4623 
8675 1578 1665 1979 
8676 1284 4208 4312 
8677 108 1426 3961 
8678 828 818 4242 
8679 1153 1207 4124 
8680 735 1532 4154 
8681 171 1155 4725 
8682 1176 1144 4112 
8683 1199 1160 4131 
8684 721 4020 4093 
8685 1272 2130 4453 
8686 1815 1810 4123 
8687 1281 1179 4143 
8688 3644 3022 4547 
8689 1491 1156 4124 
8690 233 232 4435 
8691 2886 3418 4917 
8692 1163 1199 4130 
8693 1489 1165 4130 
8694 2763 2388 3879 
8695 2443 4050 4679 
8696 4271 2624 4586 
8697 1673 1316 4190 
8698 3595 1210 4770 
8699 3129 3416 4499 
8700 662 659 4440 
8701 3769 345 4661 
8702 1177 1138 4248 
8703 2646 3510 4765 
8704 1026 1028 4221 
8705 1158 1491 4131 
8706 536 532 4412 
8707 4208 2618 4312 
8708 1719 2128 4163 
8709 4153 1032 4554 
8710 1753 2056 4334 
8711 4301 2802 4851 
8712 1038 1040 4185 
8713 2561 3781 4468 
8714 1316 1080 4190 
8715 879 881 4363 
8716 1812 1816 4123 
8717 3505 2127 4853 
8718 1284 3963 4208 
8719 2598 2596 4292 
8720 2874 3388 4860 
8721 1324 1397 4288 
8722 4002 2667 4433 
8723 2170 3091 4476 
8724 2726 3958 4750 
8725 1198 1119 4118 
8726 2955 3912 4490 
8727 2577 3808 4520 
8728 4057 3257 4742 
8729 1808 1815 4116 
8730 799 1501 4132 
8731 2245 2387 2388 
8732 750 4580 4609 
8733 3131 4134 4415 
8734 952 950 4908 
8735 4390 3737 4563 
8736 1234 1214 4160 
8737 3079 2014 4492 
8738 2373 3393 4781 
8739 683 3885 4184 
8740 2970 4513 4677 
8741 2629 3997 4537 
8742 581 579 4359 
8743 4290 2713 4611 
8744 673 670 4812 
8745 2574 2340 4202 
8746 1011 1071 4583 
8747 3879 2388 4362 
8748 4239 3897 4297 
8749 4139 1710 4383 
8750 2404 3636 4421 
8751 766 1442 4678 
8752 774 768 4678 
8753 2840 2311 4891 
8754 2136 2166 4366 
8755 1199 4131 4227 
8756 3638 3808 4295 
8757 4136 2679 4465 
8758 2639 4220 4351 
8759 1395 1432 4381 
8760 3715 2336 4427 
8761 139 1127 4698 
8762 2194 3537 4192 
8763 4061 2642 4311 
8764 1488 1124 4125 
8765 465 3925 4303 
8766 2594 2592 4567 
8767 299 298 4448 
8768 2345 3785 4283 
8769 2481 2658 4414 
8770 3279 2468 4829 
8771 2797 3325 4719 
8772 2663 3977 4565 
8773 3985 2644 4721 
8774 4561 2996 4838 
8775 2463 2008 4882 
8776 4319 2616 4848 
8777 3124 1584 4419 
8778 3239 4214 4688 
8779 4101 3734 4430 
8780 4201 2253 4590 
8781 1287 1373 4814 
8782 2436 1950 4332 
8783 3566 2411 4733 
8784 3918 3919 4306 
8785 2738 3190 4857 
8786 4022 1711 4807 
8787 4188 623 4269 
8788 3709 788 4319 
8789 78 331 4606 
8790 2200 2194 4192 
8791 2619 2587 4374 
8792 466 3938 4919 
8793 764 762 4378 
8794 3480 1440 4573 
8795 1255 855 4569 
8796 2555 2552 4458 
8797 3785 2041 4283 
8798 3416 3417 4720 
8799 1535 1097 4185 
8800 3457 3062 4706 
8801 1080 1786 4190 
8802 1721 2371 4564 
8803 4304 2930 4830 
8804 4070 2669 4256 
8805 3529 2720 4770 
8806 1174 1172 4360 
8807 1949 1607 4886 
8808 3632 348 4566 
8809 1621 3735 4225 
8810 2308 4126 4587 
8811 2413 2260 4497 
8812 3901 2739 4892 
8813 3923 1761 4298 
8814 1312 4681 4716 
8815 72 323 4625 
8816 3672 870 4220 
8817 4177 3039 4844 
8818 1243 4047 4521 
8819 1953 2657 4391 
8820 1253 851 4350 
8821 2270 1759 4387 
8822 1859 1858 4643 
8823 4164 2932 4453 
8824 2647 2272 4386 
8825 3971 1264 4122 
8826 2543 2530 4380 
8827 2520 2523 4179 
8828 3984 1464 4414 
8829 4548 3356 4876 
8830 3609 317 4341 
8831 909 1009 4408 
8832 3009 2661 4705 
8833 3825 2857 4504 
8834 1227 1192 4197 
8835 2860 2858 4896 
8836 2239 2075 4181 
8837 1804 2084 4158 
8838 896 1044 4335 
8839 969 3543 4801 
8840 388 3592 4787 
8841 2470 3568 4317 
8842 4018 2785 4363 
8843 881 4018 4363 
8844 2611 2577 4520 
8845 1142 4104 4112 
8846 2468 1996 4772 
8847 2110 2112 4237 
8848 1172 1210 4360 
8849 348 4066 4566 
8850 2581 2580 4436 
8851 4076 3041 4473 
8852 2538 2536 4836 
8853 3577 3918 4306 
8854 1130 1126 4396 
8855 4040 2476 4491 
8856 3977 330 4565 
8857 2293 2295 4409 
8858 3895 2265 4338 
8859 1432 4026 4381 
8860 1036 845 4252 
8861 206 750 4881 
8862 2596 4095 4292 
8863 1553 1196 4235 
8864 3456 1275 4825 
8865 2587 4058 4462 
8866 1426 107 3960 
8867 2477 3824 4865 
8868 1126 1488 4396 
8869 2897 2779 4795 
8870 3673 3672 4220 
8871 4205 221 4689 
8872 1190 3708 4197 
8873 2595 2598 4699 
8874 2733 2435 4358 
8875 2104 2125 4804 
8876 2400 4373 4621 
8877 816 2431 4242 
8878 1034 1053 4231 
8879 2470 4317 4593 
8880 3735 3736 4225 
8881 4332 2813 4535 
8882 1561 1465 4405 
8883 48 49 4524 
8884 3820 3576 4493 
8885 1178 1130 4396 
8886 4317 3519 4593 
8887 4327 3847 4802 
8888 430 431 4428 
8889 1745 3865 4307 
8890 92 351 4763 
8891 705 4076 4473 
8892 2108 3445 4181 
8893 3441 2647 4879 
8894 2894 2891 4543 
8895 4258 2984 4526 
8896 4313 3105 4863 
8897 3530 1913 4870 
8898 3413 2042 4603 
8899 2358 3975 4591 
8900 2968 4211 4736 
8901 1414 4367 4758 
8902 1040 1036 4252 
8903 4006 2854 4450 
8904 4265 74 4776 
8905 2530 2528 4380 
8906 246 245 4501 
8907 2705 2706 4394 
8908 2957 3530 4870 
8909 1028 1492 4221 
8910 2427 3234 4549 
8911 3551 1464 4545 
8912 31 32 4532 
8913 4211 250 4736 
8914 3760 2840 4869 
8915 2340 3909 4202 
8916 2748 3894 4340 
8917 2435 4311 4358 
8918 3074 2920 4439 
8919 3705 864 4299 
8920 1012 4228 4779 
8921 90 91 4595 
8922 150 149 4507 
8923 4005 4038 4902 
8924 4063 3564 4487 
8925 870 3702 4351 
8926 2737 3729 4854 
8927 1991 4773 4889 
8928 3748 3745 4918 
8929 1196 1194 4235 
8930 3723 1352 4337 
8931 3125 4200 4447 
8932 1430 1324 4288 
8933 2550 4084 4458 
8934 2164 3340 4651 
8935 3612 2715 4596 
8936 3154 3155 4784 
8937 2285 2287 4461 
8938 3968 1530 4308 
8939 4212 3058 4584 
8940 2915 3831 4806 
8941 3487 3029 4905 
8942 4049 101 4050 
8943 3838 3333 4726 
8944 4025 695 4485 
8945 3602 2761 4438 
8946 864 3679 4299 
8947 2824 3125 4447 
8948 4470 2672 4663 
8949 4330 3316 4761 
8950 300 299 4517 
8951 2329 3908 4347 
8952 1245 4184 4754 
8953 2825 4416 4517 
8954 2677 2678 4422 
8955 2235 4327 4896 
8956 4334 3274 4785 
8957 2252 2798 4228 
8958 2554 2555 4574 
8959 2431 814 4400 
8960 1132 1178 4508 
8961 2801 2559 4798 
8962 635 4204 4745 
8963 2943 4056 4696 
8964 3713 1162 4255 
8965 1486 1299 4463 
8966 3629 3630 4723 
8967 1891 3634 4238 
8968 2841 2790 4891 
8969 3136 4094 4724 
8970 2352 2676 4479 
8971 3817 2252 4228 
8972 1492 1034 4231 
8973 4266 2400 4621 
8974 70 71 4714 
8975 2282 2444 4452 
8976 1638 1466 4665 
8977 1492 4231 4268 
8978 4050 101 4051 
8979 2667 2478 4433 
8980 3927 2668 4624 
8981 4029 1961 4318 
8982 3999 2345 4723 
8983 750 205 4580 
8984 3180 3680 4613 
8985 4006 1855 4771 
8986 2450 2451 4482 
8987 1710 3910 4383 
8988 1194 1227 4235 
8989 1877 3190 4816 
8990 2066 2065 4657 
8991 907 909 4408 
8992 3858 4191 4587 
8993 2570 2750 4423 
8994 3471 2969 4407 
8995 3753 1891 4238 
8996 865 3658 4389 
8997 3993 3992 4280 
8998 1760 4172 4570 
8999 1317 1637 4432 
9000 1207 1151 4548 
9001 3599 2845 4455 
9002 4397 2783 4912 
9003 2989 2565 4424 
9004 1814 1813 4907 
9005 3935 3282 4841 
9006 3271 4452 4505 
9007 3026 4782 4792 
9008 2336 3295 4427 
9009 1752 1750 4470 
9010 4435 2900 4697 
9011 3622 1903 4411 
9012 1899 3622 4258 
9013 3096 4101 4430 
9014 167 166 4558 
9015 1991 1989 4773 
9016 3956 2741 4600 
9017 2386 2786 4431 
9018 1210 1169 4604 
9019 2560 4156 4585 
9020 3714 3713 4255 
9021 2591 2710 4451 
9022 4143 1174 4360 
9023 3720 3237 4486 
9024 6 7 4620 
9025 2648 2503 4454 
9026 2400 4036 4832 
9027 3642 1899 4258 
9028 2655 2654 4413 
9029 3666 801 4416 
9030 966 964 4826 
9031 2909 2904 4552 
9032 3724 3723 4496 
9033 1940 3870 4688 
9034 2245 2763 4275 
9035 3997 3065 4537 
9036 2864 4210 4401 
9037 317 3612 4596 
9038 1413 4577 4712 
9039 2654 2960 4475 
9040 3511 2947 4774 
9041 1167 1489 4604 
9042 2063 1991 4889 
9043 1388 3859 4290 
9044 940 4106 4291 
9045 818 816 4242 
9046 3667 1336 4402 
9047 2328 3742 4740 
9048 2526 2569 4660 
9049 1895 3642 4457 
9050 4458 3140 4684 
9051 205 103 4580 
9052 4339 2943 4471 
9053 2436 4332 4535 
9054 2893 3962 4629 
9055 554 647 4632 
9056 1504 3980 4607 
9057 4023 1762 4892 
9058 695 692 4464 
9059 3864 3981 4477 
9060 3831 4187 4806 
9061 538 3956 4600 
9062 3504 4027 4320 
9063 3866 3823 4429 
9064 1464 1459 4545 
9065 2072 4695 4853 
9066 3039 4229 4844 
9067 106 1099 3960 
9068 2552 2550 4458 
9069 3912 3646 4490 
9070 3433 3636 4762 
9071 2562 3597 4906 
9072 4419 1584 4540 
9073 4262 140 4698 
9074 2532 2543 4864 
9075 3445 2110 4237 
9076 824 729 4459 
9077 947 949 4544 
9078 2301 2300 4530 
9079 2297 2301 4509 
9080 3982 1539 4294 
9081 2066 4657 4764 
9082 103 4550 4580 
9083 3544 2250 4872 
9084 3793 4287 4493 
9085 1578 1979 4324 
9086 4120 3356 4548 
9087 4157 3340 4911 
9088 3010 3817 4228 
9089 514 4136 4465 
9090 4374 4462 4628 
9091 4056 2943 4339 
9092 1962 3539 4557 
9093 3927 2328 4740 
9094 3524 3864 4477 
9095 1947 2317 4280 
9096 320 144 4523 
9097 1945 1947 4280 
9098 3066 3902 4749 
9099 841 3537 4728 
9100 681 4413 4475 
9101 3344 4162 4501 
9102 2371 3621 4564 
9103 3166 3189 4592 
9104 2448 3681 4377 
9105 2938 3639 4887 
9106 1610 3866 4429 
9107 4477 1712 4676 
9108 4643 1858 4741 
9109 255 104 4613 
9110 316 3725 4634 
9111 4098 2979 4133 
9112 3621 2634 4564 
9113 4058 1955 4462 
9114 2633 2586 4778 
9115 4329 492 4610 
9116 4310 3171 4670 
9117 2820 2817 4837 
9118 3045 3998 4355 
9119 2993 4023 4892 
9120 1205 2819 4739 
9121 219 218 4616 
9122 520 558 4575 
9123 2662 4419 4540 
9124 2446 2987 4539 
9125 1903 4121 4411 
9126 333 3791 4702 
9127 1741 4315 4784 
9128 2974 2422 4780 
9129 2391 2087 4324 
9130 940 4291 4913 
9131 712 705 4473 
9132 1055 1076 4608 
9133 1415 4128 4372 
9134 2112 2582 4237 
9135 2442 4476 4657 
9136 2476 2477 4460 
9137 3928 1415 4372 
9138 2665 3976 4273 
9139 3076 3787 4296 
9140 2275 4129 4622 
9141 3770 3665 4296 
9142 1032 3509 4554 
9143 1372 3905 4617 
9144 3634 1895 4457 
9145 2024 2646 4765 
9146 1762 3901 4892 
9147 2762 2085 4275 
9148 3972 341 4612 
9149 2679 2680 4465 
9150 4617 2940 4749 
9151 2041 1769 4542 
9152 1202 1553 4577 
9153 2842 4012 4558 
9154 3552 2876 4519 
9155 98 99 4852 
9156 3639 3964 4887 
9157 2736 2705 4884 
9158 3220 4253 4456 
9159 3565 3226 4874 
9160 2665 4273 4472 
9161 4126 3157 4587 
9162 3728 1399 4325 
9163 74 75 4776 
9164 4001 3156 4916 
9165 3637 2423 4633 
9166 3859 3860 4290 
9167 3872 2404 4421 
9168 3402 1526 4721 
9169 1961 4250 4905 
9170 143 142 4636 
9171 1076 1062 4556 
9172 2712 4261 4570 
9173 1350 3583 4914 
9174 3855 3322 4589 
9175 2575 2663 4565 
9176 3654 3798 4703 
9177 1564 1430 4288 
9178 4214 1940 4688 
9179 1134 1132 4508 
9180 3164 4182 4329 
9181 3771 1705 4487 
9182 4519 312 4701 
9183 2667 4002 4658 
9184 4248 1134 4508 
9185 862 292 4513 
9186 4184 2911 4754 
9187 299 4448 4517 
9188 1149 4120 4548 
9189 2260 3420 4497 
9190 3611 3561 4834 
9191 3559 2996 4561 
9192 3808 324 4520 
9193 2478 3993 4433 
9194 1099 105 4049 
9195 1718 2893 4629 
9196 3992 1945 4280 
9197 4047 4046 4356 
9198 912 4133 4364 
9199 3630 3999 4723 
9200 208 207 4623 
9201 2584 4316 4599 
9202 3485 2978 4819 
9203 2431 4400 4647 
9204 3646 1343 4490 
9205 2706 4025 4485 
9206 149 148 4654 
9207 4220 870 4351 
9208 4151 2573 4479 
9209 2672 1994 4663 
9210 3888 374 4733 
9211 1386 3683 4455 
9212 2374 3904 4810 
9213 3103 2470 4593 
9214 3087 3927 4740 
9215 3503 2836 4572 
9216 2429 4295 4638 
9217 3823 3383 4429 
9218 553 551 4722 
9219 4017 2810 4369 
9220 3295 3970 4665 
9221 1610 4429 4800 
9222 213 212 4666 
9223 2348 1675 4750 
9224 4075 4074 4504 
9225 1354 3688 4478 
9226 1713 3820 4493 
9227 3253 2436 4535 
9228 4172 2711 4570 
9229 3981 1712 4477 
9230 3367 3711 4605 
9231 3156 2066 4764 
9232 2246 3554 4709 
9233 3269 4039 4403 
9234 3159 3698 4846 
9235 1699 4561 4838 
9236 2727 4070 4877 
9237 1113 3822 4388 
9238 4401 213 4666 
9239 3681 4031 4377 
9240 1972 2421 4356 
9241 4116 4117 4642 
9242 4130 3303 4861 
9243 1526 4659 4721 
9244 3661 4028 4650 
9245 4039 2203 4403 
9246 221 220 4689 
9247 1584 3651 4540 
9248 2348 3958 4827 
9249 4549 3234 4705 
9250 1211 4002 4433 
9251 4287 1713 4493 
9252 291 290 4677 
9253 4653 2664 4751 
9254 4657 3091 4764 
9255 2781 2974 4618 
9256 4098 1220 4466 
9257 2285 4461 4630 
9258 3592 3175 4787 
9259 2123 3955 4436 
9260 4109 882 4866 
9261 3882 2605 4880 
9262 3711 2748 4605 
9263 140 139 4698 
9264 4498 2934 4679 
9265 4074 1844 4504 
9266 4129 2913 4622 
9267 1210 3529 4770 
9268 4128 3329 4372 
9269 286 285 4701 
9270 1399 3847 4325 
9271 4038 1412 4902 
9272 3315 4494 4652 
9273 3970 1638 4665 
9274 2716 4341 4596 
9275 2283 2285 4630 
9276 3665 3666 4296 
9277 1004 981 4669 
9278 2300 4361 4530 
9279 3348 4239 4297 
9280 1076 4556 4582 
9281 3096 4430 4818 
9282 1151 1149 4548 
9283 4053 3774 4743 
9284 2327 2651 4594 
9285 2316 4655 4807 
9286 2743 2202 4491 
9287 172 171 4725 
9288 2453 3876 4511 
9289 1955 4075 4462 
9290 4295 3808 4638 
9291 4236 1422 4757 
9292 2624 2613 4664 
9293 581 4359 4598 
9294 3660 4048 4709 
9295 3156 4764 4916 
9296 3964 1106 4887 
9297 4675 2759 4890 
9298 250 249 4736 
9299 2606 3818 4553 
9300 2084 4116 4642 
9301 3787 3770 4296 
9302 3816 1253 4880 
9303 492 3608 4610 
9304 2619 4374 4533 
9305 1844 3825 4504 
9306 4191 2308 4587 
9307 3549 4309 4885 
9308 1705 4063 4487 
9309 4107 1398 4662 
9310 1887 3753 4832 
9311 1969 1972 4356 
9312 2306 2310 4321 
9313 3533 3972 4612 
9314 4413 2654 4475 
9315 4507 149 4654 
9316 2669 4236 4757 
9317 1914 4152 4576 
9318 2704 2427 4549 
9319 3056 4727 4778 
9320 4028 2386 4650 
9321 2582 2306 4321 
9322 2316 4093 4655 
9323 3340 4157 4651 
9324 2748 4340 4605 
9325 2557 2554 4574 
9326 2703 4005 4502 
9327 4448 309 4732 
9328 2090 4062 4450 
9329 3645 319 4541 
9330 4134 2239 4415 
9331 3545 3381 4872 
9332 3949 1592 4878 
9333 3822 1401 4489 
9334 3091 3092 4764 
9335 4252 4105 4700 
9336 4273 2666 4472 
9337 1413 1202 4577 
9338 2072 2073 4512 
9339 518 513 4652 
9340 4262 3241 4323 
9341 3813 708 4330 
9342 3924 1741 4784 
9343 2614 4212 4584 
9344 2414 4213 4444 
9345 4764 3092 4916 
9346 4264 1878 4809 
9347 2445 2179 4768 
9348 1913 3530 4811 
9349 309 297 4671 
9350 4303 2465 4361 
9351 1401 4193 4489 
9352 2754 2650 4704 
9353 3613 320 4568 
9354 2138 2140 4682 
9355 1343 3645 4560 
9356 4046 1969 4356 
9357 1062 1246 4556 
9358 2815 3985 4659 
9359 3187 4334 4785 
9360 2767 2251 4538 
9361 1162 3693 4515 
9362 3164 4329 4610 
9363 4572 788 4623 
9364 4283 3629 4723 
9365 1665 1481 4376 
9366 2808 3710 4741 
9367 2310 3760 4321 
9368 3798 2641 4703 
9369 1398 3896 4662 
9370 4279 2228 4918 
9371 3875 2429 4638 
9372 1169 1167 4604 
9373 3865 1736 4875 
9374 4660 2569 4842 
9375 4219 2474 4484 
9376 3498 3505 4695 
9377 2762 4275 4681 
9378 3710 4053 4743 
9379 2582 4321 4674 
9380 2349 3260 4708 
9381 2660 3009 4690 
9382 1857 4100 4699 
9383 2638 4293 4434 
9384 2638 4434 4687 
9385 2423 3706 4633 
9386 4272 537 4791 
9387 4253 2976 4456 
9388 4066 2599 4566 
9389 3850 1857 4699 
9390 4070 1951 4877 
9391 3698 356 4846 
9392 4152 2769 4576 
9393 2969 3828 4898 
9394 3616 318 4503 
9395 3738 3609 4547 
9396 4541 2956 4560 
9397 2469 3940 4546 
9398 2941 1789 4756 
9399 3649 2560 4585 
9400 4174 1504 4607 
9401 4034 4033 4510 
9402 2250 3545 4872 
9403 937 635 4745 
9404 4261 2712 4571 
9405 1040 4252 4443 
9406 4048 2246 4709 
9407 882 3740 4528 
9408 4380 2528 4660 
9409 3962 2681 4629 
9410 3659 2578 4647 
9411 985 988 4767 
9412 670 666 4812 
9413 2130 4164 4453 
9414 1481 1479 4376 
9415 3609 4341 4547 
9416 2127 1630 4853 
9417 4250 3487 4905 
9418 3723 4337 4496 
9419 768 766 4678 
9420 2979 4098 4466 
9421 207 206 4881 
9422 2140 2142 4737 
9423 4436 2580 4899 
9424 4255 1162 4515 
9425 2205 3838 4726 
9426 295 1339 4693 
9427 3984 4414 4711 
9428 1412 4441 4902 
9429 2598 4292 4637 
9430 4084 3140 4458 
9431 1120 3777 4803 
9432 4374 1182 4533 
9433 468 3933 4859 
9434 3975 706 4591 
9435 2555 4536 4574 
9436 4157 3185 4651 
9437 3171 2789 4670 
9438 2620 2275 4622 
9439 3700 4261 4571 
9440 2528 2526 4660 
9441 4100 2595 4699 
9442 4254 3860 4803 
9443 1479 1564 4376 
9444 1106 4370 4887 
9445 3325 3326 4719 
9446 4016 1914 4576 
9447 633 3994 4868 
9448 2693 2689 4691 
9449 2773 3987 4818 
9450 3976 2664 4653 
9451 4304 2106 4788 
9452 2794 2793 4833 
9453 4694 2736 4884 
9454 3378 3797 4801 
9455 4231 1053 4608 
9456 244 313 4790 
9457 3940 3855 4589 
9458 2200 4192 4707 
9459 4095 2865 4292 
9460 4218 2706 4485 
9461 1553 4067 4775 
9462 4528 3004 4866 
9463 1712 3856 4676 
9464 4221 1492 4906 
9465 4351 3702 4703 
9466 1621 4225 4805 
9467 2933 4498 4543 
9468 2745 4244 4831 
9469 1789 3973 4756 
9470 3597 4221 4906 
9471 2660 4690 4882 
9472 4315 3154 4784 
9473 4342 798 4686 
9474 4443 4252 4700 
9475 2664 2591 4751 
9476 4682 2140 4737 
9477 1053 1055 4608 
9478 3607 316 4634 
9479 4192 2838 4707 
9480 4108 3806 4824 
9481 2846 4254 4803 
9482 4275 2763 4681 
9483 1264 4057 4742 
9484 1077 4137 4495 
9485 2630 2629 4656 
9486 4490 1343 4560 
9487 779 3996 4555 
9488 4033 1642 4510 
9489 1246 4148 4786 
9490 3772 1388 4611 
9491 2768 2638 4687 
9492 4133 2979 4364 
9493 2618 2374 4789 
9494 4140 2815 4603 
9495 3045 4034 4510 
9496 2622 4176 4885 
9497 3847 3846 4802 
9498 3710 3228 4741 
9499 695 4464 4485 
9500 4020 4021 4655 
9501 4380 3073 4615 
9502 4286 3780 4769 
9503 1388 4290 4611 
9504 4291 2949 4913 
9505 2454 4005 4902 
9506 3705 4299 4903 
9507 2704 4083 4904 
9508 1345 3685 4631 
9509 3896 2384 4662 
9510 4623 207 4881 
9511 2386 4431 4650 
9512 4083 1537 4904 
9513 2747 4357 4755 
9514 2411 3888 4733 
9515 4335 1044 4796 
9516 3233 4109 4866 
9517 2620 4622 4672 
9518 3241 4262 4698 
9519 2670 2104 4804 
9520 4113 4112 4518 
9521 4161 1501 4824 
9522 1639 4385 4782 
9523 3275 4145 4595 
9524 3973 3133 4756 
9525 2312 3570 4813 
9526 4067 3132 4775 
9527 4093 4020 4655 
9528 3686 822 4624 
9529 4251 1404 4744 
9530 1483 1245 4754 
9531 284 865 4845 
9532 4340 1094 4605 
9533 3976 1037 4273 
9534 4147 4231 4608 
9535 3316 2315 4761 
9536 4460 2477 4865 
9537 3158 3159 4846 
9538 2658 2659 4890 
9539 3645 4541 4560 
9540 2862 3616 4503 
9541 3879 2723 4716 
9542 4388 3822 4489 
9543 3693 1345 4649 
9544 4608 1076 4862 
9545 4430 2773 4818 
9546 3421 2972 4735 
9547 2735 3661 4650 
9548 3956 538 4815 
9549 4389 3658 4903 
9550 3604 306 4697 
9551 2356 3984 4711 
9552 4536 2555 4684 
9553 4348 862 4513 
9554 3718 388 4787 
9555 2391 4472 4752 
9556 4402 1336 4855 
9557 4242 2431 4551 
9558 3480 2200 4707 
9559 2476 4460 4491 
9560 600 3810 4844 
9561 3998 2620 4672 
9562 4056 1333 4696 
9563 1996 2114 4772 
9564 4105 3816 4700 
9565 2008 2660 4882 
9566 2755 4402 4855 
9567 2251 3784 4644 
9568 319 3647 4738 
9569 2932 3269 4886 
9570 4183 3778 4641 
9571 3155 3924 4784 
9572 4309 2622 4885 
9573 4580 3169 4609 
9574 4448 2825 4517 
9575 4318 3028 4385 
9576 3960 1099 4525 
9577 2864 4401 4666 
9578 1537 3536 4904 
9579 4366 2166 4850 
9580 3867 1626 4911 
9581 2972 4328 4735 
9582 2793 4663 4833 
9583 3753 4373 4832 
9584 4538 2251 4644 
9585 3870 4180 4688 
9586 3802 1146 4648 
9587 2125 2898 4839 
9588 3780 4183 4769 
9589 4104 1177 4578 
9590 4097 2424 4579 
9591 2559 2557 4798 
9592 1387 3682 4718 
9593 2545 2538 4836 
9594 4636 1128 4729 
9595 2557 4574 4798 
9596 3702 3654 4703 
9597 1373 1639 4814 
9598 3880 1610 4800 
9599 3109 4256 4757 
9600 4452 2444 4505 
9601 3968 4308 4753 
9602 4370 2938 4887 
9603 2586 2619 4778 
9604 2898 4234 4839 
9605 4207 1956 4760 
9606 4229 600 4844 
9607 4112 4104 4518 
9608 3060 4248 4508 
9609 4541 319 4738 
9610 4515 3693 4649 
9611 1404 3942 4744 
9612 495 4182 4856 
9613 3797 969 4801 
9614 2543 4380 4615 
9615 2619 4533 4673 
9616 4227 4131 4602 
9617 4341 317 4596 
9618 2534 2532 4864 
9619 1730 4407 4898 
9620 3941 466 4692 
9621 3902 1372 4749 
9622 2632 3660 4709 
9623 2432 2373 4781 
9624 309 4480 4732 
9625 1035 3976 4653 
9626 307 3606 4797 
9627 4431 1031 4588 
9628 3099 4507 4654 
9629 4422 3273 4822 
9630 2970 4348 4513 
9631 4302 2348 4827 
9632 103 3813 4755 
9633 4003 2316 4807 
9634 4546 3940 4589 
9635 4291 2728 4717 
9636 4147 4608 4862 
9637 4414 2658 4711 
9638 1337 4162 4794 
9639 2345 4283 4723 
9640 1198 4418 4668 
9641 3810 4177 4844 
9642 798 3787 4686 
9643 4654 1137 4858 
9644 4355 917 4685 
9645 1626 3968 4753 
9646 2629 4537 4656 
9647 1182 4379 4713 
9648 3774 1353 4743 
9649 308 3611 4834 
9650 2661 4549 4705 
9651 4293 837 4434 
9652 4316 2728 4599 
9653 4677 1239 4900 
9654 1345 4631 4649 
9655 4163 2768 4728 
9656 4331 2751 4626 
9657 4835 2743 4840 
9658 2659 4272 4791 
9659 4423 2752 4828 
9660 3965 2753 4734 
9661 4215 2466 4661 
9662 3950 467 4777 
9663 3860 1120 4803 
9664 1095 4331 4626 
9665 3614 1621 4805 
9666 4355 3998 4672 
9667 4556 2885 4582 
9668 1353 3802 4783 
9669 3062 4602 4706 
9670 3662 1334 4821 
9671 4117 2928 4642 
9672 4059 2742 4897 
9673 3073 4380 4660 
9674 4099 633 4868 
9675 4131 1491 4602 
9676 1113 4388 4802 
9677 783 4059 4897 
9678 1626 4753 4911 
9679 4602 1491 4706 
9680 4254 2844 4601 
9681 1336 3759 4855 
9682 4256 2669 4757 
9683 4249 3965 4734 
9684 4316 2584 4758 
9685 4503 318 4883 
9686 4212 2380 4759 
9687 4646 2941 4756 
9688 4122 1264 4742 
9689 461 3935 4841 
9690 318 3903 4883 
9691 3537 4163 4728 
9692 917 4355 4672 
9693 4337 2916 4496 
9694 101 4342 4619 
9695 4125 1198 4668 
9696 4299 2882 4903 
9697 4648 3227 4783 
9698 4367 2525 4758 
9699 3658 3705 4903 
9700 4341 3644 4547 
9701 4051 101 4619 
9702 1278 4546 4589 
9703 862 4348 4724 
9704 3090 4326 4747 
9705 1491 4124 4706 
9706 3802 4648 4783 
9707 4286 3880 4800 
9708 1212 3898 4752 
9709 4308 3834 4753 
9710 2878 4294 4917 
9711 4373 2400 4832 
9712 2884 3949 4878 
9713 3073 4660 4842 
9714 4550 3169 4580 
9715 4354 3349 4632 
9716 4586 2624 4664 
9717 1146 3801 4874 
9718 2707 4174 4607 
9719 4700 3816 4880 
9720 4377 4031 4828 
9721 4277 922 4774 
9722 2765 4653 4751 
9723 2657 4209 4817 
9724 824 4459 4820 
9725 4556 1246 4786 
9726 4743 1353 4783 
9727 4518 4104 4578 
9728 3021 4390 4563 
9729 4031 1688 4828 
9730 1181 4263 4727 
9731 4648 1146 4874 
9732 3058 4212 4759 
9733 4574 3138 4798 
9734 4391 2657 4817 
9735 3503 4623 4881 
9736 3324 4518 4578 
9737 4462 4075 4628 
9738 4379 2856 4713 
9739 4536 3138 4574 
9740 2106 4158 4788 
9741 3846 1113 4802 
9742 4373 2820 4621 
9743 1492 4268 4906 
9744 1855 4081 4771 
9745 4036 1887 4832 
9746 2898 4219 4815 
9747 1708 4249 4734 
9748 3385 4286 4800 
9749 4466 1220 4819 
9750 1688 4423 4828 
9751 2780 4538 4644 
9752 2609 4492 4645 
9753 4441 2454 4902 
9754 2673 4207 4760 
9755 3800 2234 4715 
9756 741 4154 4762 
9757 2740 4099 4868 
9758 4594 2651 4895 
9759 4711 2658 4890 
9760 4551 2431 4647 
9761 3326 4683 4719 
9762 326 4586 4664 
9763 3044 4355 4685 
9764 4176 1484 4885 
9765 4476 3091 4657 
9766 1204 4266 4621 
9767 465 4303 4893 
9768 4407 2969 4898 
9769 4388 4327 4802 
9770 1501 4108 4824 
9771 2591 4451 4751 
9772 2959 4541 4738 
9773 4073 2585 4809 
9774 4318 1961 4905 
9775 3074 4439 4714 
9776 3178 4835 4840 
9777 1878 4073 4809 
9778 4187 2918 4806 
9779 2860 4388 4489 
9780 4588 1031 4731 
9781 3801 3565 4874 
9782 4631 2851 4649 
9783 3133 4646 4756 
9784 3552 4519 4701 
9785 3077 4503 4883 
9786 2896 4342 4686 
9787 3503 4572 4623 
9788 4228 2798 4779 
9789 4392 3311 4909 
9790 2569 4468 4842 
9791 2605 4700 4880 
9792 2619 4673 4778 
9793 1489 4130 4861 
9794 4602 3062 4823 
9795 3006 4392 4909 
9796 2705 4394 4884 
9797 4635 2762 4681 
9798 2467 4227 4823 
9799 4499 3416 4720 
9800 2949 4291 4717 
9801 312 4519 4860 
9802 3228 4643 4741 
9803 2752 4377 4828 
9804 2647 4386 4879 
9805 2819 4526 4739 
9806 4342 2896 4619 
9807 2605 4443 4700 
9808 3226 4648 4874 
9809 4710 841 4728 
9810 4385 3028 4792 
9811 2825 4448 4732 
9812 4480 2823 4732 
9813 4858 1137 4863 
9814 4673 3056 4778 
9815 2885 4556 4786 
9816 4695 3505 4853 
9817 2059 4694 4884 
9818 4683 1581 4719 
9819 882 4528 4866 
9820 4227 4602 4823 
9821 1558 4422 4822 
9822 2768 4710 4728 
9823 1185 4460 4865 
9824 1639 4782 4814 
9825 2776 4588 4731 
9826 1076 4582 4862 
9827 4526 2983 4739 
9828 3098 4858 4863 
9829 4621 2820 4837 
9830 3468 4636 4729 
9831 2867 4900 4901 
9832 1204 4621 4837 
9833 1312 4635 4681 
9834 4782 3211 4814 
9835 3445 4237 4871 
9836 3099 4654 4858 
9837 4900 1239 4901 
9838 2970 4677 4900 
$EndElements
